latitude,longitude,bright_ti4,scan,track,acq_date,acq_time,satellite,instrument,confidence,version,bright_ti5,frp,daynight,cluster,satellite_source
22.57472,70.22886,301.36,0.43,0.38,2024-01-17,2046,N21,VIIRS,n,2.0NRT,290.51,0.85,N,jamnagar,VIIRS_NOAA21_NRT
22.33588,69.86827,302.66,0.46,0.39,2024-01-21,2112,N21,VIIRS,n,2.0NRT,288.87,2.26,N,jamnagar,VIIRS_NOAA21_NRT
22.33821,69.85509,303.19,0.46,0.39,2024-01-21,2112,N21,VIIRS,n,2.0NRT,287.22,2.8,N,jamnagar,VIIRS_NOAA21_NRT
22.33513,69.86758,309.77,0.4,0.37,2024-01-22,2053,N21,VIIRS,n,2.0NRT,296.98,2.54,N,jamnagar,VIIRS_NOAA21_NRT
22.40527,70.03604,297.96,0.4,0.37,2024-01-22,2053,N21,VIIRS,n,2.0NRT,285.87,0.4,N,jamnagar,VIIRS_NOAA21_NRT
22.33468,69.86802,312.58,0.38,0.36,2024-01-27,2057,N21,VIIRS,n,2.0NRT,297.27,3.37,N,jamnagar,VIIRS_NOAA21_NRT
22.34027,69.85386,309.59,0.38,0.36,2024-01-27,2057,N21,VIIRS,n,2.0NRT,295.39,1.56,N,jamnagar,VIIRS_NOAA21_NRT
22.40093,70.20692,338.34,0.51,0.41,2024-01-28,811,N21,VIIRS,n,2.0NRT,301.42,5.23,D,jamnagar,VIIRS_NOAA21_NRT
22.33781,69.85523,298.13,0.35,0.57,2024-01-29,2021,N21,VIIRS,n,2.0NRT,281.81,1.82,N,jamnagar,VIIRS_NOAA21_NRT
22.33552,69.86745,309.23,0.4,0.37,2024-02-01,2103,N21,VIIRS,n,2.0NRT,296.43,2.71,N,jamnagar,VIIRS_NOAA21_NRT
22.33482,69.86697,301.81,0.57,0.69,2024-02-04,2008,N21,VIIRS,n,2.0NRT,291.53,2.63,N,jamnagar,VIIRS_NOAA21_NRT
22.26617,70.25596,340.53,0.48,0.4,2024-02-06,841,N21,VIIRS,n,2.0NRT,307.21,4.26,D,jamnagar,VIIRS_NOAA21_NRT
22.29241,70.215,338.29,0.39,0.36,2024-02-07,824,N21,VIIRS,n,2.0NRT,304.95,3.71,D,jamnagar,VIIRS_NOAA21_NRT
22.30672,70.25389,331.02,0.42,0.45,2024-02-08,805,N21,VIIRS,n,2.0NRT,292.38,3.28,D,jamnagar,VIIRS_NOAA21_NRT
22.32175,69.87984,302.12,0.45,0.47,2024-02-08,2033,N21,VIIRS,n,2.0NRT,285.72,1.1,N,jamnagar,VIIRS_NOAA21_NRT
22.36818,69.84513,336.64,0.45,0.47,2024-02-08,2033,N21,VIIRS,n,2.0NRT,282.96,4.45,N,jamnagar,VIIRS_NOAA21_NRT
22.36867,69.8408,308.53,0.45,0.47,2024-02-08,2033,N21,VIIRS,n,2.0NRT,281.67,4.45,N,jamnagar,VIIRS_NOAA21_NRT
22.36959,69.84222,338.28,0.45,0.47,2024-02-08,2033,N21,VIIRS,n,2.0NRT,286.92,8.94,N,jamnagar,VIIRS_NOAA21_NRT
22.32258,69.87849,310.75,0.45,0.63,2024-02-09,2014,N21,VIIRS,n,2.0NRT,289.34,2.54,N,jamnagar,VIIRS_NOAA21_NRT
22.3191,69.88147,297.61,0.71,0.75,2024-02-09,2154,N21,VIIRS,n,2.0NRT,286.93,2.28,N,jamnagar,VIIRS_NOAA21_NRT
22.26368,70.25771,330.66,0.39,0.59,2024-02-10,909,N21,VIIRS,l,2.0NRT,303.99,2.24,D,jamnagar,VIIRS_NOAA21_NRT
22.26706,70.25746,331.82,0.39,0.59,2024-02-10,909,N21,VIIRS,n,2.0NRT,305.14,1.8,D,jamnagar,VIIRS_NOAA21_NRT
22.31969,69.88351,312.66,0.35,0.57,2024-02-10,2135,N21,VIIRS,n,2.0NRT,289.73,1.6,N,jamnagar,VIIRS_NOAA21_NRT
22.32139,69.88319,317.16,0.35,0.57,2024-02-10,2135,N21,VIIRS,n,2.0NRT,290.03,1.82,N,jamnagar,VIIRS_NOAA21_NRT
22.33823,69.85574,305.89,0.35,0.57,2024-02-10,2135,N21,VIIRS,n,2.0NRT,295.33,3.07,N,jamnagar,VIIRS_NOAA21_NRT
22.32313,69.88324,336.64,0.55,0.43,2024-02-11,847,N21,VIIRS,n,2.0NRT,309.62,3.65,D,jamnagar,VIIRS_NOAA21_NRT
22.40177,70.26519,338.53,0.39,0.44,2024-02-11,847,N21,VIIRS,n,2.0NRT,309.28,4.07,D,jamnagar,VIIRS_NOAA21_NRT
22.32139,69.88075,336.04,0.54,0.42,2024-02-11,2118,N21,VIIRS,n,2.0NRT,280.85,6.84,N,jamnagar,VIIRS_NOAA21_NRT
22.3213,69.88052,314.75,0.36,0.57,2024-02-14,2021,N21,VIIRS,n,2.0NRT,291.0,2.27,N,jamnagar,VIIRS_NOAA21_NRT
22.3214,69.88082,302.45,0.36,0.57,2024-02-14,2021,N21,VIIRS,n,2.0NRT,290.5,1.81,N,jamnagar,VIIRS_NOAA21_NRT
22.32165,69.8771,321.73,0.36,0.57,2024-02-14,2021,N21,VIIRS,n,2.0NRT,290.78,2.27,N,jamnagar,VIIRS_NOAA21_NRT
22.32172,69.87738,324.19,0.36,0.57,2024-02-14,2021,N21,VIIRS,n,2.0NRT,290.92,1.81,N,jamnagar,VIIRS_NOAA21_NRT
22.43263,69.83253,299.83,0.36,0.58,2024-02-14,2021,N21,VIIRS,n,2.0NRT,289.2,0.79,N,jamnagar,VIIRS_NOAA21_NRT
22.32193,69.87608,322.85,0.73,0.76,2024-02-15,2001,N21,VIIRS,n,2.0NRT,292.33,5.71,N,jamnagar,VIIRS_NOAA21_NRT
22.32301,69.87685,320.75,0.73,0.76,2024-02-15,2001,N21,VIIRS,n,2.0NRT,292.11,6.42,N,jamnagar,VIIRS_NOAA21_NRT
22.32349,69.88464,302.88,0.45,0.63,2024-02-15,2142,N21,VIIRS,n,2.0NRT,291.61,1.08,N,jamnagar,VIIRS_NOAA21_NRT
22.32011,69.88168,299.46,0.45,0.47,2024-02-16,2125,N21,VIIRS,n,2.0NRT,289.21,1.4,N,jamnagar,VIIRS_NOAA21_NRT
22.33847,69.85487,306.79,0.44,0.46,2024-02-16,2125,N21,VIIRS,n,2.0NRT,295.98,2.2,N,jamnagar,VIIRS_NOAA21_NRT
22.32107,69.88248,313.66,0.4,0.37,2024-02-17,2103,N21,VIIRS,n,2.0NRT,294.57,1.12,N,jamnagar,VIIRS_NOAA21_NRT
22.33958,69.85426,310.86,0.4,0.37,2024-02-17,2103,N21,VIIRS,n,2.0NRT,298.89,2.22,N,jamnagar,VIIRS_NOAA21_NRT
22.37716,70.04816,338.2,0.44,0.38,2024-02-18,817,N21,VIIRS,n,2.0NRT,312.69,3.24,D,jamnagar,VIIRS_NOAA21_NRT
22.33458,69.86736,306.17,0.45,0.39,2024-02-18,2046,N21,VIIRS,n,2.0NRT,294.82,2.51,N,jamnagar,VIIRS_NOAA21_NRT
22.33993,69.85483,306.25,0.45,0.39,2024-02-18,2046,N21,VIIRS,n,2.0NRT,294.46,1.75,N,jamnagar,VIIRS_NOAA21_NRT
22.32156,69.88788,344.66,0.55,0.51,2024-02-19,758,N21,VIIRS,n,2.0NRT,296.36,18.54,D,jamnagar,VIIRS_NOAA21_NRT
22.28884,70.22568,340.95,0.39,0.36,2024-02-23,824,N21,VIIRS,l,2.0NRT,315.94,4.11,D,jamnagar,VIIRS_NOAA21_NRT
22.29276,70.22884,354.97,0.39,0.36,2024-02-23,824,N21,VIIRS,n,2.0NRT,314.63,6.86,D,jamnagar,VIIRS_NOAA21_NRT
22.3361,69.86774,309.92,0.4,0.37,2024-02-23,2053,N21,VIIRS,n,2.0NRT,297.98,2.68,N,jamnagar,VIIRS_NOAA21_NRT
22.3378,69.85617,308.97,0.4,0.37,2024-02-23,2053,N21,VIIRS,n,2.0NRT,297.52,3.3,N,jamnagar,VIIRS_NOAA21_NRT
22.57463,70.22853,308.47,0.39,0.37,2024-02-23,2053,N21,VIIRS,n,2.0NRT,287.21,0.72,N,jamnagar,VIIRS_NOAA21_NRT
22.33453,69.86755,308.98,0.46,0.39,2024-03-09,2112,N21,VIIRS,n,2.0NRT,297.97,2.97,N,jamnagar,VIIRS_NOAA21_NRT
22.3404,69.85513,307.74,0.46,0.39,2024-03-09,2112,N21,VIIRS,n,2.0NRT,295.96,3.29,N,jamnagar,VIIRS_NOAA21_NRT
22.33495,69.8693,307.82,0.4,0.37,2024-03-10,2053,N21,VIIRS,n,2.0NRT,297.63,3.37,N,jamnagar,VIIRS_NOAA21_NRT
22.34056,69.85452,308.12,0.4,0.37,2024-03-10,2053,N21,VIIRS,n,2.0NRT,296.17,1.51,N,jamnagar,VIIRS_NOAA21_NRT
22.36481,69.93446,330.58,0.77,0.77,2024-03-12,928,N21,VIIRS,l,2.0NRT,303.93,6.43,D,jamnagar,VIIRS_NOAA21_NRT
22.28065,69.9313,339.39,0.37,0.58,2024-03-13,907,N21,VIIRS,l,2.0NRT,311.12,3.37,D,jamnagar,VIIRS_NOAA21_NRT
22.33848,69.85483,315.42,0.38,0.36,2024-03-15,2057,N21,VIIRS,n,2.0NRT,300.64,3.57,N,jamnagar,VIIRS_NOAA21_NRT
22.54492,70.21075,343.68,0.32,0.55,2024-03-17,752,N21,VIIRS,l,2.0NRT,314.64,4.17,D,jamnagar,VIIRS_NOAA21_NRT
22.54611,70.21026,339.81,0.32,0.55,2024-03-17,752,N21,VIIRS,l,2.0NRT,314.4,2.84,D,jamnagar,VIIRS_NOAA21_NRT
22.20739,70.25624,338.51,0.65,0.73,2024-03-18,733,N21,VIIRS,n,2.0NRT,312.21,7.34,D,jamnagar,VIIRS_NOAA21_NRT
22.2125,70.25433,338.46,0.65,0.73,2024-03-18,733,N21,VIIRS,n,2.0NRT,312.8,7.55,D,jamnagar,VIIRS_NOAA21_NRT
22.36656,69.93098,353.86,0.48,0.64,2024-03-18,913,N21,VIIRS,n,2.0NRT,314.76,6.34,D,jamnagar,VIIRS_NOAA21_NRT
22.35038,69.94054,298.68,0.46,0.63,2024-03-18,2144,N21,VIIRS,n,2.0NRT,288.01,0.74,N,jamnagar,VIIRS_NOAA21_NRT
22.21297,70.16289,349.6,0.41,0.37,2024-03-20,837,N21,VIIRS,l,2.0NRT,323.35,12.75,D,jamnagar,VIIRS_NOAA21_NRT
22.31848,70.00185,348.21,0.53,0.5,2024-03-22,801,N21,VIIRS,n,2.0NRT,319.3,16.94,D,jamnagar,VIIRS_NOAA21_NRT
22.34951,70.05142,336.85,0.62,0.71,2024-03-23,922,N21,VIIRS,n,2.0NRT,288.11,5.33,D,jamnagar,VIIRS_NOAA21_NRT
22.53314,70.21236,343.43,0.62,0.54,2024-03-24,902,N21,VIIRS,l,2.0NRT,313.94,7.41,D,jamnagar,VIIRS_NOAA21_NRT
22.25227,70.02267,341.79,0.47,0.4,2024-03-25,843,N21,VIIRS,l,2.0NRT,315.74,8.75,D,jamnagar,VIIRS_NOAA21_NRT
22.20041,70.10086,343.25,0.42,0.45,2024-03-27,805,N21,VIIRS,n,2.0NRT,311.24,6.45,D,jamnagar,VIIRS_NOAA21_NRT
22.20148,70.09972,343.81,0.42,0.45,2024-03-27,805,N21,VIIRS,n,2.0NRT,311.63,4.39,D,jamnagar,VIIRS_NOAA21_NRT
22.34209,70.26624,338.2,0.41,0.45,2024-03-27,805,N21,VIIRS,l,2.0NRT,312.03,5.17,D,jamnagar,VIIRS_NOAA21_NRT
22.39915,70.03585,337.16,0.78,0.78,2024-03-28,928,N21,VIIRS,n,2.0NRT,300.59,7.17,D,jamnagar,VIIRS_NOAA21_NRT
22.40273,70.03674,335.55,0.78,0.78,2024-03-28,928,N21,VIIRS,n,2.0NRT,299.94,7.5,D,jamnagar,VIIRS_NOAA21_NRT
22.21395,70.08104,338.42,0.38,0.59,2024-03-29,907,N21,VIIRS,l,2.0NRT,308.94,2.71,D,jamnagar,VIIRS_NOAA21_NRT
22.45336,70.02015,341.98,0.38,0.43,2024-03-30,850,N21,VIIRS,n,2.0NRT,311.18,3.37,D,jamnagar,VIIRS_NOAA21_NRT
22.25309,70.26323,346.57,0.39,0.36,2024-03-31,830,N21,VIIRS,l,2.0NRT,320.57,12.28,D,jamnagar,VIIRS_NOAA21_NRT
22.33666,69.86721,304.11,0.38,0.36,2024-03-31,2059,N21,VIIRS,n,2.0NRT,289.09,1.24,N,jamnagar,VIIRS_NOAA21_NRT
22.3384,69.85613,304.3,0.38,0.36,2024-03-31,2059,N21,VIIRS,n,2.0NRT,289.76,0.87,N,jamnagar,VIIRS_NOAA21_NRT
22.34323,69.8684,297.69,0.38,0.36,2024-03-31,2059,N21,VIIRS,n,2.0NRT,283.66,0.1,N,jamnagar,VIIRS_NOAA21_NRT
22.43057,69.83497,302.84,0.38,0.36,2024-03-31,2059,N21,VIIRS,n,2.0NRT,290.67,0.26,N,jamnagar,VIIRS_NOAA21_NRT
22.57263,70.22926,308.38,0.39,0.36,2024-03-31,2059,N21,VIIRS,n,2.0NRT,293.61,0.89,N,jamnagar,VIIRS_NOAA21_NRT
22.21699,70.12606,337.5,0.33,0.55,2024-04-02,754,N21,VIIRS,n,2.0NRT,297.17,4.34,D,jamnagar,VIIRS_NOAA21_NRT
22.26846,70.17193,337.96,0.33,0.55,2024-04-02,754,N21,VIIRS,n,2.0NRT,297.6,3.08,D,jamnagar,VIIRS_NOAA21_NRT
22.2865,70.05986,367.0,0.33,0.55,2024-04-02,754,N21,VIIRS,h,2.0NRT,305.4,7.12,D,jamnagar,VIIRS_NOAA21_NRT
22.2865,70.06055,350.54,0.33,0.55,2024-04-02,754,N21,VIIRS,n,2.0NRT,305.05,3.71,D,jamnagar,VIIRS_NOAA21_NRT
22.29148,70.05936,339.41,0.33,0.55,2024-04-02,754,N21,VIIRS,n,2.0NRT,300.12,3.71,D,jamnagar,VIIRS_NOAA21_NRT
22.40185,70.19467,337.03,0.65,0.73,2024-04-03,733,N21,VIIRS,n,2.0NRT,301.31,7.4,D,jamnagar,VIIRS_NOAA21_NRT
22.40336,70.20073,330.23,0.64,0.72,2024-04-03,733,N21,VIIRS,l,2.0NRT,303.41,7.4,D,jamnagar,VIIRS_NOAA21_NRT
22.20659,69.93524,337.07,0.48,0.65,2024-04-03,913,N21,VIIRS,l,2.0NRT,307.53,2.16,D,jamnagar,VIIRS_NOAA21_NRT
22.20812,69.93401,335.37,0.48,0.64,2024-04-03,913,N21,VIIRS,l,2.0NRT,307.26,2.26,D,jamnagar,VIIRS_NOAA21_NRT
22.26921,70.18512,332.58,0.5,0.66,2024-04-03,913,N21,VIIRS,l,2.0NRT,306.75,3.23,D,jamnagar,VIIRS_NOAA21_NRT
22.32876,70.10271,340.12,0.49,0.65,2024-04-03,913,N21,VIIRS,n,2.0NRT,305.55,3.78,D,jamnagar,VIIRS_NOAA21_NRT
22.33162,70.10203,339.78,0.49,0.65,2024-04-03,913,N21,VIIRS,n,2.0NRT,306.07,2.23,D,jamnagar,VIIRS_NOAA21_NRT
22.39151,70.09628,349.95,0.49,0.65,2024-04-03,913,N21,VIIRS,n,2.0NRT,306.5,4.67,D,jamnagar,VIIRS_NOAA21_NRT
22.32972,70.08623,336.76,0.41,0.37,2024-04-05,837,N21,VIIRS,n,2.0NRT,298.41,2.99,D,jamnagar,VIIRS_NOAA21_NRT
22.56005,70.2627,341.25,0.5,0.66,2024-04-08,739,N21,VIIRS,n,2.0NRT,310.99,3.53,D,jamnagar,VIIRS_NOAA21_NRT
22.48466,70.03506,337.23,0.62,0.71,2024-04-08,922,N21,VIIRS,l,2.0NRT,307.42,5.52,D,jamnagar,VIIRS_NOAA21_NRT
22.29297,69.98158,347.68,0.47,0.4,2024-04-10,843,N21,VIIRS,n,2.0NRT,314.65,14.63,D,jamnagar,VIIRS_NOAA21_NRT
22.33916,69.85577,310.12,0.4,0.37,2024-04-11,2053,N21,VIIRS,n,2.0NRT,298.8,1.65,N,jamnagar,VIIRS_NOAA21_NRT
22.25673,70.01974,337.95,0.42,0.45,2024-04-12,805,N21,VIIRS,l,2.0NRT,310.71,7.89,D,jamnagar,VIIRS_NOAA21_NRT
22.25806,70.01876,341.59,0.42,0.45,2024-04-12,805,N21,VIIRS,n,2.0NRT,311.13,9.25,D,jamnagar,VIIRS_NOAA21_NRT
22.32974,70.13244,336.6,0.41,0.45,2024-04-12,805,N21,VIIRS,l,2.0NRT,310.21,7.95,D,jamnagar,VIIRS_NOAA21_NRT
22.32623,70.0185,332.39,0.42,0.61,2024-04-13,746,N21,VIIRS,n,2.0NRT,298.8,1.67,D,jamnagar,VIIRS_NOAA21_NRT
22.59,70.25755,344.9,0.4,0.44,2024-04-15,850,N21,VIIRS,n,2.0NRT,312.48,11.03,D,jamnagar,VIIRS_NOAA21_NRT
22.33646,69.8671,312.75,0.38,0.36,2024-04-16,2059,N21,VIIRS,n,2.0NRT,300.79,3.11,N,jamnagar,VIIRS_NOAA21_NRT
22.33821,69.85603,311.89,0.38,0.36,2024-04-16,2059,N21,VIIRS,n,2.0NRT,301.18,2.54,N,jamnagar,VIIRS_NOAA21_NRT
22.29408,70.20144,345.63,0.51,0.41,2024-04-17,811,N21,VIIRS,l,2.0NRT,316.61,19.15,D,jamnagar,VIIRS_NOAA21_NRT
22.31694,69.8608,330.14,0.53,0.42,2024-04-17,2040,N21,VIIRS,n,2.0NRT,299.1,3.62,N,jamnagar,VIIRS_NOAA21_NRT
22.38246,69.93834,338.09,0.34,0.56,2024-04-18,754,N21,VIIRS,n,2.0NRT,308.44,2.09,D,jamnagar,VIIRS_NOAA21_NRT
22.43328,70.03096,343.58,0.33,0.55,2024-04-18,754,N21,VIIRS,n,2.0NRT,308.34,4.25,D,jamnagar,VIIRS_NOAA21_NRT
22.46965,69.95609,351.83,0.33,0.56,2024-04-18,754,N21,VIIRS,n,2.0NRT,309.91,4.96,D,jamnagar,VIIRS_NOAA21_NRT
22.33456,69.8532,295.99,0.72,0.75,2024-04-19,2002,N21,VIIRS,n,2.0NRT,282.85,2.22,N,jamnagar,VIIRS_NOAA21_NRT
22.49562,70.03041,343.38,0.41,0.37,2024-04-21,837,N21,VIIRS,l,2.0NRT,317.82,11.68,D,jamnagar,VIIRS_NOAA21_NRT
22.55341,70.26771,344.73,0.42,0.38,2024-04-21,837,N21,VIIRS,n,2.0NRT,318.25,16.42,D,jamnagar,VIIRS_NOAA21_NRT
22.33838,69.85474,311.81,0.4,0.37,2024-04-21,2106,N21,VIIRS,n,2.0NRT,301.15,3.1,N,jamnagar,VIIRS_NOAA21_NRT
22.36475,70.19473,347.45,0.43,0.38,2024-04-22,818,N21,VIIRS,n,2.0NRT,316.97,9.76,D,jamnagar,VIIRS_NOAA21_NRT
22.57557,70.22807,307.39,0.43,0.38,2024-04-22,2046,N21,VIIRS,n,2.0NRT,296.24,1.35,N,jamnagar,VIIRS_NOAA21_NRT
22.36592,70.22326,340.22,0.62,0.54,2024-04-25,902,N21,VIIRS,n,2.0NRT,308.98,12.73,D,jamnagar,VIIRS_NOAA21_NRT
22.36769,70.22169,342.88,0.62,0.54,2024-04-25,902,N21,VIIRS,n,2.0NRT,307.38,5.9,D,jamnagar,VIIRS_NOAA21_NRT
22.33489,69.86836,302.83,0.44,0.46,2024-04-28,2034,N21,VIIRS,n,2.0NRT,291.66,2.24,N,jamnagar,VIIRS_NOAA21_NRT
22.27613,70.29829,353.43,0.39,0.6,2024-04-30,907,N21,VIIRS,n,2.0NRT,317.22,13.15,D,jamnagar,VIIRS_NOAA21_NRT
22.27715,70.298,353.04,0.39,0.6,2024-04-30,907,N21,VIIRS,n,2.0NRT,316.84,13.12,D,jamnagar,VIIRS_NOAA21_NRT
22.33913,69.85586,311.96,0.38,0.36,2024-05-02,2059,N21,VIIRS,n,2.0NRT,300.95,4.75,N,jamnagar,VIIRS_NOAA21_NRT
22.46565,70.14216,333.3,0.33,0.55,2024-05-04,754,N21,VIIRS,n,2.0NRT,301.12,1.8,D,jamnagar,VIIRS_NOAA21_NRT
22.33968,69.86713,307.07,0.45,0.63,2024-05-05,2144,N21,VIIRS,n,2.0NRT,296.99,3.54,N,jamnagar,VIIRS_NOAA21_NRT
22.33481,69.867,312.2,0.4,0.37,2024-05-07,2106,N21,VIIRS,n,2.0NRT,300.94,2.82,N,jamnagar,VIIRS_NOAA21_NRT
22.34008,69.85606,310.28,0.4,0.37,2024-05-07,2106,N21,VIIRS,n,2.0NRT,300.24,1.29,N,jamnagar,VIIRS_NOAA21_NRT
22.25014,70.09785,343.54,0.44,0.38,2024-05-08,818,N21,VIIRS,l,2.0NRT,310.49,13.3,D,jamnagar,VIIRS_NOAA21_NRT
22.4369,69.8532,314.54,0.56,0.52,2024-05-09,2027,N21,VIIRS,n,2.0NRT,296.66,1.74,N,jamnagar,VIIRS_NOAA21_NRT
22.26911,69.82388,335.86,0.59,0.7,2024-05-10,922,N21,VIIRS,n,2.0NRT,302.2,7.26,D,jamnagar,VIIRS_NOAA21_NRT
22.44139,69.85273,330.43,0.59,0.7,2024-05-10,922,N21,VIIRS,n,2.0NRT,297.44,5.86,D,jamnagar,VIIRS_NOAA21_NRT
22.43597,69.85391,316.68,0.56,0.69,2024-05-10,2150,N21,VIIRS,n,2.0NRT,296.45,3.83,N,jamnagar,VIIRS_NOAA21_NRT
22.44042,69.85123,320.48,0.56,0.51,2024-05-11,2129,N21,VIIRS,n,2.0NRT,297.88,1.62,N,jamnagar,VIIRS_NOAA21_NRT
22.45015,70.09676,332.91,0.42,0.61,2024-05-15,746,N21,VIIRS,n,2.0NRT,301.06,2.41,D,jamnagar,VIIRS_NOAA21_NRT
22.33622,69.86855,313.58,0.38,0.36,2024-05-18,2057,N21,VIIRS,n,2.0NRT,299.46,4.79,N,jamnagar,VIIRS_NOAA21_NRT
22.33853,69.85379,312.05,0.38,0.36,2024-05-18,2057,N21,VIIRS,n,2.0NRT,299.46,3.73,N,jamnagar,VIIRS_NOAA21_NRT
22.26619,70.25795,334.68,0.33,0.55,2024-05-20,752,N21,VIIRS,l,2.0NRT,308.42,0.97,D,jamnagar,VIIRS_NOAA21_NRT
22.48727,70.09623,321.16,0.35,0.57,2024-05-20,2021,N21,VIIRS,n,2.0NRT,297.32,1.7,N,jamnagar,VIIRS_NOAA21_NRT
22.34103,69.88425,311.12,0.74,0.76,2024-05-21,2002,N21,VIIRS,n,2.0NRT,297.04,13.12,N,jamnagar,VIIRS_NOAA21_NRT
22.34149,69.87724,347.44,0.74,0.76,2024-05-21,2002,N21,VIIRS,n,2.0NRT,299.44,28.45,N,jamnagar,VIIRS_NOAA21_NRT
22.34196,69.87019,351.55,0.74,0.76,2024-05-21,2002,N21,VIIRS,n,2.0NRT,297.25,28.45,N,jamnagar,VIIRS_NOAA21_NRT
22.34239,69.88111,328.93,0.73,0.76,2024-05-21,2002,N21,VIIRS,n,2.0NRT,297.74,38.8,N,jamnagar,VIIRS_NOAA21_NRT
22.34289,69.87408,367.0,0.74,0.76,2024-05-21,2002,N21,VIIRS,h,2.0NRT,299.97,38.8,N,jamnagar,VIIRS_NOAA21_NRT
22.34339,69.86707,306.99,0.74,0.76,2024-05-21,2002,N21,VIIRS,n,2.0NRT,296.51,25.97,N,jamnagar,VIIRS_NOAA21_NRT
22.3485,69.87767,306.79,0.74,0.76,2024-05-21,2002,N21,VIIRS,n,2.0NRT,296.75,28.45,N,jamnagar,VIIRS_NOAA21_NRT
22.33796,69.88534,317.84,0.44,0.63,2024-05-21,2142,N21,VIIRS,n,2.0NRT,298.67,7.19,N,jamnagar,VIIRS_NOAA21_NRT
22.33892,69.88113,367.0,0.44,0.63,2024-05-21,2142,N21,VIIRS,h,2.0NRT,300.24,7.19,N,jamnagar,VIIRS_NOAA21_NRT
22.33988,69.87693,318.25,0.44,0.63,2024-05-21,2142,N21,VIIRS,n,2.0NRT,298.38,7.11,N,jamnagar,VIIRS_NOAA21_NRT
22.34353,69.88694,324.99,0.44,0.63,2024-05-21,2142,N21,VIIRS,n,2.0NRT,298.15,37.21,N,jamnagar,VIIRS_NOAA21_NRT
22.34449,69.88273,367.0,0.44,0.63,2024-05-21,2142,N21,VIIRS,h,2.0NRT,303.79,37.21,N,jamnagar,VIIRS_NOAA21_NRT
22.34544,69.87855,323.0,0.44,0.63,2024-05-21,2142,N21,VIIRS,n,2.0NRT,298.73,27.24,N,jamnagar,VIIRS_NOAA21_NRT
22.33572,69.86784,314.55,0.4,0.37,2024-05-23,2106,N21,VIIRS,n,2.0NRT,304.14,2.75,N,jamnagar,VIIRS_NOAA21_NRT
22.31506,69.86189,313.06,0.57,0.52,2024-05-25,2027,N21,VIIRS,n,2.0NRT,297.89,2.54,N,jamnagar,VIIRS_NOAA21_NRT
22.31566,69.85639,308.75,0.57,0.52,2024-05-25,2027,N21,VIIRS,n,2.0NRT,297.47,2.54,N,jamnagar,VIIRS_NOAA21_NRT
22.34184,69.86917,343.89,0.54,0.42,2024-06-02,2118,N21,VIIRS,n,2.0NRT,298.59,16.51,N,jamnagar,VIIRS_NOAA21_NRT
22.33969,69.8552,315.35,0.38,0.36,2024-06-03,2059,N21,VIIRS,n,2.0NRT,303.39,2.98,N,jamnagar,VIIRS_NOAA21_NRT
22.44863,70.01355,310.32,0.53,0.42,2024-06-04,2040,N21,VIIRS,n,2.0NRT,298.46,0.94,N,jamnagar,VIIRS_NOAA21_NRT
22.25706,70.11945,332.38,0.67,0.73,2024-06-06,733,N21,VIIRS,n,2.0NRT,298.28,7.83,D,jamnagar,VIIRS_NOAA21_NRT
22.32051,69.88264,313.15,0.45,0.63,2024-06-06,2144,N21,VIIRS,n,2.0NRT,295.92,4.58,N,jamnagar,VIIRS_NOAA21_NRT
22.33812,69.85617,306.05,0.45,0.39,2024-06-09,2046,N21,VIIRS,n,2.0NRT,288.88,3.05,N,jamnagar,VIIRS_NOAA21_NRT
22.33902,69.85352,305.51,0.45,0.39,2024-06-09,2046,N21,VIIRS,n,2.0NRT,289.4,2.87,N,jamnagar,VIIRS_NOAA21_NRT
22.31191,69.85419,312.73,0.57,0.69,2024-06-11,2010,N21,VIIRS,n,2.0NRT,296.11,5.22,N,jamnagar,VIIRS_NOAA21_NRT
22.316,69.85362,310.84,0.57,0.69,2024-06-11,2010,N21,VIIRS,n,2.0NRT,296.22,5.36,N,jamnagar,VIIRS_NOAA21_NRT
22.33404,69.86903,311.39,0.46,0.39,2024-06-13,2112,N21,VIIRS,n,2.0NRT,300.39,5.45,N,jamnagar,VIIRS_NOAA21_NRT
22.3352,69.86602,310.98,0.4,0.37,2024-06-14,2055,N21,VIIRS,n,2.0NRT,298.54,5.2,N,jamnagar,VIIRS_NOAA21_NRT
22.34025,69.85504,312.29,0.4,0.37,2024-06-14,2055,N21,VIIRS,n,2.0NRT,299.14,4.5,N,jamnagar,VIIRS_NOAA21_NRT
22.43099,69.92185,332.46,0.43,0.46,2024-06-15,805,N21,VIIRS,n,2.0NRT,299.88,1.63,D,jamnagar,VIIRS_NOAA21_NRT
22.33476,69.86745,305.93,0.36,0.57,2024-06-17,2138,N21,VIIRS,n,2.0NRT,289.68,3.5,N,jamnagar,VIIRS_NOAA21_NRT
22.33768,69.85397,308.22,0.36,0.57,2024-06-17,2138,N21,VIIRS,n,2.0NRT,290.44,3.66,N,jamnagar,VIIRS_NOAA21_NRT
22.33552,69.86884,312.4,0.38,0.36,2024-06-19,2059,N21,VIIRS,n,2.0NRT,296.24,1.9,N,jamnagar,VIIRS_NOAA21_NRT
22.33784,69.8541,311.67,0.38,0.36,2024-06-19,2059,N21,VIIRS,n,2.0NRT,296.61,2.41,N,jamnagar,VIIRS_NOAA21_NRT
22.32173,69.8831,331.62,0.46,0.47,2024-06-23,856,N21,VIIRS,n,2.0NRT,297.43,2.16,D,jamnagar,VIIRS_NOAA21_NRT
22.33905,69.88082,334.5,0.46,0.47,2024-06-23,856,N21,VIIRS,n,2.0NRT,298.36,2.75,D,jamnagar,VIIRS_NOAA21_NRT
22.33958,69.88531,332.09,0.46,0.47,2024-06-23,856,N21,VIIRS,n,2.0NRT,298.54,2.75,D,jamnagar,VIIRS_NOAA21_NRT
22.34053,69.87745,337.45,0.46,0.47,2024-06-23,856,N21,VIIRS,n,2.0NRT,299.34,5.09,D,jamnagar,VIIRS_NOAA21_NRT
22.34152,69.88644,337.08,0.46,0.47,2024-06-23,856,N21,VIIRS,n,2.0NRT,299.17,122.53,D,jamnagar,VIIRS_NOAA21_NRT
22.34286,69.87579,332.28,0.46,0.47,2024-06-23,856,N21,VIIRS,n,2.0NRT,298.87,5.36,D,jamnagar,VIIRS_NOAA21_NRT
22.34391,69.88475,350.63,0.46,0.47,2024-06-23,856,N21,VIIRS,n,2.0NRT,301.26,61.08,D,jamnagar,VIIRS_NOAA21_NRT
22.34486,69.8769,336.03,0.46,0.47,2024-06-23,856,N21,VIIRS,n,2.0NRT,299.27,5.87,D,jamnagar,VIIRS_NOAA21_NRT
22.34536,69.88139,355.14,0.46,0.47,2024-06-23,856,N21,VIIRS,n,2.0NRT,301.34,13.25,D,jamnagar,VIIRS_NOAA21_NRT
22.34585,69.88586,338.34,0.46,0.47,2024-06-23,856,N21,VIIRS,n,2.0NRT,299.78,13.25,D,jamnagar,VIIRS_NOAA21_NRT
22.34772,69.87971,335.11,0.46,0.47,2024-06-23,856,N21,VIIRS,n,2.0NRT,300.13,61.08,D,jamnagar,VIIRS_NOAA21_NRT
22.34824,69.88419,334.57,0.46,0.47,2024-06-23,856,N21,VIIRS,n,2.0NRT,300.47,61.08,D,jamnagar,VIIRS_NOAA21_NRT
22.33877,69.85458,307.84,0.4,0.37,2024-06-30,2055,N21,VIIRS,n,2.0NRT,287.63,1.8,N,jamnagar,VIIRS_NOAA21_NRT
22.33429,69.86685,307.39,0.4,0.37,2024-07-10,2106,N21,VIIRS,n,2.0NRT,292.85,3.14,N,jamnagar,VIIRS_NOAA21_NRT
22.33958,69.85588,309.43,0.4,0.37,2024-07-10,2106,N21,VIIRS,n,2.0NRT,292.86,3.16,N,jamnagar,VIIRS_NOAA21_NRT
22.33909,69.8543,307.35,0.4,0.37,2024-08-17,2053,N21,VIIRS,n,2.0NRT,289.49,1.48,N,jamnagar,VIIRS_NOAA21_NRT
22.33485,69.86749,303.74,0.36,0.57,2024-08-20,2138,N21,VIIRS,n,2.0NRT,287.93,1.73,N,jamnagar,VIIRS_NOAA21_NRT
22.33779,69.85403,306.65,0.36,0.57,2024-08-20,2138,N21,VIIRS,n,2.0NRT,289.21,2.77,N,jamnagar,VIIRS_NOAA21_NRT
22.33828,69.85526,310.33,0.38,0.36,2024-08-22,2059,N21,VIIRS,n,2.0NRT,288.79,2.66,N,jamnagar,VIIRS_NOAA21_NRT
22.3197,69.88528,301.25,0.54,0.42,2024-08-23,2042,N21,VIIRS,n,2.0NRT,280.2,1.2,N,jamnagar,VIIRS_NOAA21_NRT
22.32036,69.88012,305.79,0.54,0.42,2024-08-23,2042,N21,VIIRS,n,2.0NRT,277.46,1.2,N,jamnagar,VIIRS_NOAA21_NRT
22.31658,69.85761,295.54,0.45,0.47,2024-09-03,2034,N21,VIIRS,n,2.0NRT,267.94,0.49,N,jamnagar,VIIRS_NOAA21_NRT
22.31253,69.85955,306.14,0.35,0.57,2024-09-05,2138,N21,VIIRS,n,2.0NRT,289.41,0.75,N,jamnagar,VIIRS_NOAA21_NRT
22.3338,69.86792,308.1,0.38,0.36,2024-09-07,2059,N21,VIIRS,n,2.0NRT,295.4,3.41,N,jamnagar,VIIRS_NOAA21_NRT
22.33611,69.85316,307.56,0.38,0.36,2024-09-07,2059,N21,VIIRS,n,2.0NRT,294.62,3.83,N,jamnagar,VIIRS_NOAA21_NRT
22.33709,69.86852,311.13,0.38,0.36,2024-09-07,2059,N21,VIIRS,n,2.0NRT,294.9,2.67,N,jamnagar,VIIRS_NOAA21_NRT
22.3394,69.85375,311.4,0.38,0.36,2024-09-07,2059,N21,VIIRS,n,2.0NRT,295.29,3.48,N,jamnagar,VIIRS_NOAA21_NRT
22.33636,69.86781,309.28,0.45,0.39,2024-09-17,2112,N21,VIIRS,n,2.0NRT,298.15,2.32,N,jamnagar,VIIRS_NOAA21_NRT
22.33545,69.86582,308.22,0.4,0.37,2024-09-18,2053,N21,VIIRS,n,2.0NRT,297.87,2.5,N,jamnagar,VIIRS_NOAA21_NRT
22.34052,69.85479,310.7,0.4,0.37,2024-09-18,2053,N21,VIIRS,n,2.0NRT,298.68,1.84,N,jamnagar,VIIRS_NOAA21_NRT
22.32754,69.84368,341.1,0.44,0.46,2024-09-19,805,N21,VIIRS,n,2.0NRT,300.86,5.15,D,jamnagar,VIIRS_NOAA21_NRT
22.33669,69.86822,306.57,0.35,0.57,2024-09-21,2138,N21,VIIRS,n,2.0NRT,291.31,1.48,N,jamnagar,VIIRS_NOAA21_NRT
22.3396,69.85489,305.52,0.35,0.57,2024-09-21,2138,N21,VIIRS,n,2.0NRT,291.57,1.36,N,jamnagar,VIIRS_NOAA21_NRT
22.33821,69.8551,305.0,0.54,0.42,2024-09-22,2121,N21,VIIRS,n,2.0NRT,289.23,2.37,N,jamnagar,VIIRS_NOAA21_NRT
22.33962,69.85349,309.62,0.4,0.37,2024-10-04,2053,N21,VIIRS,n,2.0NRT,298.91,3.81,N,jamnagar,VIIRS_NOAA21_NRT
22.34456,69.88976,312.57,0.4,0.37,2024-10-04,2053,N21,VIIRS,n,2.0NRT,296.64,1.72,N,jamnagar,VIIRS_NOAA21_NRT
22.33459,69.86777,310.6,0.55,0.42,2024-10-08,2121,N21,VIIRS,n,2.0NRT,298.56,4.97,N,jamnagar,VIIRS_NOAA21_NRT
22.31487,69.86086,333.21,0.38,0.36,2024-10-09,833,N21,VIIRS,n,2.0NRT,300.77,1.78,D,jamnagar,VIIRS_NOAA21_NRT
22.31824,69.88304,338.26,0.38,0.36,2024-10-09,833,N21,VIIRS,n,2.0NRT,300.15,11.29,D,jamnagar,VIIRS_NOAA21_NRT
22.32153,69.88246,338.19,0.38,0.36,2024-10-09,833,N21,VIIRS,n,2.0NRT,299.48,11.29,D,jamnagar,VIIRS_NOAA21_NRT
22.32117,69.8799,323.4,0.38,0.36,2024-10-09,2101,N21,VIIRS,n,2.0NRT,280.09,2.36,N,jamnagar,VIIRS_NOAA21_NRT
22.33836,69.85648,300.88,0.38,0.36,2024-10-09,2101,N21,VIIRS,n,2.0NRT,275.94,1.06,N,jamnagar,VIIRS_NOAA21_NRT
22.33469,69.86734,300.94,0.45,0.63,2024-10-12,2144,N21,VIIRS,n,2.0NRT,275.78,1.59,N,jamnagar,VIIRS_NOAA21_NRT
22.33755,69.85464,300.81,0.45,0.63,2024-10-12,2144,N21,VIIRS,n,2.0NRT,275.96,2.28,N,jamnagar,VIIRS_NOAA21_NRT
22.33608,69.86667,311.98,0.4,0.37,2024-10-14,2108,N21,VIIRS,n,2.0NRT,293.7,2.27,N,jamnagar,VIIRS_NOAA21_NRT
22.33802,69.85509,309.63,0.4,0.37,2024-10-14,2108,N21,VIIRS,n,2.0NRT,294.04,2.0,N,jamnagar,VIIRS_NOAA21_NRT
22.34224,69.89182,308.3,0.4,0.37,2024-10-14,2108,N21,VIIRS,n,2.0NRT,292.02,0.93,N,jamnagar,VIIRS_NOAA21_NRT
22.33938,69.85502,309.71,0.46,0.39,2024-10-19,2114,N21,VIIRS,n,2.0NRT,293.93,3.13,N,jamnagar,VIIRS_NOAA21_NRT
22.33697,69.86649,308.67,0.4,0.37,2024-10-20,2053,N21,VIIRS,n,2.0NRT,289.5,2.33,N,jamnagar,VIIRS_NOAA21_NRT
22.33866,69.85496,303.28,0.4,0.37,2024-10-20,2053,N21,VIIRS,n,2.0NRT,287.96,2.17,N,jamnagar,VIIRS_NOAA21_NRT
22.33689,69.8545,304.21,0.71,0.75,2024-10-22,2157,N21,VIIRS,n,2.0NRT,291.18,5.25,N,jamnagar,VIIRS_NOAA21_NRT
22.33544,69.86671,317.46,0.38,0.36,2024-10-25,2101,N21,VIIRS,n,2.0NRT,302.32,4.43,N,jamnagar,VIIRS_NOAA21_NRT
22.34046,69.85625,314.6,0.38,0.36,2024-10-25,2101,N21,VIIRS,n,2.0NRT,300.51,2.34,N,jamnagar,VIIRS_NOAA21_NRT
22.31506,69.86089,348.62,0.45,0.47,2024-10-29,2125,N21,VIIRS,n,2.0NRT,302.24,14.63,N,jamnagar,VIIRS_NOAA21_NRT
22.33992,69.85342,310.63,0.4,0.37,2024-10-30,2108,N21,VIIRS,n,2.0NRT,300.29,4.03,N,jamnagar,VIIRS_NOAA21_NRT
22.22827,70.12383,346.63,0.44,0.38,2024-10-31,820,N21,VIIRS,n,2.0NRT,307.92,3.8,D,jamnagar,VIIRS_NOAA21_NRT
22.22898,70.12802,336.66,0.44,0.38,2024-10-31,820,N21,VIIRS,n,2.0NRT,307.27,3.8,D,jamnagar,VIIRS_NOAA21_NRT
22.25666,70.26149,341.8,0.43,0.38,2024-10-31,820,N21,VIIRS,n,2.0NRT,307.36,15.88,D,jamnagar,VIIRS_NOAA21_NRT
22.25738,70.26564,346.0,0.43,0.38,2024-10-31,820,N21,VIIRS,n,2.0NRT,306.57,12.5,D,jamnagar,VIIRS_NOAA21_NRT
22.25911,70.26476,349.54,0.43,0.38,2024-10-31,820,N21,VIIRS,n,2.0NRT,307.36,12.9,D,jamnagar,VIIRS_NOAA21_NRT
22.26013,70.26083,340.79,0.43,0.38,2024-10-31,820,N21,VIIRS,n,2.0NRT,307.94,15.88,D,jamnagar,VIIRS_NOAA21_NRT
22.26085,70.26498,341.21,0.43,0.38,2024-10-31,820,N21,VIIRS,n,2.0NRT,305.69,12.5,D,jamnagar,VIIRS_NOAA21_NRT
22.2636,70.26015,339.86,0.43,0.38,2024-10-31,820,N21,VIIRS,n,2.0NRT,306.7,5.62,D,jamnagar,VIIRS_NOAA21_NRT
22.26707,70.25947,336.94,0.43,0.38,2024-10-31,820,N21,VIIRS,n,2.0NRT,306.06,5.62,D,jamnagar,VIIRS_NOAA21_NRT
22.33709,69.8664,308.99,0.57,0.52,2024-11-03,2131,N21,VIIRS,n,2.0NRT,298.91,4.95,N,jamnagar,VIIRS_NOAA21_NRT
22.33553,69.86838,311.61,0.46,0.39,2024-11-04,2114,N21,VIIRS,n,2.0NRT,300.57,3.73,N,jamnagar,VIIRS_NOAA21_NRT
22.33461,69.86807,315.28,0.4,0.37,2024-11-05,2055,N21,VIIRS,n,2.0NRT,302.27,2.78,N,jamnagar,VIIRS_NOAA21_NRT
22.33633,69.86684,308.58,0.36,0.58,2024-11-08,2140,N21,VIIRS,n,2.0NRT,298.4,2.83,N,jamnagar,VIIRS_NOAA21_NRT
22.3368,69.86723,309.98,0.36,0.58,2024-11-08,2140,N21,VIIRS,n,2.0NRT,298.52,2.31,N,jamnagar,VIIRS_NOAA21_NRT
22.36097,69.91247,340.57,0.57,0.43,2024-11-09,852,N21,VIIRS,n,2.0NRT,310.86,5.44,D,jamnagar,VIIRS_NOAA21_NRT
22.33732,69.86787,313.96,0.38,0.36,2024-11-10,2101,N21,VIIRS,n,2.0NRT,300.12,2.1,N,jamnagar,VIIRS_NOAA21_NRT
22.57328,70.23024,305.74,0.39,0.36,2024-11-10,2101,N21,VIIRS,n,2.0NRT,292.38,0.41,N,jamnagar,VIIRS_NOAA21_NRT
22.47861,70.08747,335.15,0.32,0.55,2024-11-12,756,N21,VIIRS,n,2.0NRT,303.29,2.69,D,jamnagar,VIIRS_NOAA21_NRT
22.33456,69.86716,309.81,0.34,0.56,2024-11-12,2023,N21,VIIRS,n,2.0NRT,299.24,3.61,N,jamnagar,VIIRS_NOAA21_NRT
22.33412,69.86701,310.87,0.47,0.64,2024-11-13,2146,N21,VIIRS,n,2.0NRT,298.14,4.05,N,jamnagar,VIIRS_NOAA21_NRT
22.33453,69.86816,309.26,0.47,0.64,2024-11-13,2146,N21,VIIRS,n,2.0NRT,297.82,2.7,N,jamnagar,VIIRS_NOAA21_NRT
22.33759,69.85503,308.29,0.46,0.64,2024-11-13,2146,N21,VIIRS,n,2.0NRT,297.83,3.24,N,jamnagar,VIIRS_NOAA21_NRT
22.33662,69.86691,313.25,0.41,0.37,2024-11-15,2108,N21,VIIRS,n,2.0NRT,300.03,3.65,N,jamnagar,VIIRS_NOAA21_NRT
22.33858,69.85515,314.08,0.41,0.37,2024-11-15,2108,N21,VIIRS,n,2.0NRT,300.86,3.74,N,jamnagar,VIIRS_NOAA21_NRT
22.33534,69.86642,308.36,0.47,0.4,2024-11-20,2114,N21,VIIRS,n,2.0NRT,297.54,3.06,N,jamnagar,VIIRS_NOAA21_NRT
22.33673,69.8671,310.91,0.39,0.37,2024-11-21,2055,N21,VIIRS,n,2.0NRT,298.22,2.2,N,jamnagar,VIIRS_NOAA21_NRT
22.33841,69.85569,312.19,0.39,0.37,2024-11-21,2055,N21,VIIRS,n,2.0NRT,299.61,2.32,N,jamnagar,VIIRS_NOAA21_NRT
22.33685,69.86866,306.69,0.37,0.58,2024-11-24,2140,N21,VIIRS,n,2.0NRT,295.64,1.51,N,jamnagar,VIIRS_NOAA21_NRT
22.34059,70.07726,342.54,0.39,0.36,2024-11-26,834,N21,VIIRS,n,2.0NRT,308.48,5.85,D,jamnagar,VIIRS_NOAA21_NRT
22.33646,69.86694,313.5,0.38,0.36,2024-11-26,2101,N21,VIIRS,n,2.0NRT,298.54,3.6,N,jamnagar,VIIRS_NOAA21_NRT
22.33821,69.85584,314.84,0.38,0.36,2024-11-26,2101,N21,VIIRS,n,2.0NRT,300.23,3.39,N,jamnagar,VIIRS_NOAA21_NRT
22.43023,69.83471,303.26,0.38,0.36,2024-11-26,2101,N21,VIIRS,n,2.0NRT,292.75,0.33,N,jamnagar,VIIRS_NOAA21_NRT
22.3342,69.8669,308.75,0.34,0.56,2024-11-28,2023,N21,VIIRS,n,2.0NRT,297.83,2.63,N,jamnagar,VIIRS_NOAA21_NRT
22.32878,69.90089,367.0,0.49,0.65,2024-11-29,917,N21,VIIRS,h,2.0NRT,302.18,9.18,D,jamnagar,VIIRS_NOAA21_NRT
22.33188,69.89774,336.4,0.49,0.65,2024-11-29,917,N21,VIIRS,n,2.0NRT,301.68,5.25,D,jamnagar,VIIRS_NOAA21_NRT
22.33226,69.90251,336.85,0.49,0.65,2024-11-29,917,N21,VIIRS,n,2.0NRT,302.06,5.25,D,jamnagar,VIIRS_NOAA21_NRT
22.33889,69.85509,306.16,0.47,0.64,2024-11-29,2146,N21,VIIRS,n,2.0NRT,295.97,4.72,N,jamnagar,VIIRS_NOAA21_NRT
22.31145,70.238,339.5,0.42,0.38,2024-12-01,839,N21,VIIRS,n,2.0NRT,304.89,2.63,D,jamnagar,VIIRS_NOAA21_NRT
22.33484,69.86883,312.04,0.41,0.37,2024-12-01,2108,N21,VIIRS,n,2.0NRT,297.07,2.39,N,jamnagar,VIIRS_NOAA21_NRT
22.34085,69.85378,306.34,0.41,0.37,2024-12-01,2108,N21,VIIRS,n,2.0NRT,294.64,1.67,N,jamnagar,VIIRS_NOAA21_NRT
22.58674,70.21044,339.57,0.42,0.38,2024-12-02,820,N21,VIIRS,n,2.0NRT,303.44,2.63,D,jamnagar,VIIRS_NOAA21_NRT
22.32225,69.88158,303.62,0.44,0.38,2024-12-02,2050,N21,VIIRS,n,2.0NRT,291.41,0.68,N,jamnagar,VIIRS_NOAA21_NRT
22.33514,69.86635,308.12,0.44,0.38,2024-12-02,2050,N21,VIIRS,n,2.0NRT,297.19,3.19,N,jamnagar,VIIRS_NOAA21_NRT
22.31813,69.88184,301.96,0.55,0.68,2024-12-04,2012,N21,VIIRS,n,2.0NRT,290.53,7.33,N,jamnagar,VIIRS_NOAA21_NRT
22.31853,69.8766,310.27,0.55,0.68,2024-12-04,2012,N21,VIIRS,n,2.0NRT,290.94,7.33,N,jamnagar,VIIRS_NOAA21_NRT
22.32006,69.88074,330.63,0.55,0.68,2024-12-04,2012,N21,VIIRS,n,2.0NRT,291.62,15.94,N,jamnagar,VIIRS_NOAA21_NRT
22.3205,69.87552,367.0,0.55,0.68,2024-12-04,2012,N21,VIIRS,h,2.0NRT,292.54,22.76,N,jamnagar,VIIRS_NOAA21_NRT
22.32439,69.88238,304.69,0.55,0.68,2024-12-04,2012,N21,VIIRS,n,2.0NRT,290.75,7.33,N,jamnagar,VIIRS_NOAA21_NRT
22.3248,69.87714,367.0,0.55,0.68,2024-12-04,2012,N21,VIIRS,h,2.0NRT,292.48,7.33,N,jamnagar,VIIRS_NOAA21_NRT
22.33393,69.86598,304.21,0.55,0.68,2024-12-04,2012,N21,VIIRS,n,2.0NRT,293.32,4.53,N,jamnagar,VIIRS_NOAA21_NRT
22.32887,69.86557,295.3,0.59,0.7,2024-12-04,2152,N21,VIIRS,n,2.0NRT,282.82,2.4,N,jamnagar,VIIRS_NOAA21_NRT
22.33509,69.86737,296.41,0.59,0.7,2024-12-04,2152,N21,VIIRS,n,2.0NRT,280.33,1.56,N,jamnagar,VIIRS_NOAA21_NRT
22.33775,69.85633,299.38,0.59,0.7,2024-12-04,2152,N21,VIIRS,n,2.0NRT,285.76,2.46,N,jamnagar,VIIRS_NOAA21_NRT
22.33461,69.86954,308.2,0.47,0.4,2024-12-06,2114,N21,VIIRS,n,2.0NRT,296.8,2.7,N,jamnagar,VIIRS_NOAA21_NRT
22.33631,69.86707,311.54,0.39,0.37,2024-12-07,2055,N21,VIIRS,n,2.0NRT,296.88,3.09,N,jamnagar,VIIRS_NOAA21_NRT
22.338,69.85567,310.2,0.39,0.37,2024-12-07,2055,N21,VIIRS,n,2.0NRT,297.54,2.95,N,jamnagar,VIIRS_NOAA21_NRT
22.26789,70.2764,334.71,0.4,0.44,2024-12-08,807,N21,VIIRS,l,2.0NRT,307.71,6.01,D,jamnagar,VIIRS_NOAA21_NRT
22.33389,69.86816,306.73,0.43,0.46,2024-12-08,2036,N21,VIIRS,n,2.0NRT,296.11,3.49,N,jamnagar,VIIRS_NOAA21_NRT
22.33763,69.86816,304.48,0.37,0.58,2024-12-10,2140,N21,VIIRS,n,2.0NRT,291.39,3.49,N,jamnagar,VIIRS_NOAA21_NRT
22.33531,69.86874,314.35,0.38,0.36,2024-12-12,2101,N21,VIIRS,n,2.0NRT,295.68,1.54,N,jamnagar,VIIRS_NOAA21_NRT
22.33765,69.85394,307.09,0.38,0.36,2024-12-12,2101,N21,VIIRS,n,2.0NRT,294.93,1.49,N,jamnagar,VIIRS_NOAA21_NRT
22.34094,69.85454,308.17,0.38,0.36,2024-12-12,2101,N21,VIIRS,n,2.0NRT,291.76,1.49,N,jamnagar,VIIRS_NOAA21_NRT
22.31515,69.86062,314.15,0.52,0.42,2024-12-13,2044,N21,VIIRS,n,2.0NRT,289.88,1.34,N,jamnagar,VIIRS_NOAA21_NRT
22.33722,69.86578,303.09,0.52,0.42,2024-12-13,2044,N21,VIIRS,n,2.0NRT,292.15,3.49,N,jamnagar,VIIRS_NOAA21_NRT
22.33848,69.8557,303.29,0.52,0.42,2024-12-13,2044,N21,VIIRS,n,2.0NRT,292.83,4.03,N,jamnagar,VIIRS_NOAA21_NRT
22.33476,69.86822,303.82,0.34,0.56,2024-12-14,2023,N21,VIIRS,n,2.0NRT,293.46,2.64,N,jamnagar,VIIRS_NOAA21_NRT
22.33436,69.86834,305.84,0.46,0.64,2024-12-15,2146,N21,VIIRS,n,2.0NRT,294.41,3.12,N,jamnagar,VIIRS_NOAA21_NRT
22.33737,69.85519,305.84,0.46,0.64,2024-12-15,2146,N21,VIIRS,n,2.0NRT,295.11,4.41,N,jamnagar,VIIRS_NOAA21_NRT
22.33626,69.8679,305.02,0.47,0.47,2024-12-16,2127,N21,VIIRS,n,2.0NRT,294.28,3.6,N,jamnagar,VIIRS_NOAA21_NRT
22.33887,69.85461,305.61,0.46,0.47,2024-12-16,2127,N21,VIIRS,n,2.0NRT,294.49,3.75,N,jamnagar,VIIRS_NOAA21_NRT
22.32937,69.85741,303.91,0.41,0.37,2024-12-17,2108,N21,VIIRS,n,2.0NRT,292.84,1.63,N,jamnagar,VIIRS_NOAA21_NRT
22.33553,69.86965,304.45,0.41,0.37,2024-12-17,2108,N21,VIIRS,n,2.0NRT,293.44,1.38,N,jamnagar,VIIRS_NOAA21_NRT
22.33619,69.86572,304.1,0.41,0.37,2024-12-17,2108,N21,VIIRS,n,2.0NRT,293.6,1.38,N,jamnagar,VIIRS_NOAA21_NRT
22.33818,69.85397,309.45,0.41,0.37,2024-12-17,2108,N21,VIIRS,n,2.0NRT,296.42,2.35,N,jamnagar,VIIRS_NOAA21_NRT
22.335,69.86839,309.28,0.44,0.38,2024-12-18,2050,N21,VIIRS,n,2.0NRT,295.03,2.83,N,jamnagar,VIIRS_NOAA21_NRT
22.34029,69.8562,305.02,0.44,0.38,2024-12-18,2050,N21,VIIRS,n,2.0NRT,293.33,1.77,N,jamnagar,VIIRS_NOAA21_NRT
22.33764,69.85546,303.36,0.58,0.52,2024-12-21,2131,N21,VIIRS,n,2.0NRT,293.04,3.34,N,jamnagar,VIIRS_NOAA21_NRT
22.33955,69.85618,305.67,0.47,0.39,2024-12-22,2114,N21,VIIRS,n,2.0NRT,293.43,3.3,N,jamnagar,VIIRS_NOAA21_NRT
22.33438,69.86939,302.91,0.4,0.37,2024-12-23,2055,N21,VIIRS,n,2.0NRT,292.7,1.54,N,jamnagar,VIIRS_NOAA21_NRT
22.33995,69.85471,309.03,0.4,0.37,2024-12-23,2055,N21,VIIRS,n,2.0NRT,294.67,1.8,N,jamnagar,VIIRS_NOAA21_NRT
22.42856,69.83444,299.12,0.4,0.37,2024-12-23,2055,N21,VIIRS,n,2.0NRT,288.87,0.51,N,jamnagar,VIIRS_NOAA21_NRT
22.33414,69.86784,303.84,0.43,0.46,2024-12-24,2036,N21,VIIRS,n,2.0NRT,293.57,2.11,N,jamnagar,VIIRS_NOAA21_NRT
22.28623,70.27485,341.57,0.4,0.6,2024-12-25,750,N21,VIIRS,n,2.0NRT,297.59,4.86,D,jamnagar,VIIRS_NOAA21_NRT
22.28734,70.27355,343.31,0.4,0.6,2024-12-25,750,N21,VIIRS,n,2.0NRT,297.12,3.78,D,jamnagar,VIIRS_NOAA21_NRT
22.33575,69.86921,311.18,0.38,0.36,2024-12-28,2101,N21,VIIRS,n,2.0NRT,293.84,1.92,N,jamnagar,VIIRS_NOAA21_NRT
22.33808,69.85443,312.45,0.38,0.36,2024-12-28,2101,N21,VIIRS,n,2.0NRT,295.72,3.01,N,jamnagar,VIIRS_NOAA21_NRT
22.33545,69.86722,303.77,0.53,0.42,2024-12-29,2042,N21,VIIRS,n,2.0NRT,293.31,3.25,N,jamnagar,VIIRS_NOAA21_NRT
22.33362,69.8674,308.02,0.46,0.64,2024-12-31,2146,N21,VIIRS,n,2.0NRT,294.86,3.45,N,jamnagar,VIIRS_NOAA21_NRT
22.32254,69.88401,306.68,0.46,0.47,2025-01-01,2127,N21,VIIRS,n,2.0NRT,288.56,1.24,N,jamnagar,VIIRS_NOAA21_NRT
22.33455,69.86842,306.62,0.46,0.47,2025-01-01,2127,N21,VIIRS,n,2.0NRT,295.2,2.88,N,jamnagar,VIIRS_NOAA21_NRT
22.33716,69.85527,306.12,0.46,0.47,2025-01-01,2127,N21,VIIRS,n,2.0NRT,296.11,2.83,N,jamnagar,VIIRS_NOAA21_NRT
22.33576,69.86597,306.77,0.41,0.37,2025-01-02,2108,N21,VIIRS,n,2.0NRT,295.98,2.72,N,jamnagar,VIIRS_NOAA21_NRT
22.33773,69.85427,307.74,0.41,0.37,2025-01-02,2108,N21,VIIRS,n,2.0NRT,297.17,3.0,N,jamnagar,VIIRS_NOAA21_NRT
22.33489,69.86858,308.74,0.44,0.39,2025-01-03,2048,N21,VIIRS,n,2.0NRT,297.05,1.69,N,jamnagar,VIIRS_NOAA21_NRT
22.34017,69.8563,306.47,0.44,0.39,2025-01-03,2048,N21,VIIRS,n,2.0NRT,295.53,3.11,N,jamnagar,VIIRS_NOAA21_NRT
22.33782,69.85652,304.52,0.57,0.52,2025-01-06,2131,N21,VIIRS,n,2.0NRT,293.03,4.23,N,jamnagar,VIIRS_NOAA21_NRT
22.33497,69.8661,304.87,0.46,0.39,2025-01-07,2114,N21,VIIRS,n,2.0NRT,292.2,2.36,N,jamnagar,VIIRS_NOAA21_NRT
22.3409,69.85361,301.04,0.46,0.39,2025-01-07,2114,N21,VIIRS,n,2.0NRT,289.71,2.01,N,jamnagar,VIIRS_NOAA21_NRT
22.3186,69.88318,295.8,0.4,0.37,2025-01-08,2053,N21,VIIRS,n,2.0NRT,285.79,0.54,N,jamnagar,VIIRS_NOAA21_NRT
22.32925,69.85754,301.68,0.4,0.37,2025-01-08,2053,N21,VIIRS,n,2.0NRT,291.45,1.3,N,jamnagar,VIIRS_NOAA21_NRT
22.3348,69.86633,306.96,0.4,0.37,2025-01-08,2053,N21,VIIRS,n,2.0NRT,293.69,2.44,N,jamnagar,VIIRS_NOAA21_NRT
22.33911,69.85446,309.76,0.4,0.37,2025-01-08,2053,N21,VIIRS,n,2.0NRT,295.7,1.98,N,jamnagar,VIIRS_NOAA21_NRT
22.32009,69.88347,298.83,0.44,0.46,2025-01-09,2036,N21,VIIRS,n,2.0NRT,287.61,1.1,N,jamnagar,VIIRS_NOAA21_NRT
22.25939,69.85252,333.5,0.56,0.43,2025-01-12,852,N21,VIIRS,n,2.0NRT,305.99,4.35,D,jamnagar,VIIRS_NOAA21_NRT
22.33508,69.86967,303.0,0.55,0.43,2025-01-12,2120,N21,VIIRS,n,2.0NRT,292.0,1.97,N,jamnagar,VIIRS_NOAA21_NRT
22.32709,69.85958,300.69,0.38,0.36,2025-01-13,2059,N21,VIIRS,n,2.0NRT,289.36,0.99,N,jamnagar,VIIRS_NOAA21_NRT
22.33578,69.86875,312.68,0.38,0.36,2025-01-13,2059,N21,VIIRS,n,2.0NRT,293.92,2.5,N,jamnagar,VIIRS_NOAA21_NRT
22.3381,69.85399,311.57,0.38,0.36,2025-01-13,2059,N21,VIIRS,n,2.0NRT,294.05,2.03,N,jamnagar,VIIRS_NOAA21_NRT
22.43021,69.83223,300.48,0.38,0.36,2025-01-13,2059,N21,VIIRS,n,2.0NRT,289.43,0.55,N,jamnagar,VIIRS_NOAA21_NRT
22.33788,69.85554,302.73,0.54,0.42,2025-01-14,2042,N21,VIIRS,n,2.0NRT,292.6,2.51,N,jamnagar,VIIRS_NOAA21_NRT
22.31976,69.88159,302.36,0.35,0.57,2025-01-15,2023,N21,VIIRS,n,2.0NRT,288.32,0.63,N,jamnagar,VIIRS_NOAA21_NRT
22.3207,69.88201,298.91,0.35,0.57,2025-01-15,2023,N21,VIIRS,n,2.0NRT,288.01,0.53,N,jamnagar,VIIRS_NOAA21_NRT
22.4318,69.83312,300.43,0.36,0.57,2025-01-15,2023,N21,VIIRS,n,2.0NRT,288.95,0.78,N,jamnagar,VIIRS_NOAA21_NRT
22.33665,69.8694,302.67,0.45,0.47,2025-01-17,2127,N21,VIIRS,n,2.0NRT,291.82,2.14,N,jamnagar,VIIRS_NOAA21_NRT
22.33922,69.8565,302.42,0.45,0.47,2025-01-17,2127,N21,VIIRS,n,2.0NRT,292.22,1.71,N,jamnagar,VIIRS_NOAA21_NRT
22.34007,69.85476,302.94,0.45,0.47,2025-01-17,2127,N21,VIIRS,n,2.0NRT,292.74,2.59,N,jamnagar,VIIRS_NOAA21_NRT
22.33775,69.86626,304.44,0.4,0.37,2025-01-18,2108,N21,VIIRS,n,2.0NRT,294.28,1.51,N,jamnagar,VIIRS_NOAA21_NRT
22.33969,69.85468,310.56,0.4,0.37,2025-01-18,2108,N21,VIIRS,n,2.0NRT,295.96,1.82,N,jamnagar,VIIRS_NOAA21_NRT
22.38848,69.87256,331.29,0.45,0.39,2025-01-19,820,N21,VIIRS,n,2.0NRT,302.44,2.06,D,jamnagar,VIIRS_NOAA21_NRT
22.33574,69.86877,307.61,0.45,0.39,2025-01-19,2048,N21,VIIRS,n,2.0NRT,296.08,3.4,N,jamnagar,VIIRS_NOAA21_NRT
22.57548,70.23002,300.87,0.44,0.38,2025-01-19,2048,N21,VIIRS,n,2.0NRT,289.22,0.77,N,jamnagar,VIIRS_NOAA21_NRT
22.31993,69.8856,303.6,0.56,0.51,2025-01-20,2027,N21,VIIRS,n,2.0NRT,290.08,1.2,N,jamnagar,VIIRS_NOAA21_NRT
22.32922,69.84286,303.7,0.56,0.52,2025-01-20,2027,N21,VIIRS,n,2.0NRT,290.79,2.22,N,jamnagar,VIIRS_NOAA21_NRT
22.32082,69.87769,301.95,0.57,0.69,2025-01-21,2010,N21,VIIRS,n,2.0NRT,290.65,3.76,N,jamnagar,VIIRS_NOAA21_NRT
22.57501,70.22843,302.04,0.47,0.4,2025-01-23,2112,N21,VIIRS,n,2.0NRT,286.0,1.0,N,jamnagar,VIIRS_NOAA21_NRT
22.3231,69.88036,314.91,0.46,0.39,2025-01-23,2114,N21,VIIRS,n,2.0NRT,290.7,1.81,N,jamnagar,VIIRS_NOAA21_NRT
22.33601,69.86947,304.91,0.46,0.39,2025-01-23,2114,N21,VIIRS,n,2.0NRT,293.43,1.18,N,jamnagar,VIIRS_NOAA21_NRT
22.33829,69.8564,307.02,0.45,0.39,2025-01-23,2114,N21,VIIRS,n,2.0NRT,294.45,2.04,N,jamnagar,VIIRS_NOAA21_NRT
22.33538,69.86796,309.75,0.4,0.37,2025-01-24,2053,N21,VIIRS,n,2.0NRT,295.77,2.99,N,jamnagar,VIIRS_NOAA21_NRT
22.57427,70.22845,311.53,0.39,0.37,2025-01-24,2053,N21,VIIRS,n,2.0NRT,287.36,1.26,N,jamnagar,VIIRS_NOAA21_NRT
22.57379,70.23004,296.89,0.43,0.46,2025-01-25,2033,N21,VIIRS,n,2.0NRT,284.39,1.21,N,jamnagar,VIIRS_NOAA21_NRT
22.3373,69.85415,305.06,0.46,0.63,2025-01-26,2016,N21,VIIRS,n,2.0NRT,294.09,4.39,N,jamnagar,VIIRS_NOAA21_NRT
22.3377,69.85416,304.96,0.46,0.63,2025-01-26,2016,N21,VIIRS,n,2.0NRT,294.04,4.52,N,jamnagar,VIIRS_NOAA21_NRT
22.43068,69.83519,299.52,0.54,0.42,2025-01-28,2120,N21,VIIRS,n,2.0NRT,289.29,0.83,N,jamnagar,VIIRS_NOAA21_NRT
22.42893,69.8322,301.89,0.36,0.58,2025-01-31,2023,N21,VIIRS,n,2.0NRT,289.09,0.45,N,jamnagar,VIIRS_NOAA21_NRT
22.42907,69.83241,302.7,0.36,0.58,2025-01-31,2023,N21,VIIRS,n,2.0NRT,289.08,0.83,N,jamnagar,VIIRS_NOAA21_NRT
22.33651,69.86694,301.33,0.45,0.47,2025-02-02,2127,N21,VIIRS,n,2.0NRT,288.11,2.85,N,jamnagar,VIIRS_NOAA21_NRT
22.33899,69.8542,306.28,0.45,0.47,2025-02-02,2127,N21,VIIRS,n,2.0NRT,293.63,4.21,N,jamnagar,VIIRS_NOAA21_NRT
22.3247,70.0694,331.39,0.41,0.37,2025-02-03,837,N21,VIIRS,n,2.0NRT,303.44,3.14,D,jamnagar,VIIRS_NOAA21_NRT
22.33462,69.86942,305.74,0.4,0.37,2025-02-03,2105,N21,VIIRS,n,2.0NRT,293.77,1.62,N,jamnagar,VIIRS_NOAA21_NRT
22.3405,69.85467,307.67,0.4,0.37,2025-02-03,2105,N21,VIIRS,n,2.0NRT,293.58,1.69,N,jamnagar,VIIRS_NOAA21_NRT
22.33462,69.8689,306.79,0.45,0.39,2025-02-04,2048,N21,VIIRS,n,2.0NRT,295.15,2.85,N,jamnagar,VIIRS_NOAA21_NRT
22.33993,69.85637,305.05,0.45,0.39,2025-02-04,2048,N21,VIIRS,n,2.0NRT,293.58,2.93,N,jamnagar,VIIRS_NOAA21_NRT
22.31236,69.86201,350.87,0.56,0.69,2025-02-06,2150,N21,VIIRS,n,2.0NRT,292.39,8.88,N,jamnagar,VIIRS_NOAA21_NRT
22.33469,69.85581,296.12,0.56,0.52,2025-02-07,2131,N21,VIIRS,n,2.0NRT,285.03,2.74,N,jamnagar,VIIRS_NOAA21_NRT
22.33706,69.85429,299.19,0.56,0.52,2025-02-07,2131,N21,VIIRS,n,2.0NRT,287.36,2.67,N,jamnagar,VIIRS_NOAA21_NRT
22.33708,69.86758,299.09,0.56,0.52,2025-02-07,2131,N21,VIIRS,n,2.0NRT,286.0,3.59,N,jamnagar,VIIRS_NOAA21_NRT
22.33638,69.86934,308.96,0.46,0.39,2025-02-08,2112,N21,VIIRS,n,2.0NRT,296.9,1.61,N,jamnagar,VIIRS_NOAA21_NRT
22.33867,69.85628,309.25,0.45,0.39,2025-02-08,2112,N21,VIIRS,n,2.0NRT,296.88,2.48,N,jamnagar,VIIRS_NOAA21_NRT
22.47959,70.257,302.9,0.47,0.4,2025-02-08,2112,N21,VIIRS,n,2.0NRT,286.35,0.54,N,jamnagar,VIIRS_NOAA21_NRT
22.26587,70.25429,342.88,0.39,0.36,2025-02-09,826,N21,VIIRS,n,2.0NRT,311.8,4.49,D,jamnagar,VIIRS_NOAA21_NRT
22.51054,70.22822,335.0,0.39,0.36,2025-02-09,826,N21,VIIRS,n,2.0NRT,309.53,2.47,D,jamnagar,VIIRS_NOAA21_NRT
22.33463,69.86726,311.06,0.4,0.37,2025-02-09,2053,N21,VIIRS,n,2.0NRT,298.8,2.99,N,jamnagar,VIIRS_NOAA21_NRT
22.33968,69.85627,309.86,0.4,0.37,2025-02-09,2053,N21,VIIRS,n,2.0NRT,297.28,2.0,N,jamnagar,VIIRS_NOAA21_NRT
22.34244,69.89333,300.71,0.36,0.57,2025-02-12,2137,N21,VIIRS,n,2.0NRT,289.02,0.38,N,jamnagar,VIIRS_NOAA21_NRT
22.32801,69.85984,303.14,0.38,0.36,2025-02-14,2059,N21,VIIRS,n,2.0NRT,292.92,1.75,N,jamnagar,VIIRS_NOAA21_NRT
22.33572,69.85365,308.9,0.38,0.36,2025-02-14,2059,N21,VIIRS,n,2.0NRT,297.46,1.83,N,jamnagar,VIIRS_NOAA21_NRT
22.3367,69.86898,312.24,0.38,0.36,2025-02-14,2059,N21,VIIRS,n,2.0NRT,298.35,2.37,N,jamnagar,VIIRS_NOAA21_NRT
22.339,69.85424,311.77,0.38,0.36,2025-02-14,2059,N21,VIIRS,n,2.0NRT,298.48,1.83,N,jamnagar,VIIRS_NOAA21_NRT
22.43111,69.83255,304.13,0.38,0.36,2025-02-14,2059,N21,VIIRS,n,2.0NRT,292.44,0.61,N,jamnagar,VIIRS_NOAA21_NRT
22.42982,69.83138,302.29,0.54,0.42,2025-02-15,2042,N21,VIIRS,n,2.0NRT,291.84,0.68,N,jamnagar,VIIRS_NOAA21_NRT
22.43048,69.83332,305.85,0.36,0.57,2025-02-16,2023,N21,VIIRS,n,2.0NRT,291.99,0.67,N,jamnagar,VIIRS_NOAA21_NRT
22.43082,69.83358,303.56,0.36,0.57,2025-02-16,2023,N21,VIIRS,n,2.0NRT,291.54,0.66,N,jamnagar,VIIRS_NOAA21_NRT
22.43674,70.2309,334.26,0.42,0.37,2025-02-19,837,N21,VIIRS,l,2.0NRT,307.31,4.75,D,jamnagar,VIIRS_NOAA21_NRT
22.3393,69.85478,311.17,0.4,0.37,2025-02-19,2105,N21,VIIRS,n,2.0NRT,298.74,2.0,N,jamnagar,VIIRS_NOAA21_NRT
22.46041,70.13471,335.85,0.43,0.38,2025-02-20,820,N21,VIIRS,n,2.0NRT,302.18,2.93,D,jamnagar,VIIRS_NOAA21_NRT
22.5733,70.22649,305.17,0.44,0.38,2025-02-20,2048,N21,VIIRS,n,2.0NRT,291.34,0.55,N,jamnagar,VIIRS_NOAA21_NRT
22.57521,70.22829,306.47,0.44,0.38,2025-02-20,2048,N21,VIIRS,n,2.0NRT,292.09,0.81,N,jamnagar,VIIRS_NOAA21_NRT
22.29273,70.22931,343.68,0.39,0.36,2025-02-25,826,N21,VIIRS,n,2.0NRT,313.55,6.01,D,jamnagar,VIIRS_NOAA21_NRT
22.33946,70.15867,346.49,0.39,0.36,2025-02-25,826,N21,VIIRS,n,2.0NRT,313.87,4.19,D,jamnagar,VIIRS_NOAA21_NRT
22.33417,69.86787,308.8,0.4,0.37,2025-02-25,2053,N21,VIIRS,n,2.0NRT,295.54,2.51,N,jamnagar,VIIRS_NOAA21_NRT
22.43094,69.83219,301.85,0.4,0.37,2025-02-25,2053,N21,VIIRS,n,2.0NRT,282.35,0.55,N,jamnagar,VIIRS_NOAA21_NRT
22.34724,70.03683,341.68,0.42,0.46,2025-02-26,807,N21,VIIRS,n,2.0NRT,313.84,7.56,D,jamnagar,VIIRS_NOAA21_NRT
22.42994,69.83356,304.45,0.45,0.47,2025-02-26,2036,N21,VIIRS,n,2.0NRT,293.84,1.23,N,jamnagar,VIIRS_NOAA21_NRT
22.43031,69.83421,307.33,0.44,0.46,2025-02-26,2036,N21,VIIRS,n,2.0NRT,294.1,1.31,N,jamnagar,VIIRS_NOAA21_NRT
22.51509,70.08084,330.74,0.38,0.59,2025-02-28,911,N21,VIIRS,l,2.0NRT,301.99,4.26,D,jamnagar,VIIRS_NOAA21_NRT
22.33778,69.85347,305.28,0.36,0.57,2025-02-28,2137,N21,VIIRS,n,2.0NRT,294.78,1.89,N,jamnagar,VIIRS_NOAA21_NRT
22.43003,69.83444,303.66,0.36,0.57,2025-02-28,2137,N21,VIIRS,n,2.0NRT,292.47,0.68,N,jamnagar,VIIRS_NOAA21_NRT
22.44847,70.04611,337.28,0.57,0.43,2025-03-01,849,N21,VIIRS,n,2.0NRT,306.19,5.7,D,jamnagar,VIIRS_NOAA21_NRT
22.33638,69.86823,311.2,0.38,0.36,2025-03-02,2059,N21,VIIRS,n,2.0NRT,297.32,2.37,N,jamnagar,VIIRS_NOAA21_NRT
22.33869,69.85348,313.93,0.38,0.36,2025-03-02,2059,N21,VIIRS,n,2.0NRT,296.33,3.58,N,jamnagar,VIIRS_NOAA21_NRT
22.43075,69.83231,307.48,0.38,0.36,2025-03-02,2059,N21,VIIRS,n,2.0NRT,293.25,0.67,N,jamnagar,VIIRS_NOAA21_NRT
22.31785,69.86523,340.33,0.47,0.64,2025-03-05,915,N21,VIIRS,n,2.0NRT,313.25,3.11,D,jamnagar,VIIRS_NOAA21_NRT
22.31841,69.86197,338.16,0.47,0.64,2025-03-05,915,N21,VIIRS,l,2.0NRT,311.92,3.49,D,jamnagar,VIIRS_NOAA21_NRT
22.43117,69.83229,300.38,0.73,0.76,2025-03-05,2004,N21,VIIRS,n,2.0NRT,289.21,1.51,N,jamnagar,VIIRS_NOAA21_NRT
22.33864,69.85433,308.86,0.4,0.37,2025-03-07,2105,N21,VIIRS,n,2.0NRT,298.77,2.72,N,jamnagar,VIIRS_NOAA21_NRT
22.33804,69.85643,312.76,0.46,0.39,2025-03-12,2114,N21,VIIRS,n,2.0NRT,301.58,3.53,N,jamnagar,VIIRS_NOAA21_NRT
22.33926,69.85448,316.18,0.46,0.39,2025-03-12,2114,N21,VIIRS,n,2.0NRT,302.08,3.55,N,jamnagar,VIIRS_NOAA21_NRT
22.4301,69.83479,307.37,0.46,0.39,2025-03-12,2114,N21,VIIRS,n,2.0NRT,295.59,0.82,N,jamnagar,VIIRS_NOAA21_NRT
22.33815,69.85457,316.05,0.4,0.37,2025-03-13,2053,N21,VIIRS,n,2.0NRT,302.57,3.66,N,jamnagar,VIIRS_NOAA21_NRT
22.42942,69.83376,306.65,0.4,0.37,2025-03-13,2053,N21,VIIRS,n,2.0NRT,295.64,0.96,N,jamnagar,VIIRS_NOAA21_NRT
22.49779,70.08456,305.04,0.4,0.37,2025-03-13,2053,N21,VIIRS,n,2.0NRT,294.81,0.61,N,jamnagar,VIIRS_NOAA21_NRT
22.43019,69.83273,305.26,0.44,0.46,2025-03-14,2036,N21,VIIRS,n,2.0NRT,294.18,1.14,N,jamnagar,VIIRS_NOAA21_NRT
22.22144,69.99604,353.04,0.43,0.62,2025-03-15,748,N21,VIIRS,n,2.0NRT,309.71,7.54,D,jamnagar,VIIRS_NOAA21_NRT
22.22559,69.99367,347.73,0.43,0.62,2025-03-15,748,N21,VIIRS,n,2.0NRT,307.83,8.11,D,jamnagar,VIIRS_NOAA21_NRT
22.43143,69.83337,304.92,0.45,0.63,2025-03-15,2017,N21,VIIRS,n,2.0NRT,292.48,0.98,N,jamnagar,VIIRS_NOAA21_NRT
22.20195,70.16521,343.58,0.39,0.59,2025-03-16,909,N21,VIIRS,n,2.0NRT,310.82,3.1,D,jamnagar,VIIRS_NOAA21_NRT
22.33835,69.85492,310.52,0.36,0.57,2025-03-16,2138,N21,VIIRS,n,2.0NRT,297.9,3.34,N,jamnagar,VIIRS_NOAA21_NRT
22.3368,69.86762,315.11,0.38,0.36,2025-03-18,2059,N21,VIIRS,n,2.0NRT,300.54,2.71,N,jamnagar,VIIRS_NOAA21_NRT
22.33912,69.85287,312.4,0.38,0.36,2025-03-18,2059,N21,VIIRS,n,2.0NRT,298.16,1.82,N,jamnagar,VIIRS_NOAA21_NRT
22.4276,69.83252,305.79,0.35,0.57,2025-03-20,2021,N21,VIIRS,n,2.0NRT,294.05,0.62,N,jamnagar,VIIRS_NOAA21_NRT
22.39924,69.86151,343.4,0.47,0.64,2025-03-21,915,N21,VIIRS,n,2.0NRT,312.39,6.04,D,jamnagar,VIIRS_NOAA21_NRT
22.40019,69.85999,345.9,0.47,0.64,2025-03-21,915,N21,VIIRS,n,2.0NRT,311.89,5.77,D,jamnagar,VIIRS_NOAA21_NRT
22.4456,70.28757,367.0,0.5,0.66,2025-03-21,915,N21,VIIRS,h,2.0NRT,315.16,9.87,D,jamnagar,VIIRS_NOAA21_NRT
22.34,69.85562,316.21,0.4,0.37,2025-03-23,2106,N21,VIIRS,n,2.0NRT,301.68,2.34,N,jamnagar,VIIRS_NOAA21_NRT
22.429,69.83205,307.56,0.4,0.37,2025-03-23,2106,N21,VIIRS,n,2.0NRT,296.58,0.79,N,jamnagar,VIIRS_NOAA21_NRT
22.28788,70.05454,315.59,0.44,0.38,2025-03-24,2046,N21,VIIRS,n,2.0NRT,293.44,1.95,N,jamnagar,VIIRS_NOAA21_NRT
22.5019,70.20184,343.79,0.52,0.5,2025-03-25,801,N21,VIIRS,n,2.0NRT,316.27,5.74,D,jamnagar,VIIRS_NOAA21_NRT
22.44412,70.27425,335.62,0.51,0.66,2025-03-26,741,N21,VIIRS,l,2.0NRT,310.03,2.88,D,jamnagar,VIIRS_NOAA21_NRT
22.24013,69.98879,342.57,0.61,0.71,2025-03-26,922,N21,VIIRS,n,2.0NRT,301.62,12.16,D,jamnagar,VIIRS_NOAA21_NRT
22.29523,70.11176,344.04,0.62,0.71,2025-03-26,922,N21,VIIRS,n,2.0NRT,305.41,9.71,D,jamnagar,VIIRS_NOAA21_NRT
22.33373,70.27841,340.67,0.63,0.72,2025-03-26,922,N21,VIIRS,n,2.0NRT,307.55,5.68,D,jamnagar,VIIRS_NOAA21_NRT
22.53247,70.21827,332.96,0.63,0.72,2025-03-26,922,N21,VIIRS,l,2.0NRT,304.61,4.43,D,jamnagar,VIIRS_NOAA21_NRT
22.33924,69.85404,312.39,0.46,0.39,2025-03-28,2112,N21,VIIRS,n,2.0NRT,299.56,2.51,N,jamnagar,VIIRS_NOAA21_NRT
22.42984,69.83473,307.23,0.46,0.39,2025-03-28,2112,N21,VIIRS,n,2.0NRT,294.56,1.07,N,jamnagar,VIIRS_NOAA21_NRT
22.21509,69.9259,349.91,0.4,0.37,2025-03-29,826,N21,VIIRS,n,2.0NRT,323.82,11.97,D,jamnagar,VIIRS_NOAA21_NRT
22.33926,69.85427,315.21,0.4,0.37,2025-03-29,2053,N21,VIIRS,n,2.0NRT,300.88,2.28,N,jamnagar,VIIRS_NOAA21_NRT
22.43039,69.83344,308.35,0.4,0.37,2025-03-29,2053,N21,VIIRS,n,2.0NRT,294.84,0.87,N,jamnagar,VIIRS_NOAA21_NRT
22.40384,69.82173,367.0,0.44,0.62,2025-03-31,748,N21,VIIRS,h,2.0NRT,315.81,9.91,D,jamnagar,VIIRS_NOAA21_NRT
22.40616,69.82237,354.02,0.44,0.62,2025-03-31,748,N21,VIIRS,n,2.0NRT,316.67,10.69,D,jamnagar,VIIRS_NOAA21_NRT
22.44397,70.14734,342.84,0.42,0.61,2025-03-31,748,N21,VIIRS,l,2.0NRT,313.71,5.29,D,jamnagar,VIIRS_NOAA21_NRT
22.56748,70.20911,341.57,0.41,0.61,2025-03-31,748,N21,VIIRS,n,2.0NRT,315.0,3.48,D,jamnagar,VIIRS_NOAA21_NRT
22.33813,69.85339,308.61,0.45,0.63,2025-03-31,2017,N21,VIIRS,n,2.0NRT,298.23,3.05,N,jamnagar,VIIRS_NOAA21_NRT
22.24129,70.19114,367.0,0.39,0.59,2025-04-01,909,N21,VIIRS,h,2.0NRT,319.28,10.82,D,jamnagar,VIIRS_NOAA21_NRT
22.24979,70.10794,367.0,0.38,0.59,2025-04-01,909,N21,VIIRS,h,2.0NRT,319.11,12.14,D,jamnagar,VIIRS_NOAA21_NRT
22.36083,69.98554,352.3,0.38,0.58,2025-04-01,909,N21,VIIRS,n,2.0NRT,321.37,12.49,D,jamnagar,VIIRS_NOAA21_NRT
22.37231,69.9371,345.4,0.37,0.58,2025-04-01,909,N21,VIIRS,n,2.0NRT,316.67,7.98,D,jamnagar,VIIRS_NOAA21_NRT
22.3836,70.07877,353.58,0.38,0.59,2025-04-01,909,N21,VIIRS,n,2.0NRT,319.98,8.84,D,jamnagar,VIIRS_NOAA21_NRT
22.3861,70.07854,354.54,0.38,0.59,2025-04-01,909,N21,VIIRS,n,2.0NRT,319.3,9.92,D,jamnagar,VIIRS_NOAA21_NRT
22.48633,70.03923,367.0,0.38,0.59,2025-04-01,909,N21,VIIRS,h,2.0NRT,318.29,17.35,D,jamnagar,VIIRS_NOAA21_NRT
22.48847,70.03785,367.0,0.38,0.59,2025-04-01,909,N21,VIIRS,h,2.0NRT,320.45,14.85,D,jamnagar,VIIRS_NOAA21_NRT
22.56348,70.22646,351.54,0.39,0.59,2025-04-01,909,N21,VIIRS,n,2.0NRT,319.29,23.09,D,jamnagar,VIIRS_NOAA21_NRT
22.56383,70.23022,367.0,0.39,0.59,2025-04-01,909,N21,VIIRS,h,2.0NRT,319.84,24.4,D,jamnagar,VIIRS_NOAA21_NRT
22.33952,69.85493,311.71,0.36,0.57,2025-04-01,2138,N21,VIIRS,n,2.0NRT,300.26,3.7,N,jamnagar,VIIRS_NOAA21_NRT
22.32795,69.85664,307.85,0.38,0.36,2025-04-03,2059,N21,VIIRS,n,2.0NRT,297.69,1.53,N,jamnagar,VIIRS_NOAA21_NRT
22.33839,69.85474,318.71,0.38,0.36,2025-04-03,2059,N21,VIIRS,n,2.0NRT,303.5,3.02,N,jamnagar,VIIRS_NOAA21_NRT
22.38937,69.87106,352.15,0.35,0.56,2025-04-05,754,N21,VIIRS,n,2.0NRT,314.75,5.35,D,jamnagar,VIIRS_NOAA21_NRT
22.47282,70.24031,367.0,0.33,0.55,2025-04-05,754,N21,VIIRS,h,2.0NRT,319.03,8.54,D,jamnagar,VIIRS_NOAA21_NRT
22.22272,70.02161,315.55,0.35,0.56,2025-04-05,2021,N21,VIIRS,n,2.0NRT,293.06,1.64,N,jamnagar,VIIRS_NOAA21_NRT
22.22304,70.01828,315.9,0.35,0.56,2025-04-05,2021,N21,VIIRS,n,2.0NRT,292.97,1.64,N,jamnagar,VIIRS_NOAA21_NRT
22.32105,69.8784,318.6,0.35,0.57,2025-04-05,2021,N21,VIIRS,n,2.0NRT,297.7,2.71,N,jamnagar,VIIRS_NOAA21_NRT
22.32176,69.87831,313.75,0.35,0.57,2025-04-05,2021,N21,VIIRS,n,2.0NRT,297.48,2.0,N,jamnagar,VIIRS_NOAA21_NRT
22.42448,69.92281,339.8,0.47,0.64,2025-04-06,915,N21,VIIRS,n,2.0NRT,313.15,5.87,D,jamnagar,VIIRS_NOAA21_NRT
22.29129,69.96776,306.12,0.46,0.63,2025-04-06,2144,N21,VIIRS,n,2.0NRT,291.97,0.58,N,jamnagar,VIIRS_NOAA21_NRT
22.4457,70.27296,307.25,0.47,0.64,2025-04-06,2144,N21,VIIRS,n,2.0NRT,294.12,1.02,N,jamnagar,VIIRS_NOAA21_NRT
22.3816,69.96533,345.48,0.47,0.47,2025-04-07,856,N21,VIIRS,n,2.0NRT,315.99,12.2,D,jamnagar,VIIRS_NOAA21_NRT
22.38413,69.96351,348.57,0.46,0.47,2025-04-07,856,N21,VIIRS,n,2.0NRT,317.37,10.14,D,jamnagar,VIIRS_NOAA21_NRT
22.46124,69.96858,342.57,0.47,0.47,2025-04-07,856,N21,VIIRS,n,2.0NRT,314.91,8.38,D,jamnagar,VIIRS_NOAA21_NRT
22.28942,70.03598,307.93,0.41,0.37,2025-04-08,2106,N21,VIIRS,n,2.0NRT,295.32,0.8,N,jamnagar,VIIRS_NOAA21_NRT
22.33646,69.86774,312.76,0.4,0.37,2025-04-08,2106,N21,VIIRS,n,2.0NRT,302.1,3.19,N,jamnagar,VIIRS_NOAA21_NRT
22.21073,70.13718,345.55,0.53,0.5,2025-04-10,801,N21,VIIRS,n,2.0NRT,316.72,6.68,D,jamnagar,VIIRS_NOAA21_NRT
22.34927,70.27849,343.97,0.52,0.5,2025-04-10,801,N21,VIIRS,l,2.0NRT,318.03,17.38,D,jamnagar,VIIRS_NOAA21_NRT
22.39529,70.19752,338.16,0.52,0.5,2025-04-10,801,N21,VIIRS,n,2.0NRT,312.28,6.17,D,jamnagar,VIIRS_NOAA21_NRT
22.27722,70.01065,343.79,0.59,0.53,2025-04-12,902,N21,VIIRS,n,2.0NRT,309.67,15.53,D,jamnagar,VIIRS_NOAA21_NRT
22.41747,70.255,343.96,0.61,0.54,2025-04-12,902,N21,VIIRS,n,2.0NRT,314.17,8.79,D,jamnagar,VIIRS_NOAA21_NRT
22.34009,69.85535,310.78,0.4,0.37,2025-04-14,2055,N21,VIIRS,n,2.0NRT,300.75,1.88,N,jamnagar,VIIRS_NOAA21_NRT
22.42218,69.89029,313.76,0.45,0.47,2025-04-15,2034,N21,VIIRS,n,2.0NRT,296.2,1.88,N,jamnagar,VIIRS_NOAA21_NRT
22.42292,69.89205,317.86,0.45,0.47,2025-04-15,2034,N21,VIIRS,n,2.0NRT,296.21,2.06,N,jamnagar,VIIRS_NOAA21_NRT
22.447,69.95692,336.28,0.76,0.77,2025-04-16,928,N21,VIIRS,n,2.0NRT,305.43,5.7,D,jamnagar,VIIRS_NOAA21_NRT
22.31402,69.85776,367.0,0.35,0.57,2025-04-21,754,N21,VIIRS,h,2.0NRT,316.83,7.34,D,jamnagar,VIIRS_NOAA21_NRT
22.42771,69.83207,307.06,0.36,0.58,2025-04-21,2021,N21,VIIRS,n,2.0NRT,296.94,0.86,N,jamnagar,VIIRS_NOAA21_NRT
22.21465,70.0372,346.61,0.46,0.47,2025-04-23,856,N21,VIIRS,l,2.0NRT,320.63,4.19,D,jamnagar,VIIRS_NOAA21_NRT
22.21832,69.95624,353.85,0.45,0.47,2025-04-23,856,N21,VIIRS,n,2.0NRT,322.07,8.92,D,jamnagar,VIIRS_NOAA21_NRT
22.33971,69.85594,314.7,0.4,0.37,2025-04-24,2106,N21,VIIRS,n,2.0NRT,302.78,2.47,N,jamnagar,VIIRS_NOAA21_NRT
22.33874,69.85452,313.75,0.45,0.39,2025-04-29,2112,N21,VIIRS,n,2.0NRT,303.74,2.32,N,jamnagar,VIIRS_NOAA21_NRT
22.33826,69.85602,314.85,0.4,0.37,2025-04-30,2055,N21,VIIRS,n,2.0NRT,303.65,2.34,N,jamnagar,VIIRS_NOAA21_NRT
22.34049,69.86432,323.68,0.4,0.37,2025-04-30,2055,N21,VIIRS,n,2.0NRT,301.39,3.31,N,jamnagar,VIIRS_NOAA21_NRT
22.34385,69.86487,340.77,0.4,0.37,2025-04-30,2055,N21,VIIRS,n,2.0NRT,299.55,10.55,N,jamnagar,VIIRS_NOAA21_NRT
22.57516,70.22898,312.76,0.4,0.37,2025-04-30,2055,N21,VIIRS,n,2.0NRT,297.48,1.31,N,jamnagar,VIIRS_NOAA21_NRT
22.23459,70.25181,343.59,0.42,0.45,2025-05-01,805,N21,VIIRS,l,2.0NRT,314.65,10.47,D,jamnagar,VIIRS_NOAA21_NRT
22.343,69.86505,346.45,0.44,0.46,2025-05-01,805,N21,VIIRS,n,2.0NRT,318.05,12.72,D,jamnagar,VIIRS_NOAA21_NRT
22.33945,69.86225,367.0,0.44,0.62,2025-05-02,748,N21,VIIRS,h,2.0NRT,310.56,10.85,D,jamnagar,VIIRS_NOAA21_NRT
22.34263,69.86434,367.0,0.44,0.62,2025-05-02,748,N21,VIIRS,h,2.0NRT,312.88,11.76,D,jamnagar,VIIRS_NOAA21_NRT
22.34032,69.87142,367.0,0.74,0.76,2025-05-02,928,N21,VIIRS,h,2.0NRT,309.36,15.49,D,jamnagar,VIIRS_NOAA21_NRT
22.34206,69.87215,351.0,0.74,0.76,2025-05-02,928,N21,VIIRS,n,2.0NRT,309.16,16.0,D,jamnagar,VIIRS_NOAA21_NRT
22.39454,70.02412,332.3,0.37,0.58,2025-05-03,909,N21,VIIRS,l,2.0NRT,303.14,2.03,D,jamnagar,VIIRS_NOAA21_NRT
22.44034,70.16663,338.49,0.38,0.59,2025-05-03,909,N21,VIIRS,n,2.0NRT,303.19,3.63,D,jamnagar,VIIRS_NOAA21_NRT
22.32031,69.93079,312.45,0.36,0.57,2025-05-03,2138,N21,VIIRS,n,2.0NRT,295.69,1.32,N,jamnagar,VIIRS_NOAA21_NRT
22.32402,69.93297,306.97,0.36,0.57,2025-05-03,2138,N21,VIIRS,n,2.0NRT,295.59,1.38,N,jamnagar,VIIRS_NOAA21_NRT
22.33733,69.85365,308.64,0.35,0.57,2025-05-03,2138,N21,VIIRS,n,2.0NRT,298.39,2.4,N,jamnagar,VIIRS_NOAA21_NRT
22.33078,70.10735,333.87,0.33,0.56,2025-05-07,754,N21,VIIRS,n,2.0NRT,297.31,2.03,D,jamnagar,VIIRS_NOAA21_NRT
22.33709,69.85603,300.13,0.36,0.57,2025-05-07,2021,N21,VIIRS,n,2.0NRT,286.42,1.21,N,jamnagar,VIIRS_NOAA21_NRT
22.33742,69.85254,300.1,0.36,0.57,2025-05-07,2021,N21,VIIRS,n,2.0NRT,286.3,0.98,N,jamnagar,VIIRS_NOAA21_NRT
22.33341,69.86643,305.71,0.45,0.63,2025-05-08,2144,N21,VIIRS,n,2.0NRT,291.35,3.28,N,jamnagar,VIIRS_NOAA21_NRT
22.58209,70.24693,331.81,0.48,0.48,2025-05-09,856,N21,VIIRS,n,2.0NRT,299.75,2.18,D,jamnagar,VIIRS_NOAA21_NRT
22.33911,69.85647,310.05,0.4,0.37,2025-05-10,2106,N21,VIIRS,n,2.0NRT,295.65,4.11,N,jamnagar,VIIRS_NOAA21_NRT
22.33945,69.85602,310.81,0.46,0.39,2025-05-15,2112,N21,VIIRS,n,2.0NRT,297.24,2.94,N,jamnagar,VIIRS_NOAA21_NRT
22.41252,69.9082,332.25,0.38,0.36,2025-05-21,833,N21,VIIRS,n,2.0NRT,299.68,1.62,D,jamnagar,VIIRS_NOAA21_NRT
22.3361,69.86746,312.04,0.38,0.36,2025-05-21,2059,N21,VIIRS,n,2.0NRT,299.22,2.18,N,jamnagar,VIIRS_NOAA21_NRT
22.43042,69.83164,309.72,0.38,0.36,2025-05-21,2059,N21,VIIRS,n,2.0NRT,298.01,0.58,N,jamnagar,VIIRS_NOAA21_NRT
22.34206,69.86642,339.44,0.41,0.37,2025-05-26,837,N21,VIIRS,n,2.0NRT,299.56,3.88,D,jamnagar,VIIRS_NOAA21_NRT
22.31536,69.85991,327.47,0.45,0.39,2025-05-27,2049,N21,VIIRS,n,2.0NRT,294.58,6.81,N,jamnagar,VIIRS_NOAA21_NRT
22.31329,69.85952,334.87,0.54,0.51,2025-05-28,801,N21,VIIRS,n,2.0NRT,299.56,5.37,D,jamnagar,VIIRS_NOAA21_NRT
22.24889,70.09682,339.59,0.47,0.4,2025-05-31,843,N21,VIIRS,l,2.0NRT,311.31,6.74,D,jamnagar,VIIRS_NOAA21_NRT
22.40366,69.90999,336.55,0.47,0.39,2025-05-31,843,N21,VIIRS,l,2.0NRT,307.65,7.35,D,jamnagar,VIIRS_NOAA21_NRT
22.36402,69.92573,330.12,0.42,0.61,2025-06-03,748,N21,VIIRS,n,2.0NRT,298.82,6.15,D,jamnagar,VIIRS_NOAA21_NRT
22.52236,70.29247,306.49,0.42,0.61,2025-06-03,2017,N21,VIIRS,n,2.0NRT,294.77,1.51,N,jamnagar,VIIRS_NOAA21_NRT
22.52636,70.29201,305.39,0.42,0.61,2025-06-03,2017,N21,VIIRS,n,2.0NRT,294.71,1.08,N,jamnagar,VIIRS_NOAA21_NRT
22.41035,69.88268,313.04,0.36,0.57,2025-06-04,2138,N21,VIIRS,n,2.0NRT,296.08,3.46,N,jamnagar,VIIRS_NOAA21_NRT
22.33678,69.86767,313.19,0.38,0.36,2025-06-06,2059,N21,VIIRS,n,2.0NRT,301.63,2.41,N,jamnagar,VIIRS_NOAA21_NRT
22.42633,69.97652,339.36,0.41,0.37,2025-06-11,837,N21,VIIRS,n,2.0NRT,307.25,6.58,D,jamnagar,VIIRS_NOAA21_NRT
22.42652,69.97272,334.94,0.41,0.37,2025-06-11,837,N21,VIIRS,l,2.0NRT,306.3,6.53,D,jamnagar,VIIRS_NOAA21_NRT
22.32192,69.88207,316.72,0.38,0.36,2025-07-08,2059,N21,VIIRS,n,2.0NRT,287.07,1.16,N,jamnagar,VIIRS_NOAA21_NRT
22.33971,69.85493,307.02,0.38,0.36,2025-07-08,2059,N21,VIIRS,n,2.0NRT,287.76,1.99,N,jamnagar,VIIRS_NOAA21_NRT
22.33401,69.86674,307.38,0.38,0.36,2025-07-24,2059,N21,VIIRS,n,2.0NRT,293.51,3.02,N,jamnagar,VIIRS_NOAA21_NRT
22.33904,69.85625,310.17,0.38,0.36,2025-07-24,2059,N21,VIIRS,n,2.0NRT,293.5,3.64,N,jamnagar,VIIRS_NOAA21_NRT
22.33396,69.86835,308.13,0.38,0.36,2025-08-09,2059,N21,VIIRS,n,2.0NRT,294.98,3.2,N,jamnagar,VIIRS_NOAA21_NRT
22.33958,69.85416,311.29,0.38,0.36,2025-08-09,2059,N21,VIIRS,n,2.0NRT,295.2,2.43,N,jamnagar,VIIRS_NOAA21_NRT
22.33161,69.86781,298.67,0.58,0.7,2025-08-17,2150,N21,VIIRS,n,2.0NRT,279.49,2.41,N,jamnagar,VIIRS_NOAA21_NRT
22.33436,69.86811,311.16,0.38,0.36,2025-09-10,2059,N21,VIIRS,n,2.0NRT,297.08,2.76,N,jamnagar,VIIRS_NOAA21_NRT
22.33998,69.85393,309.76,0.38,0.36,2025-09-10,2059,N21,VIIRS,n,2.0NRT,295.34,2.28,N,jamnagar,VIIRS_NOAA21_NRT
22.42896,69.83145,306.21,0.38,0.36,2025-09-10,2059,N21,VIIRS,n,2.0NRT,293.86,0.78,N,jamnagar,VIIRS_NOAA21_NRT
22.31539,69.85683,318.55,0.53,0.42,2025-09-11,2042,N21,VIIRS,n,2.0NRT,277.97,2.45,N,jamnagar,VIIRS_NOAA21_NRT
22.57419,70.22949,307.98,0.41,0.37,2025-09-15,2106,N21,VIIRS,n,2.0NRT,287.51,0.53,N,jamnagar,VIIRS_NOAA21_NRT
22.33632,69.86729,306.16,0.41,0.37,2025-09-15,2108,N21,VIIRS,n,2.0NRT,289.42,2.43,N,jamnagar,VIIRS_NOAA21_NRT
22.33829,69.85561,308.07,0.41,0.37,2025-09-15,2108,N21,VIIRS,n,2.0NRT,289.19,2.5,N,jamnagar,VIIRS_NOAA21_NRT
22.33953,69.85311,307.18,0.45,0.39,2025-09-16,2046,N21,VIIRS,n,2.0NRT,295.19,3.72,N,jamnagar,VIIRS_NOAA21_NRT
22.33895,69.85413,306.85,0.46,0.39,2025-09-20,2114,N21,VIIRS,n,2.0NRT,291.33,2.78,N,jamnagar,VIIRS_NOAA21_NRT
22.57299,70.22856,304.42,0.48,0.4,2025-09-20,2114,N21,VIIRS,n,2.0NRT,289.67,0.51,N,jamnagar,VIIRS_NOAA21_NRT
22.33756,69.85535,307.19,0.4,0.37,2025-09-21,2053,N21,VIIRS,n,2.0NRT,293.03,2.55,N,jamnagar,VIIRS_NOAA21_NRT
22.33739,69.85323,304.56,0.44,0.46,2025-09-22,2036,N21,VIIRS,n,2.0NRT,291.96,2.64,N,jamnagar,VIIRS_NOAA21_NRT
22.36025,69.80429,319.04,0.44,0.46,2025-09-22,2036,N21,VIIRS,n,2.0NRT,291.55,1.7,N,jamnagar,VIIRS_NOAA21_NRT
22.364,69.80912,311.76,0.44,0.46,2025-09-22,2036,N21,VIIRS,n,2.0NRT,291.62,1.34,N,jamnagar,VIIRS_NOAA21_NRT
22.3587,69.80635,313.03,0.45,0.63,2025-09-23,2017,N21,VIIRS,n,2.0NRT,290.92,1.7,N,jamnagar,VIIRS_NOAA21_NRT
22.33783,69.86295,306.01,0.36,0.58,2025-09-24,2138,N21,VIIRS,n,2.0NRT,293.0,1.89,N,jamnagar,VIIRS_NOAA21_NRT
22.33573,69.85371,303.99,0.38,0.36,2025-09-26,2059,N21,VIIRS,n,2.0NRT,286.32,1.09,N,jamnagar,VIIRS_NOAA21_NRT
22.33669,69.86906,306.35,0.38,0.36,2025-09-26,2059,N21,VIIRS,n,2.0NRT,285.08,1.87,N,jamnagar,VIIRS_NOAA21_NRT
22.33901,69.8543,308.16,0.38,0.36,2025-09-26,2059,N21,VIIRS,n,2.0NRT,286.74,1.09,N,jamnagar,VIIRS_NOAA21_NRT
22.33839,69.85453,309.45,0.46,0.39,2025-10-06,2112,N21,VIIRS,n,2.0NRT,297.33,3.27,N,jamnagar,VIIRS_NOAA21_NRT
22.33427,69.86897,310.04,0.4,0.37,2025-10-07,2053,N21,VIIRS,n,2.0NRT,299.81,2.26,N,jamnagar,VIIRS_NOAA21_NRT
22.33988,69.85419,308.78,0.4,0.37,2025-10-07,2053,N21,VIIRS,n,2.0NRT,298.55,1.84,N,jamnagar,VIIRS_NOAA21_NRT
22.43121,69.83331,308.33,0.4,0.37,2025-10-07,2053,N21,VIIRS,n,2.0NRT,296.48,1.33,N,jamnagar,VIIRS_NOAA21_NRT
22.42961,69.83197,309.24,0.45,0.47,2025-10-08,2034,N21,VIIRS,n,2.0NRT,296.63,1.58,N,jamnagar,VIIRS_NOAA21_NRT
22.42982,69.83396,308.65,0.45,0.47,2025-10-08,2034,N21,VIIRS,n,2.0NRT,296.48,1.35,N,jamnagar,VIIRS_NOAA21_NRT
22.31476,69.85809,322.74,0.44,0.46,2025-10-08,2036,N21,VIIRS,n,2.0NRT,294.02,2.76,N,jamnagar,VIIRS_NOAA21_NRT
22.31499,69.85818,321.06,0.44,0.46,2025-10-08,2036,N21,VIIRS,n,2.0NRT,293.93,2.58,N,jamnagar,VIIRS_NOAA21_NRT
22.31689,69.88377,304.02,0.36,0.57,2025-10-10,2138,N21,VIIRS,n,2.0NRT,292.26,0.31,N,jamnagar,VIIRS_NOAA21_NRT
22.33965,69.85395,306.11,0.36,0.57,2025-10-10,2138,N21,VIIRS,n,2.0NRT,295.79,3.27,N,jamnagar,VIIRS_NOAA21_NRT
22.33478,69.86624,311.44,0.38,0.36,2025-10-12,2059,N21,VIIRS,n,2.0NRT,300.22,3.06,N,jamnagar,VIIRS_NOAA21_NRT
22.33979,69.85579,315.45,0.38,0.36,2025-10-12,2059,N21,VIIRS,n,2.0NRT,300.3,3.48,N,jamnagar,VIIRS_NOAA21_NRT
22.42884,69.83324,309.47,0.38,0.36,2025-10-12,2059,N21,VIIRS,n,2.0NRT,296.13,0.98,N,jamnagar,VIIRS_NOAA21_NRT
22.42799,69.83272,307.29,0.36,0.57,2025-10-14,2021,N21,VIIRS,n,2.0NRT,294.28,0.83,N,jamnagar,VIIRS_NOAA21_NRT
22.27476,70.10118,332.88,0.48,0.65,2025-10-15,915,N21,VIIRS,n,2.0NRT,300.93,2.92,D,jamnagar,VIIRS_NOAA21_NRT
22.33385,69.86845,308.4,0.45,0.63,2025-10-15,2144,N21,VIIRS,n,2.0NRT,298.39,3.59,N,jamnagar,VIIRS_NOAA21_NRT
22.33904,69.85528,308.58,0.45,0.63,2025-10-15,2144,N21,VIIRS,n,2.0NRT,298.28,2.82,N,jamnagar,VIIRS_NOAA21_NRT
22.33924,69.85514,310.13,0.45,0.47,2025-10-16,2125,N21,VIIRS,n,2.0NRT,297.43,4.69,N,jamnagar,VIIRS_NOAA21_NRT
22.29785,70.07625,339.08,0.41,0.37,2025-10-17,837,N21,VIIRS,n,2.0NRT,309.99,4.63,D,jamnagar,VIIRS_NOAA21_NRT
22.33459,69.86853,314.47,0.4,0.37,2025-10-17,2106,N21,VIIRS,n,2.0NRT,301.92,3.84,N,jamnagar,VIIRS_NOAA21_NRT
22.3405,69.85376,313.16,0.4,0.37,2025-10-17,2106,N21,VIIRS,n,2.0NRT,299.94,3.07,N,jamnagar,VIIRS_NOAA21_NRT
22.25826,70.26443,341.69,0.43,0.38,2025-10-18,820,N21,VIIRS,n,2.0NRT,306.61,5.69,D,jamnagar,VIIRS_NOAA21_NRT
22.29146,70.22777,346.28,0.43,0.38,2025-10-18,820,N21,VIIRS,n,2.0NRT,307.69,4.31,D,jamnagar,VIIRS_NOAA21_NRT
22.4312,69.83469,307.33,0.45,0.39,2025-10-18,2049,N21,VIIRS,n,2.0NRT,296.36,1.02,N,jamnagar,VIIRS_NOAA21_NRT
22.33515,69.86691,310.73,0.45,0.39,2025-10-22,2112,N21,VIIRS,n,2.0NRT,300.5,3.76,N,jamnagar,VIIRS_NOAA21_NRT
22.34095,69.85464,310.26,0.45,0.39,2025-10-22,2112,N21,VIIRS,n,2.0NRT,298.98,4.03,N,jamnagar,VIIRS_NOAA21_NRT
22.42896,69.83138,306.8,0.45,0.39,2025-10-22,2112,N21,VIIRS,n,2.0NRT,296.64,1.64,N,jamnagar,VIIRS_NOAA21_NRT
22.33447,69.86702,309.54,0.4,0.37,2025-10-23,2055,N21,VIIRS,n,2.0NRT,297.25,3.21,N,jamnagar,VIIRS_NOAA21_NRT
22.3395,69.85601,311.56,0.4,0.37,2025-10-23,2055,N21,VIIRS,n,2.0NRT,297.17,2.16,N,jamnagar,VIIRS_NOAA21_NRT
22.33455,69.86868,306.89,0.4,0.37,2025-11-02,2105,N21,VIIRS,n,2.0NRT,296.72,2.54,N,jamnagar,VIIRS_NOAA21_NRT
22.42945,69.83148,305.55,0.4,0.37,2025-11-02,2105,N21,VIIRS,n,2.0NRT,295.44,1.98,N,jamnagar,VIIRS_NOAA21_NRT
22.26151,70.26022,335.08,0.44,0.38,2025-11-03,817,N21,VIIRS,n,2.0NRT,299.11,5.34,D,jamnagar,VIIRS_NOAA21_NRT
22.33998,69.85502,310.91,0.45,0.39,2025-11-07,2112,N21,VIIRS,n,2.0NRT,297.87,3.73,N,jamnagar,VIIRS_NOAA21_NRT
22.33513,69.86675,308.8,0.4,0.37,2025-11-08,2055,N21,VIIRS,n,2.0NRT,298.6,2.69,N,jamnagar,VIIRS_NOAA21_NRT
22.34019,69.85569,310.68,0.4,0.37,2025-11-08,2055,N21,VIIRS,n,2.0NRT,297.8,3.1,N,jamnagar,VIIRS_NOAA21_NRT
22.31458,69.86057,329.69,0.45,0.47,2025-11-09,2033,N21,VIIRS,n,2.0NRT,293.11,3.61,N,jamnagar,VIIRS_NOAA21_NRT
22.29649,70.11185,331.51,0.37,0.58,2025-11-11,911,N21,VIIRS,l,2.0NRT,305.83,4.8,D,jamnagar,VIIRS_NOAA21_NRT
22.30321,70.12583,332.29,0.37,0.58,2025-11-11,911,N21,VIIRS,n,2.0NRT,303.23,2.33,D,jamnagar,VIIRS_NOAA21_NRT
22.33822,69.85516,309.44,0.54,0.42,2025-11-12,2118,N21,VIIRS,n,2.0NRT,298.26,2.95,N,jamnagar,VIIRS_NOAA21_NRT
22.3341,69.86857,310.24,0.38,0.36,2025-11-13,2059,N21,VIIRS,n,2.0NRT,298.62,2.26,N,jamnagar,VIIRS_NOAA21_NRT
22.33969,69.85441,315.24,0.38,0.36,2025-11-13,2059,N21,VIIRS,n,2.0NRT,299.52,2.3,N,jamnagar,VIIRS_NOAA21_NRT
22.334,69.86755,307.3,0.36,0.57,2025-11-15,2023,N21,VIIRS,n,2.0NRT,297.22,2.88,N,jamnagar,VIIRS_NOAA21_NRT
22.33601,69.86814,306.25,0.44,0.46,2025-11-17,2127,N21,VIIRS,n,2.0NRT,295.91,2.97,N,jamnagar,VIIRS_NOAA21_NRT
22.33846,69.85544,309.6,0.44,0.46,2025-11-17,2127,N21,VIIRS,n,2.0NRT,296.76,4.21,N,jamnagar,VIIRS_NOAA21_NRT
22.33893,69.85339,307.45,0.44,0.46,2025-11-17,2127,N21,VIIRS,n,2.0NRT,296.19,2.2,N,jamnagar,VIIRS_NOAA21_NRT
22.33482,69.86675,309.9,0.4,0.37,2025-11-18,2105,N21,VIIRS,n,2.0NRT,297.49,3.45,N,jamnagar,VIIRS_NOAA21_NRT
22.34009,69.85587,311.72,0.4,0.37,2025-11-18,2105,N21,VIIRS,n,2.0NRT,296.3,2.03,N,jamnagar,VIIRS_NOAA21_NRT
22.42899,69.83269,304.07,0.4,0.37,2025-11-18,2105,N21,VIIRS,n,2.0NRT,291.01,0.91,N,jamnagar,VIIRS_NOAA21_NRT
22.2084,70.21693,333.77,0.44,0.38,2025-11-19,820,N21,VIIRS,l,2.0NRT,306.22,2.95,D,jamnagar,VIIRS_NOAA21_NRT
22.21033,70.18631,336.94,0.44,0.38,2025-11-19,820,N21,VIIRS,l,2.0NRT,307.65,4.61,D,jamnagar,VIIRS_NOAA21_NRT
22.2174,70.20655,353.42,0.44,0.38,2025-11-19,820,N21,VIIRS,n,2.0NRT,307.8,6.9,D,jamnagar,VIIRS_NOAA21_NRT
22.23129,70.20376,341.97,0.44,0.38,2025-11-19,820,N21,VIIRS,n,2.0NRT,307.49,3.26,D,jamnagar,VIIRS_NOAA21_NRT
22.26488,70.27472,336.97,0.43,0.38,2025-11-19,820,N21,VIIRS,n,2.0NRT,305.42,3.06,D,jamnagar,VIIRS_NOAA21_NRT
22.31033,70.2369,346.39,0.44,0.38,2025-11-19,820,N21,VIIRS,n,2.0NRT,305.31,3.2,D,jamnagar,VIIRS_NOAA21_NRT
22.37192,70.27854,301.81,0.59,0.7,2025-11-21,2150,N21,VIIRS,n,2.0NRT,287.41,0.94,N,jamnagar,VIIRS_NOAA21_NRT
22.37394,70.28112,299.37,0.59,0.7,2025-11-21,2150,N21,VIIRS,n,2.0NRT,287.49,0.78,N,jamnagar,VIIRS_NOAA21_NRT
22.31321,69.86217,340.62,0.57,0.52,2025-11-22,904,N21,VIIRS,n,2.0NRT,306.97,6.01,D,jamnagar,VIIRS_NOAA21_NRT
22.31683,69.85828,339.58,0.57,0.52,2025-11-22,904,N21,VIIRS,n,2.0NRT,304.4,8.46,D,jamnagar,VIIRS_NOAA21_NRT
22.33443,69.86845,308.91,0.45,0.39,2025-11-23,2112,N21,VIIRS,n,2.0NRT,297.65,2.18,N,jamnagar,VIIRS_NOAA21_NRT
22.34024,69.85612,309.32,0.45,0.39,2025-11-23,2112,N21,VIIRS,n,2.0NRT,296.59,3.77,N,jamnagar,VIIRS_NOAA21_NRT
22.33421,69.86865,309.19,0.4,0.37,2025-11-24,2053,N21,VIIRS,n,2.0NRT,298.18,3.19,N,jamnagar,VIIRS_NOAA21_NRT
22.33982,69.8538,310.03,0.4,0.37,2025-11-24,2053,N21,VIIRS,n,2.0NRT,296.68,2.86,N,jamnagar,VIIRS_NOAA21_NRT
22.43088,69.83269,304.53,0.4,0.37,2025-11-24,2053,N21,VIIRS,n,2.0NRT,291.84,0.9,N,jamnagar,VIIRS_NOAA21_NRT
22.57302,70.22978,304.83,0.39,0.37,2025-11-24,2053,N21,VIIRS,n,2.0NRT,287.55,0.9,N,jamnagar,VIIRS_NOAA21_NRT
22.43042,69.83181,303.7,0.45,0.47,2025-11-25,2033,N21,VIIRS,n,2.0NRT,291.86,0.91,N,jamnagar,VIIRS_NOAA21_NRT
22.33975,70.08695,345.75,0.42,0.61,2025-11-26,748,N21,VIIRS,n,2.0NRT,301.27,5.59,D,jamnagar,VIIRS_NOAA21_NRT
22.34072,70.08779,351.76,0.42,0.61,2025-11-26,748,N21,VIIRS,n,2.0NRT,301.69,9.35,D,jamnagar,VIIRS_NOAA21_NRT
22.34525,70.08556,330.72,0.42,0.61,2025-11-26,748,N21,VIIRS,n,2.0NRT,301.76,2.02,D,jamnagar,VIIRS_NOAA21_NRT
22.33787,69.86832,304.4,0.35,0.57,2025-11-27,2137,N21,VIIRS,n,2.0NRT,293.29,2.95,N,jamnagar,VIIRS_NOAA21_NRT
22.34076,69.85489,304.02,0.35,0.57,2025-11-27,2137,N21,VIIRS,n,2.0NRT,293.64,2.7,N,jamnagar,VIIRS_NOAA21_NRT
22.42797,69.83321,305.81,0.35,0.57,2025-11-27,2137,N21,VIIRS,n,2.0NRT,292.0,0.7,N,jamnagar,VIIRS_NOAA21_NRT
22.33732,69.86612,305.27,0.55,0.42,2025-11-28,2120,N21,VIIRS,n,2.0NRT,294.86,2.19,N,jamnagar,VIIRS_NOAA21_NRT
22.33925,69.85571,305.45,0.54,0.42,2025-11-28,2120,N21,VIIRS,n,2.0NRT,294.73,2.37,N,jamnagar,VIIRS_NOAA21_NRT
22.42889,69.83459,303.51,0.54,0.42,2025-11-28,2120,N21,VIIRS,n,2.0NRT,292.64,1.03,N,jamnagar,VIIRS_NOAA21_NRT
22.38397,70.18665,331.49,0.39,0.36,2025-11-29,832,N21,VIIRS,n,2.0NRT,302.37,2.92,D,jamnagar,VIIRS_NOAA21_NRT
22.33583,69.85326,307.46,0.38,0.36,2025-11-29,2059,N21,VIIRS,n,2.0NRT,296.59,2.76,N,jamnagar,VIIRS_NOAA21_NRT
22.3368,69.86863,310.26,0.38,0.36,2025-11-29,2059,N21,VIIRS,n,2.0NRT,296.11,1.4,N,jamnagar,VIIRS_NOAA21_NRT
22.33912,69.85386,312.53,0.38,0.36,2025-11-29,2059,N21,VIIRS,n,2.0NRT,297.05,2.21,N,jamnagar,VIIRS_NOAA21_NRT
22.43122,69.8327,306.55,0.38,0.36,2025-11-29,2059,N21,VIIRS,n,2.0NRT,293.3,0.92,N,jamnagar,VIIRS_NOAA21_NRT
22.3396,69.85497,304.65,0.35,0.57,2025-12-01,2023,N21,VIIRS,n,2.0NRT,294.59,1.41,N,jamnagar,VIIRS_NOAA21_NRT
22.33682,69.8664,306.75,0.4,0.37,2025-12-04,2105,N21,VIIRS,n,2.0NRT,295.51,2.82,N,jamnagar,VIIRS_NOAA21_NRT
22.33876,69.8548,313.71,0.4,0.37,2025-12-04,2105,N21,VIIRS,n,2.0NRT,298.34,3.29,N,jamnagar,VIIRS_NOAA21_NRT
22.43103,69.8325,305.14,0.4,0.37,2025-12-04,2105,N21,VIIRS,n,2.0NRT,291.67,0.8,N,jamnagar,VIIRS_NOAA21_NRT
22.33532,69.86809,306.67,0.45,0.39,2025-12-05,2048,N21,VIIRS,n,2.0NRT,296.31,2.97,N,jamnagar,VIIRS_NOAA21_NRT
22.34065,69.85565,305.3,0.45,0.39,2025-12-05,2048,N21,VIIRS,n,2.0NRT,295.01,1.41,N,jamnagar,VIIRS_NOAA21_NRT
22.43031,69.8324,303.16,0.45,0.39,2025-12-05,2048,N21,VIIRS,n,2.0NRT,291.59,0.88,N,jamnagar,VIIRS_NOAA21_NRT
22.42939,69.83188,303.84,0.56,0.52,2025-12-06,2027,N21,VIIRS,n,2.0NRT,291.16,1.73,N,jamnagar,VIIRS_NOAA21_NRT
22.33621,69.86949,306.79,0.46,0.39,2025-12-09,2114,N21,VIIRS,n,2.0NRT,295.68,2.33,N,jamnagar,VIIRS_NOAA21_NRT
22.33852,69.85632,309.56,0.46,0.39,2025-12-09,2114,N21,VIIRS,n,2.0NRT,296.7,2.08,N,jamnagar,VIIRS_NOAA21_NRT
22.33901,69.85477,313.66,0.4,0.37,2025-12-10,2053,N21,VIIRS,n,2.0NRT,299.29,2.19,N,jamnagar,VIIRS_NOAA21_NRT
22.43008,69.83396,302.36,0.4,0.37,2025-12-10,2053,N21,VIIRS,n,2.0NRT,291.72,0.85,N,jamnagar,VIIRS_NOAA21_NRT
22.42869,69.83254,301.99,0.36,0.57,2025-12-13,2137,N21,VIIRS,n,2.0NRT,291.78,0.67,N,jamnagar,VIIRS_NOAA21_NRT
22.345,70.09999,332.22,0.38,0.44,2025-12-14,852,N21,VIIRS,n,2.0NRT,303.55,2.85,D,jamnagar,VIIRS_NOAA21_NRT
22.33623,69.86597,303.69,0.55,0.43,2025-12-14,2120,N21,VIIRS,n,2.0NRT,293.31,3.46,N,jamnagar,VIIRS_NOAA21_NRT
22.33819,69.85546,306.12,0.55,0.43,2025-12-14,2120,N21,VIIRS,n,2.0NRT,294.08,4.08,N,jamnagar,VIIRS_NOAA21_NRT
22.46657,70.09395,332.37,0.39,0.36,2025-12-15,832,N21,VIIRS,l,2.0NRT,304.55,3.99,D,jamnagar,VIIRS_NOAA21_NRT
22.33713,69.86922,308.16,0.38,0.36,2025-12-15,2059,N21,VIIRS,n,2.0NRT,295.19,1.78,N,jamnagar,VIIRS_NOAA21_NRT
22.33945,69.85443,313.92,0.38,0.36,2025-12-15,2059,N21,VIIRS,n,2.0NRT,298.21,1.88,N,jamnagar,VIIRS_NOAA21_NRT
22.32938,69.89707,334.84,0.52,0.42,2025-12-16,813,N21,VIIRS,n,2.0NRT,305.1,3.61,D,jamnagar,VIIRS_NOAA21_NRT
22.43043,69.83313,302.42,0.54,0.42,2025-12-16,2042,N21,VIIRS,n,2.0NRT,291.53,1.11,N,jamnagar,VIIRS_NOAA21_NRT
22.42725,69.83373,302.07,0.45,0.63,2025-12-18,2144,N21,VIIRS,n,2.0NRT,291.51,0.93,N,jamnagar,VIIRS_NOAA21_NRT
22.33444,69.86649,308.54,0.45,0.47,2025-12-19,2127,N21,VIIRS,n,2.0NRT,297.64,3.66,N,jamnagar,VIIRS_NOAA21_NRT
22.3412,69.8545,306.34,0.45,0.47,2025-12-19,2127,N21,VIIRS,n,2.0NRT,295.62,4.28,N,jamnagar,VIIRS_NOAA21_NRT
22.42866,69.83202,305.52,0.45,0.47,2025-12-19,2127,N21,VIIRS,n,2.0NRT,292.23,0.87,N,jamnagar,VIIRS_NOAA21_NRT
22.33181,69.86777,302.07,0.4,0.37,2025-12-20,2108,N21,VIIRS,n,2.0NRT,289.59,1.63,N,jamnagar,VIIRS_NOAA21_NRT
22.33518,69.86842,307.73,0.4,0.37,2025-12-20,2108,N21,VIIRS,n,2.0NRT,291.29,1.54,N,jamnagar,VIIRS_NOAA21_NRT
22.34113,69.85352,301.67,0.4,0.37,2025-12-20,2108,N21,VIIRS,n,2.0NRT,288.59,2.46,N,jamnagar,VIIRS_NOAA21_NRT
22.42945,69.8336,305.69,0.4,0.37,2025-12-20,2108,N21,VIIRS,n,2.0NRT,290.81,0.78,N,jamnagar,VIIRS_NOAA21_NRT
22.33852,69.853,307.53,0.45,0.39,2025-12-21,2048,N21,VIIRS,n,2.0NRT,297.51,4.0,N,jamnagar,VIIRS_NOAA21_NRT
22.3367,69.86756,305.96,0.46,0.39,2025-12-25,2114,N21,VIIRS,n,2.0NRT,295.35,2.57,N,jamnagar,VIIRS_NOAA21_NRT
22.33902,69.85431,309.7,0.46,0.39,2025-12-25,2114,N21,VIIRS,n,2.0NRT,296.38,3.13,N,jamnagar,VIIRS_NOAA21_NRT
22.42962,69.8346,304.01,0.46,0.39,2025-12-25,2114,N21,VIIRS,n,2.0NRT,291.24,0.86,N,jamnagar,VIIRS_NOAA21_NRT
22.3342,69.86929,305.62,0.4,0.37,2025-12-26,2053,N21,VIIRS,n,2.0NRT,295.5,1.81,N,jamnagar,VIIRS_NOAA21_NRT
22.33982,69.85452,311.47,0.4,0.37,2025-12-26,2053,N21,VIIRS,n,2.0NRT,296.68,2.08,N,jamnagar,VIIRS_NOAA21_NRT
22.43099,69.83439,303.09,0.4,0.37,2025-12-26,2053,N21,VIIRS,n,2.0NRT,290.6,0.85,N,jamnagar,VIIRS_NOAA21_NRT
22.31473,70.22074,334.4,0.41,0.45,2025-12-27,807,N21,VIIRS,n,2.0NRT,305.46,2.86,D,jamnagar,VIIRS_NOAA21_NRT
22.31474,70.22112,330.96,0.41,0.45,2025-12-27,807,N21,VIIRS,n,2.0NRT,305.75,2.95,D,jamnagar,VIIRS_NOAA21_NRT
22.4281,69.83392,304.19,0.44,0.46,2025-12-27,2036,N21,VIIRS,n,2.0NRT,290.82,0.76,N,jamnagar,VIIRS_NOAA21_NRT
22.57523,70.22662,301.99,0.42,0.45,2025-12-27,2036,N21,VIIRS,n,2.0NRT,288.5,0.91,N,jamnagar,VIIRS_NOAA21_NRT
22.43082,69.83417,300.16,0.44,0.63,2025-12-28,2016,N21,VIIRS,n,2.0NRT,289.8,0.91,N,jamnagar,VIIRS_NOAA21_NRT
22.43217,69.83218,302.46,0.45,0.63,2025-12-28,2016,N21,VIIRS,n,2.0NRT,290.33,0.83,N,jamnagar,VIIRS_NOAA21_NRT
22.42859,69.83259,304.53,0.36,0.57,2025-12-29,2137,N21,VIIRS,n,2.0NRT,290.85,0.6,N,jamnagar,VIIRS_NOAA21_NRT
22.31124,70.09386,331.39,0.39,0.44,2025-12-30,852,N21,VIIRS,n,2.0NRT,300.17,1.24,D,jamnagar,VIIRS_NOAA21_NRT
22.33465,69.86628,306.76,0.55,0.43,2025-12-30,2120,N21,VIIRS,n,2.0NRT,294.83,4.08,N,jamnagar,VIIRS_NOAA21_NRT
22.3405,69.85655,304.18,0.55,0.43,2025-12-30,2120,N21,VIIRS,n,2.0NRT,293.31,2.37,N,jamnagar,VIIRS_NOAA21_NRT
22.42988,69.83486,302.2,0.55,0.43,2025-12-30,2120,N21,VIIRS,n,2.0NRT,291.25,1.0,N,jamnagar,VIIRS_NOAA21_NRT
22.40519,69.91508,332.5,0.38,0.36,2025-12-31,832,N21,VIIRS,n,2.0NRT,299.96,1.97,D,jamnagar,VIIRS_NOAA21_NRT
22.57608,70.21745,331.86,0.39,0.36,2025-12-31,832,N21,VIIRS,n,2.0NRT,299.49,2.13,D,jamnagar,VIIRS_NOAA21_NRT
22.33491,69.86702,307.92,0.38,0.36,2025-12-31,2101,N21,VIIRS,n,2.0NRT,293.14,1.22,N,jamnagar,VIIRS_NOAA21_NRT
22.33994,69.85653,303.17,0.38,0.36,2025-12-31,2101,N21,VIIRS,n,2.0NRT,292.37,1.81,N,jamnagar,VIIRS_NOAA21_NRT
22.33413,69.86821,304.44,0.53,0.42,2026-01-01,2042,N21,VIIRS,n,2.0NRT,293.09,1.97,N,jamnagar,VIIRS_NOAA21_NRT
22.43112,69.83188,301.93,0.53,0.42,2026-01-01,2042,N21,VIIRS,n,2.0NRT,290.26,1.09,N,jamnagar,VIIRS_NOAA21_NRT
22.33323,69.86719,305.31,0.35,0.56,2026-01-02,2025,N21,VIIRS,n,2.0NRT,294.41,2.42,N,jamnagar,VIIRS_NOAA21_NRT
22.4264,69.90718,337.52,0.48,0.65,2026-01-03,915,N21,VIIRS,n,2.0NRT,298.92,4.62,D,jamnagar,VIIRS_NOAA21_NRT
22.42865,69.90775,342.11,0.48,0.65,2026-01-03,915,N21,VIIRS,n,2.0NRT,298.71,3.52,D,jamnagar,VIIRS_NOAA21_NRT
22.33397,69.86665,304.79,0.46,0.63,2026-01-03,2146,N21,VIIRS,n,2.0NRT,293.64,3.46,N,jamnagar,VIIRS_NOAA21_NRT
22.33698,69.85377,304.33,0.46,0.63,2026-01-03,2146,N21,VIIRS,n,2.0NRT,293.79,3.92,N,jamnagar,VIIRS_NOAA21_NRT
22.4314,69.83506,298.52,0.45,0.63,2026-01-03,2146,N21,VIIRS,n,2.0NRT,288.05,1.25,N,jamnagar,VIIRS_NOAA21_NRT
22.33974,70.08962,335.09,0.48,0.48,2026-01-04,858,N21,VIIRS,n,2.0NRT,302.88,4.09,D,jamnagar,VIIRS_NOAA21_NRT
22.33521,69.86868,305.41,0.46,0.47,2026-01-04,2127,N21,VIIRS,n,2.0NRT,293.06,2.44,N,jamnagar,VIIRS_NOAA21_NRT
22.33778,69.85558,308.03,0.46,0.47,2026-01-04,2127,N21,VIIRS,n,2.0NRT,294.37,3.88,N,jamnagar,VIIRS_NOAA21_NRT
22.4293,69.83416,302.86,0.45,0.47,2026-01-04,2127,N21,VIIRS,n,2.0NRT,289.03,0.79,N,jamnagar,VIIRS_NOAA21_NRT
22.33611,69.86636,310.6,0.41,0.37,2026-01-05,2108,N21,VIIRS,n,2.0NRT,293.95,2.31,N,jamnagar,VIIRS_NOAA21_NRT
22.33806,69.85468,310.08,0.41,0.37,2026-01-05,2108,N21,VIIRS,n,2.0NRT,296.18,2.19,N,jamnagar,VIIRS_NOAA21_NRT
22.43011,69.83225,302.9,0.4,0.37,2026-01-05,2108,N21,VIIRS,n,2.0NRT,290.14,0.69,N,jamnagar,VIIRS_NOAA21_NRT
22.34345,69.86381,337.77,0.44,0.38,2026-01-06,820,N21,VIIRS,n,2.0NRT,305.48,2.82,D,jamnagar,VIIRS_NOAA21_NRT
22.33911,69.85596,307.76,0.44,0.39,2026-01-06,2048,N21,VIIRS,n,2.0NRT,293.79,3.3,N,jamnagar,VIIRS_NOAA21_NRT
22.42877,69.83479,301.3,0.45,0.39,2026-01-06,2048,N21,VIIRS,n,2.0NRT,288.58,0.79,N,jamnagar,VIIRS_NOAA21_NRT
22.42881,69.83323,301.49,0.45,0.39,2026-01-06,2048,N21,VIIRS,n,2.0NRT,288.96,0.74,N,jamnagar,VIIRS_NOAA21_NRT
22.33713,69.85475,303.86,0.57,0.69,2026-01-08,2152,N21,VIIRS,n,2.0NRT,291.74,5.24,N,jamnagar,VIIRS_NOAA21_NRT
22.36714,70.25137,332.84,0.63,0.54,2026-01-09,904,N21,VIIRS,n,2.0NRT,301.7,4.57,D,jamnagar,VIIRS_NOAA21_NRT
22.3361,69.86745,303.06,0.58,0.52,2026-01-09,2131,N21,VIIRS,n,2.0NRT,292.28,2.28,N,jamnagar,VIIRS_NOAA21_NRT
22.33839,69.85652,303.49,0.57,0.52,2026-01-09,2131,N21,VIIRS,n,2.0NRT,292.02,2.89,N,jamnagar,VIIRS_NOAA21_NRT
22.33665,69.86749,307.22,0.46,0.39,2026-01-10,2114,N21,VIIRS,n,2.0NRT,292.46,3.19,N,jamnagar,VIIRS_NOAA21_NRT
22.33904,69.85421,303.36,0.46,0.39,2026-01-10,2114,N21,VIIRS,n,2.0NRT,292.56,3.03,N,jamnagar,VIIRS_NOAA21_NRT
22.43159,69.83242,299.7,0.46,0.39,2026-01-10,2114,N21,VIIRS,n,2.0NRT,288.6,0.68,N,jamnagar,VIIRS_NOAA21_NRT
22.33686,69.86845,308.02,0.4,0.37,2026-01-11,2055,N21,VIIRS,n,2.0NRT,291.88,2.4,N,jamnagar,VIIRS_NOAA21_NRT
22.34076,69.8652,331.7,0.4,0.37,2026-01-11,2055,N21,VIIRS,n,2.0NRT,289.83,2.4,N,jamnagar,VIIRS_NOAA21_NRT
22.43121,69.83341,301.77,0.4,0.37,2026-01-11,2055,N21,VIIRS,n,2.0NRT,288.77,0.68,N,jamnagar,VIIRS_NOAA21_NRT
22.41967,70.11142,339.83,0.41,0.45,2026-01-12,807,N21,VIIRS,n,2.0NRT,303.22,3.93,D,jamnagar,VIIRS_NOAA21_NRT
22.42937,69.83438,302.57,0.44,0.46,2026-01-12,2036,N21,VIIRS,n,2.0NRT,288.73,0.88,N,jamnagar,VIIRS_NOAA21_NRT
22.34247,69.86141,338.63,0.42,0.61,2026-01-13,750,N21,VIIRS,n,2.0NRT,302.38,5.3,D,jamnagar,VIIRS_NOAA21_NRT
22.33819,69.85385,305.77,0.44,0.62,2026-01-13,2018,N21,VIIRS,n,2.0NRT,294.71,2.77,N,jamnagar,VIIRS_NOAA21_NRT
22.33592,69.8691,305.46,0.36,0.58,2026-01-14,2137,N21,VIIRS,n,2.0NRT,293.69,1.48,N,jamnagar,VIIRS_NOAA21_NRT
22.33895,69.85535,311.39,0.36,0.58,2026-01-14,2137,N21,VIIRS,n,2.0NRT,294.96,2.34,N,jamnagar,VIIRS_NOAA21_NRT
22.59416,70.23096,338.49,0.4,0.44,2026-01-15,852,N21,VIIRS,n,2.0NRT,305.6,3.24,D,jamnagar,VIIRS_NOAA21_NRT
22.33402,69.86731,307.04,0.56,0.43,2026-01-15,2120,N21,VIIRS,n,2.0NRT,295.35,3.89,N,jamnagar,VIIRS_NOAA21_NRT
22.33987,69.85753,302.56,0.56,0.43,2026-01-15,2120,N21,VIIRS,n,2.0NRT,291.82,2.55,N,jamnagar,VIIRS_NOAA21_NRT
22.33411,69.86832,311.34,0.38,0.36,2026-01-16,2101,N21,VIIRS,n,2.0NRT,296.58,3.18,N,jamnagar,VIIRS_NOAA21_NRT
22.33645,69.85355,304.49,0.38,0.36,2026-01-16,2101,N21,VIIRS,n,2.0NRT,294.23,2.6,N,jamnagar,VIIRS_NOAA21_NRT
22.33973,69.85415,312.53,0.38,0.36,2026-01-16,2101,N21,VIIRS,n,2.0NRT,295.1,1.95,N,jamnagar,VIIRS_NOAA21_NRT
22.32427,70.02565,334.27,0.51,0.41,2026-01-17,813,N21,VIIRS,n,2.0NRT,304.7,7.43,D,jamnagar,VIIRS_NOAA21_NRT
22.57577,70.22806,299.83,0.51,0.41,2026-01-17,2042,N21,VIIRS,n,2.0NRT,287.15,0.82,N,jamnagar,VIIRS_NOAA21_NRT
22.31703,69.88058,302.32,0.35,0.56,2026-01-18,2025,N21,VIIRS,n,2.0NRT,289.17,0.79,N,jamnagar,VIIRS_NOAA21_NRT
22.42815,69.83312,302.9,0.35,0.57,2026-01-18,2025,N21,VIIRS,n,2.0NRT,288.54,0.68,N,jamnagar,VIIRS_NOAA21_NRT
22.34146,69.85501,301.91,0.46,0.63,2026-01-19,2146,N21,VIIRS,n,2.0NRT,291.12,1.55,N,jamnagar,VIIRS_NOAA21_NRT
22.33732,69.8693,304.05,0.46,0.47,2026-01-20,2127,N21,VIIRS,n,2.0NRT,293.05,2.49,N,jamnagar,VIIRS_NOAA21_NRT
22.33992,69.85616,304.91,0.46,0.47,2026-01-20,2127,N21,VIIRS,n,2.0NRT,293.65,3.62,N,jamnagar,VIIRS_NOAA21_NRT
22.33982,69.85387,310.16,0.41,0.37,2026-01-21,2108,N21,VIIRS,n,2.0NRT,294.55,1.73,N,jamnagar,VIIRS_NOAA21_NRT
22.4444,70.02847,336.19,0.43,0.38,2026-01-22,820,N21,VIIRS,n,2.0NRT,305.05,2.94,D,jamnagar,VIIRS_NOAA21_NRT
22.43029,69.83489,304.68,0.45,0.39,2026-01-22,2050,N21,VIIRS,n,2.0NRT,290.06,0.72,N,jamnagar,VIIRS_NOAA21_NRT
22.43024,69.83228,297.94,0.55,0.51,2026-01-23,2029,N21,VIIRS,n,2.0NRT,286.08,1.12,N,jamnagar,VIIRS_NOAA21_NRT
22.322,69.88022,297.35,0.56,0.69,2026-01-24,2012,N21,VIIRS,n,2.0NRT,276.17,1.65,N,jamnagar,VIIRS_NOAA21_NRT
22.32241,69.87491,303.36,0.56,0.69,2026-01-24,2012,N21,VIIRS,n,2.0NRT,281.91,3.37,N,jamnagar,VIIRS_NOAA21_NRT
22.32482,69.87885,302.91,0.56,0.69,2026-01-24,2012,N21,VIIRS,n,2.0NRT,279.33,2.8,N,jamnagar,VIIRS_NOAA21_NRT
22.32052,69.8858,298.99,0.58,0.7,2026-01-24,2152,N21,VIIRS,n,2.0NRT,266.76,1.94,N,jamnagar,VIIRS_NOAA21_NRT
22.26013,70.26688,332.67,0.63,0.54,2026-01-25,904,N21,VIIRS,n,2.0NRT,298.81,6.18,D,jamnagar,VIIRS_NOAA21_NRT
22.33578,69.86703,305.12,0.46,0.39,2026-01-26,2114,N21,VIIRS,n,2.0NRT,293.4,1.79,N,jamnagar,VIIRS_NOAA21_NRT
22.33811,69.85374,306.09,0.46,0.39,2026-01-26,2114,N21,VIIRS,n,2.0NRT,293.01,2.07,N,jamnagar,VIIRS_NOAA21_NRT
22.33966,69.85711,301.66,0.46,0.39,2026-01-26,2114,N21,VIIRS,n,2.0NRT,291.35,3.07,N,jamnagar,VIIRS_NOAA21_NRT
22.33665,69.86942,303.46,0.4,0.37,2026-01-27,2055,N21,VIIRS,n,2.0NRT,292.11,0.98,N,jamnagar,VIIRS_NOAA21_NRT
22.3389,69.85416,311.19,0.4,0.37,2026-01-27,2055,N21,VIIRS,n,2.0NRT,295.24,2.22,N,jamnagar,VIIRS_NOAA21_NRT
22.42994,69.83435,306.37,0.4,0.37,2026-01-27,2055,N21,VIIRS,n,2.0NRT,289.46,0.86,N,jamnagar,VIIRS_NOAA21_NRT
22.42963,69.83184,302.86,0.44,0.63,2026-01-29,2018,N21,VIIRS,n,2.0NRT,289.55,0.79,N,jamnagar,VIIRS_NOAA21_NRT
22.50672,70.03008,299.18,0.43,0.62,2026-01-29,2018,N21,VIIRS,n,2.0NRT,288.01,0.54,N,jamnagar,VIIRS_NOAA21_NRT
22.33805,69.85652,296.07,0.36,0.58,2026-01-30,2140,N21,VIIRS,n,2.0NRT,278.66,1.29,N,jamnagar,VIIRS_NOAA21_NRT
22.33407,69.86871,305.32,0.56,0.43,2026-01-31,2120,N21,VIIRS,n,2.0NRT,294.47,2.08,N,jamnagar,VIIRS_NOAA21_NRT
22.34091,69.85365,304.04,0.56,0.43,2026-01-31,2120,N21,VIIRS,n,2.0NRT,292.45,2.81,N,jamnagar,VIIRS_NOAA21_NRT
22.3428,69.86513,310.96,0.56,0.43,2026-01-31,2120,N21,VIIRS,n,2.0NRT,290.45,1.62,N,jamnagar,VIIRS_NOAA21_NRT
22.3437,69.882,300.69,0.56,0.43,2026-01-31,2120,N21,VIIRS,n,2.0NRT,289.37,0.91,N,jamnagar,VIIRS_NOAA21_NRT
22.25271,69.93781,331.49,0.38,0.36,2026-02-01,834,N21,VIIRS,n,2.0NRT,306.05,2.86,D,jamnagar,VIIRS_NOAA21_NRT
22.32228,69.87976,335.36,0.38,0.36,2026-02-01,834,N21,VIIRS,n,2.0NRT,306.02,2.78,D,jamnagar,VIIRS_NOAA21_NRT
22.3379,69.85425,298.25,0.38,0.36,2026-02-01,2101,N21,VIIRS,n,2.0NRT,271.23,0.95,N,jamnagar,VIIRS_NOAA21_NRT
22.33878,69.8541,306.05,0.53,0.42,2026-02-02,2042,N21,VIIRS,n,2.0NRT,295.11,3.89,N,jamnagar,VIIRS_NOAA21_NRT
22.43013,69.8326,300.88,0.53,0.42,2026-02-02,2042,N21,VIIRS,n,2.0NRT,290.35,1.01,N,jamnagar,VIIRS_NOAA21_NRT
22.33399,69.86755,306.15,0.35,0.56,2026-02-03,2023,N21,VIIRS,n,2.0NRT,295.68,1.77,N,jamnagar,VIIRS_NOAA21_NRT
22.34056,69.85471,304.18,0.35,0.57,2026-02-03,2023,N21,VIIRS,n,2.0NRT,294.1,0.48,N,jamnagar,VIIRS_NOAA21_NRT
22.42839,69.832,302.0,0.35,0.57,2026-02-03,2023,N21,VIIRS,n,2.0NRT,290.54,0.71,N,jamnagar,VIIRS_NOAA21_NRT
22.33359,69.86926,303.01,0.46,0.64,2026-02-04,2146,N21,VIIRS,n,2.0NRT,292.84,3.45,N,jamnagar,VIIRS_NOAA21_NRT
22.33657,69.85626,304.8,0.46,0.63,2026-02-04,2146,N21,VIIRS,n,2.0NRT,294.04,4.03,N,jamnagar,VIIRS_NOAA21_NRT
22.31994,69.88654,307.56,0.46,0.47,2026-02-05,2127,N21,VIIRS,n,2.0NRT,292.35,1.67,N,jamnagar,VIIRS_NOAA21_NRT
22.33702,69.86758,306.21,0.46,0.47,2026-02-05,2127,N21,VIIRS,n,2.0NRT,295.86,1.82,N,jamnagar,VIIRS_NOAA21_NRT
22.33958,69.85447,308.46,0.46,0.47,2026-02-05,2127,N21,VIIRS,n,2.0NRT,296.51,2.01,N,jamnagar,VIIRS_NOAA21_NRT
22.34293,69.8828,309.73,0.46,0.47,2026-02-05,2127,N21,VIIRS,n,2.0NRT,291.66,1.15,N,jamnagar,VIIRS_NOAA21_NRT
22.43564,69.88201,336.16,0.41,0.37,2026-02-06,839,N21,VIIRS,n,2.0NRT,309.52,4.81,D,jamnagar,VIIRS_NOAA21_NRT
22.33601,69.86729,311.38,0.41,0.37,2026-02-06,2108,N21,VIIRS,n,2.0NRT,297.95,3.23,N,jamnagar,VIIRS_NOAA21_NRT
22.33798,69.85562,314.82,0.41,0.37,2026-02-06,2108,N21,VIIRS,n,2.0NRT,298.64,3.91,N,jamnagar,VIIRS_NOAA21_NRT
22.43036,69.83324,298.89,0.4,0.37,2026-02-06,2108,N21,VIIRS,n,2.0NRT,284.77,0.47,N,jamnagar,VIIRS_NOAA21_NRT
22.33963,69.85548,311.63,0.44,0.39,2026-02-07,2050,N21,VIIRS,n,2.0NRT,297.36,2.67,N,jamnagar,VIIRS_NOAA21_NRT
22.42906,69.83439,305.47,0.45,0.39,2026-02-07,2050,N21,VIIRS,n,2.0NRT,292.15,0.86,N,jamnagar,VIIRS_NOAA21_NRT
22.43168,69.83161,302.51,0.55,0.51,2026-02-08,2029,N21,VIIRS,n,2.0NRT,291.6,0.85,N,jamnagar,VIIRS_NOAA21_NRT
22.4304,69.8324,302.58,0.57,0.69,2026-02-09,2012,N21,VIIRS,n,2.0NRT,290.81,1.32,N,jamnagar,VIIRS_NOAA21_NRT
22.33877,69.85613,304.4,0.58,0.52,2026-02-10,2131,N21,VIIRS,n,2.0NRT,293.89,2.49,N,jamnagar,VIIRS_NOAA21_NRT
22.33519,69.86671,307.49,0.46,0.39,2026-02-11,2114,N21,VIIRS,n,2.0NRT,296.94,3.3,N,jamnagar,VIIRS_NOAA21_NRT
22.34112,69.8542,305.57,0.46,0.39,2026-02-11,2114,N21,VIIRS,n,2.0NRT,294.68,1.53,N,jamnagar,VIIRS_NOAA21_NRT
22.42854,69.83365,304.64,0.46,0.39,2026-02-11,2114,N21,VIIRS,n,2.0NRT,292.51,0.96,N,jamnagar,VIIRS_NOAA21_NRT
22.21464,70.049,340.47,0.39,0.36,2026-02-12,826,N21,VIIRS,l,2.0NRT,313.12,6.11,D,jamnagar,VIIRS_NOAA21_NRT
22.24274,70.07492,340.73,0.39,0.36,2026-02-12,826,N21,VIIRS,n,2.0NRT,310.12,1.96,D,jamnagar,VIIRS_NOAA21_NRT
22.3361,69.86915,310.71,0.4,0.37,2026-02-12,2055,N21,VIIRS,n,2.0NRT,297.76,2.13,N,jamnagar,VIIRS_NOAA21_NRT
22.33837,69.85389,311.69,0.4,0.37,2026-02-12,2055,N21,VIIRS,n,2.0NRT,298.02,3.53,N,jamnagar,VIIRS_NOAA21_NRT
22.42961,69.83338,309.88,0.4,0.37,2026-02-12,2055,N21,VIIRS,n,2.0NRT,293.03,0.87,N,jamnagar,VIIRS_NOAA21_NRT
22.31446,69.85583,316.41,0.44,0.46,2026-02-13,2036,N21,VIIRS,n,2.0NRT,291.25,2.16,N,jamnagar,VIIRS_NOAA21_NRT
22.42914,69.83183,306.82,0.44,0.46,2026-02-13,2036,N21,VIIRS,n,2.0NRT,292.63,0.96,N,jamnagar,VIIRS_NOAA21_NRT
22.31588,69.85518,330.86,0.44,0.63,2026-02-14,2018,N21,VIIRS,n,2.0NRT,290.72,3.98,N,jamnagar,VIIRS_NOAA21_NRT
22.31756,69.85563,332.18,0.44,0.63,2026-02-14,2018,N21,VIIRS,n,2.0NRT,290.69,3.53,N,jamnagar,VIIRS_NOAA21_NRT
22.42988,69.83157,302.9,0.45,0.63,2026-02-14,2018,N21,VIIRS,n,2.0NRT,292.81,1.27,N,jamnagar,VIIRS_NOAA21_NRT
22.31128,69.86194,311.66,0.73,0.76,2026-02-14,2159,N21,VIIRS,n,2.0NRT,291.13,2.73,N,jamnagar,VIIRS_NOAA21_NRT
22.33394,69.86797,308.34,0.36,0.58,2026-02-15,2140,N21,VIIRS,n,2.0NRT,297.07,2.58,N,jamnagar,VIIRS_NOAA21_NRT
22.31545,69.86111,305.61,0.56,0.43,2026-02-16,2120,N21,VIIRS,n,2.0NRT,290.09,1.98,N,jamnagar,VIIRS_NOAA21_NRT
22.31346,69.8575,302.16,0.38,0.36,2026-02-17,2101,N21,VIIRS,n,2.0NRT,290.3,0.68,N,jamnagar,VIIRS_NOAA21_NRT
22.33526,69.86906,314.19,0.38,0.36,2026-02-17,2101,N21,VIIRS,n,2.0NRT,298.23,2.24,N,jamnagar,VIIRS_NOAA21_NRT
22.33759,69.85431,306.57,0.38,0.36,2026-02-17,2101,N21,VIIRS,n,2.0NRT,295.92,2.73,N,jamnagar,VIIRS_NOAA21_NRT
22.3424,69.86656,307.94,0.38,0.36,2026-02-17,2101,N21,VIIRS,n,2.0NRT,291.82,1.67,N,jamnagar,VIIRS_NOAA21_NRT
22.42969,69.83333,303.96,0.38,0.36,2026-02-17,2101,N21,VIIRS,n,2.0NRT,292.18,0.51,N,jamnagar,VIIRS_NOAA21_NRT
22.57516,70.22784,306.18,0.39,0.36,2026-02-17,2101,N21,VIIRS,n,2.0NRT,290.15,0.9,N,jamnagar,VIIRS_NOAA21_NRT
22.43073,69.8333,308.59,0.53,0.42,2026-02-18,2042,N21,VIIRS,n,2.0NRT,292.62,1.38,N,jamnagar,VIIRS_NOAA21_NRT
22.42845,69.83156,304.02,0.35,0.57,2026-02-19,2023,N21,VIIRS,n,2.0NRT,292.47,0.86,N,jamnagar,VIIRS_NOAA21_NRT
22.42926,69.83208,303.24,0.72,0.76,2026-02-20,2004,N21,VIIRS,n,2.0NRT,292.28,1.99,N,jamnagar,VIIRS_NOAA21_NRT
22.42781,69.83389,304.85,0.45,0.63,2026-02-20,2146,N21,VIIRS,n,2.0NRT,293.26,1.07,N,jamnagar,VIIRS_NOAA21_NRT
22.43036,69.83336,305.49,0.45,0.47,2026-02-21,2127,N21,VIIRS,n,2.0NRT,293.17,1.02,N,jamnagar,VIIRS_NOAA21_NRT
22.23787,69.93936,303.34,0.41,0.37,2026-02-22,2108,N21,VIIRS,n,2.0NRT,288.58,0.81,N,jamnagar,VIIRS_NOAA21_NRT
22.42906,69.83482,307.02,0.4,0.37,2026-02-22,2108,N21,VIIRS,n,2.0NRT,292.18,0.65,N,jamnagar,VIIRS_NOAA21_NRT
22.20798,70.26044,333.55,0.43,0.38,2026-02-23,820,N21,VIIRS,l,2.0NRT,307.93,2.63,D,jamnagar,VIIRS_NOAA21_NRT
22.33589,69.86617,307.91,0.45,0.39,2026-02-23,2050,N21,VIIRS,n,2.0NRT,296.91,2.56,N,jamnagar,VIIRS_NOAA21_NRT
22.43054,69.83526,303.95,0.45,0.39,2026-02-23,2050,N21,VIIRS,n,2.0NRT,291.8,0.54,N,jamnagar,VIIRS_NOAA21_NRT
22.43074,69.83263,304.7,0.45,0.39,2026-02-23,2050,N21,VIIRS,n,2.0NRT,292.04,0.82,N,jamnagar,VIIRS_NOAA21_NRT
22.42815,69.83075,298.31,0.56,0.51,2026-02-24,2029,N21,VIIRS,n,2.0NRT,287.14,0.98,N,jamnagar,VIIRS_NOAA21_NRT
22.34367,69.86263,367.0,0.54,0.68,2026-02-25,743,N21,VIIRS,h,2.0NRT,299.47,15.93,D,jamnagar,VIIRS_NOAA21_NRT
22.34411,69.86509,352.71,0.6,0.71,2026-02-25,924,N21,VIIRS,n,2.0NRT,300.28,27.75,D,jamnagar,VIIRS_NOAA21_NRT
22.3445,69.86561,351.6,0.6,0.71,2026-02-25,924,N21,VIIRS,n,2.0NRT,300.59,23.03,D,jamnagar,VIIRS_NOAA21_NRT
22.34459,69.87099,367.0,0.6,0.71,2026-02-25,924,N21,VIIRS,h,2.0NRT,298.64,25.79,D,jamnagar,VIIRS_NOAA21_NRT
22.34494,69.87152,348.91,0.6,0.71,2026-02-25,924,N21,VIIRS,n,2.0NRT,298.05,23.03,D,jamnagar,VIIRS_NOAA21_NRT
22.42777,69.83224,303.53,0.57,0.69,2026-02-25,2012,N21,VIIRS,n,2.0NRT,291.43,1.0,N,jamnagar,VIIRS_NOAA21_NRT
22.33708,69.85364,305.2,0.58,0.69,2026-02-25,2152,N21,VIIRS,n,2.0NRT,293.87,4.22,N,jamnagar,VIIRS_NOAA21_NRT
22.33812,69.86531,307.13,0.58,0.69,2026-02-25,2152,N21,VIIRS,n,2.0NRT,293.02,4.87,N,jamnagar,VIIRS_NOAA21_NRT
22.33938,69.8717,304.18,0.58,0.69,2026-02-25,2152,N21,VIIRS,n,2.0NRT,292.04,3.41,N,jamnagar,VIIRS_NOAA21_NRT
22.34067,69.86626,323.56,0.58,0.69,2026-02-25,2152,N21,VIIRS,n,2.0NRT,292.51,4.98,N,jamnagar,VIIRS_NOAA21_NRT
22.34425,69.86721,326.69,0.58,0.69,2026-02-25,2152,N21,VIIRS,n,2.0NRT,291.78,6.7,N,jamnagar,VIIRS_NOAA21_NRT
22.34456,69.86906,340.75,0.59,0.53,2026-02-26,904,N21,VIIRS,n,2.0NRT,304.29,4.97,D,jamnagar,VIIRS_NOAA21_NRT
22.43005,69.83521,302.83,0.57,0.52,2026-02-26,2131,N21,VIIRS,n,2.0NRT,292.25,0.96,N,jamnagar,VIIRS_NOAA21_NRT
22.59157,70.23817,336.81,0.49,0.4,2026-02-27,845,N21,VIIRS,n,2.0NRT,310.37,4.96,D,jamnagar,VIIRS_NOAA21_NRT
22.31294,69.86097,328.07,0.46,0.39,2026-02-27,2114,N21,VIIRS,n,2.0NRT,292.12,3.64,N,jamnagar,VIIRS_NOAA21_NRT
22.33887,69.85474,310.51,0.46,0.39,2026-02-27,2114,N21,VIIRS,n,2.0NRT,297.51,2.15,N,jamnagar,VIIRS_NOAA21_NRT
22.43103,69.83308,303.69,0.46,0.39,2026-02-27,2114,N21,VIIRS,n,2.0NRT,293.55,0.72,N,jamnagar,VIIRS_NOAA21_NRT
22.33504,69.86628,308.57,0.4,0.37,2026-02-28,2055,N21,VIIRS,n,2.0NRT,297.33,2.17,N,jamnagar,VIIRS_NOAA21_NRT
22.34008,69.85537,312.27,0.4,0.37,2026-02-28,2055,N21,VIIRS,n,2.0NRT,297.68,1.72,N,jamnagar,VIIRS_NOAA21_NRT
22.43036,69.83382,304.55,0.44,0.46,2026-03-01,2036,N21,VIIRS,n,2.0NRT,293.95,0.59,N,jamnagar,VIIRS_NOAA21_NRT
22.37833,70.12991,334.77,0.41,0.61,2026-03-02,750,N21,VIIRS,l,2.0NRT,307.05,3.07,D,jamnagar,VIIRS_NOAA21_NRT
22.43116,69.83365,304.29,0.45,0.63,2026-03-02,2018,N21,VIIRS,n,2.0NRT,294.11,0.63,N,jamnagar,VIIRS_NOAA21_NRT
22.42865,69.83251,306.08,0.36,0.57,2026-03-03,2140,N21,VIIRS,n,2.0NRT,294.83,0.82,N,jamnagar,VIIRS_NOAA21_NRT
22.28372,70.11709,343.5,0.39,0.44,2026-03-04,852,N21,VIIRS,l,2.0NRT,315.43,6.89,D,jamnagar,VIIRS_NOAA21_NRT
22.28561,70.1169,344.93,0.39,0.44,2026-03-04,852,N21,VIIRS,n,2.0NRT,315.37,6.19,D,jamnagar,VIIRS_NOAA21_NRT
22.33814,69.8543,309.5,0.55,0.43,2026-03-04,2120,N21,VIIRS,n,2.0NRT,298.6,3.88,N,jamnagar,VIIRS_NOAA21_NRT
22.33577,69.85366,308.09,0.38,0.36,2026-03-05,2101,N21,VIIRS,n,2.0NRT,298.01,1.5,N,jamnagar,VIIRS_NOAA21_NRT
22.33673,69.869,310.72,0.38,0.36,2026-03-05,2101,N21,VIIRS,n,2.0NRT,298.45,2.84,N,jamnagar,VIIRS_NOAA21_NRT
22.33905,69.85426,311.71,0.38,0.36,2026-03-05,2101,N21,VIIRS,n,2.0NRT,298.57,1.5,N,jamnagar,VIIRS_NOAA21_NRT
22.43112,69.83326,310.4,0.38,0.36,2026-03-05,2101,N21,VIIRS,n,2.0NRT,295.05,1.2,N,jamnagar,VIIRS_NOAA21_NRT
22.40689,69.88313,342.88,0.47,0.47,2026-03-09,858,N21,VIIRS,n,2.0NRT,316.51,4.78,D,jamnagar,VIIRS_NOAA21_NRT
22.41016,69.8859,341.79,0.47,0.47,2026-03-09,858,N21,VIIRS,n,2.0NRT,314.83,5.17,D,jamnagar,VIIRS_NOAA21_NRT
22.33847,69.85462,312.63,0.45,0.47,2026-03-09,2125,N21,VIIRS,n,2.0NRT,301.18,3.22,N,jamnagar,VIIRS_NOAA21_NRT
22.42984,69.83475,307.73,0.45,0.47,2026-03-09,2125,N21,VIIRS,n,2.0NRT,296.69,1.25,N,jamnagar,VIIRS_NOAA21_NRT
22.33586,69.86778,314.21,0.4,0.37,2026-03-10,2108,N21,VIIRS,n,2.0NRT,302.59,2.55,N,jamnagar,VIIRS_NOAA21_NRT
22.3378,69.85616,316.52,0.4,0.37,2026-03-10,2108,N21,VIIRS,n,2.0NRT,302.95,3.2,N,jamnagar,VIIRS_NOAA21_NRT
22.43023,69.83325,306.25,0.4,0.37,2026-03-10,2108,N21,VIIRS,n,2.0NRT,296.24,0.93,N,jamnagar,VIIRS_NOAA21_NRT
22.34086,69.85392,310.55,0.45,0.39,2026-03-11,2049,N21,VIIRS,n,2.0NRT,299.81,2.06,N,jamnagar,VIIRS_NOAA21_NRT
22.20142,70.19729,349.05,0.63,0.72,2026-03-13,924,N21,VIIRS,n,2.0NRT,315.49,11.5,D,jamnagar,VIIRS_NOAA21_NRT
22.2028,70.199,347.83,0.63,0.72,2026-03-13,924,N21,VIIRS,n,2.0NRT,315.16,8.35,D,jamnagar,VIIRS_NOAA21_NRT
22.31238,69.85453,302.18,0.57,0.69,2026-03-13,2012,N21,VIIRS,n,2.0NRT,291.65,0.99,N,jamnagar,VIIRS_NOAA21_NRT
22.20038,69.95724,342.58,0.59,0.53,2026-03-14,905,N21,VIIRS,n,2.0NRT,313.95,20.71,D,jamnagar,VIIRS_NOAA21_NRT
22.58144,70.29639,340.76,0.49,0.4,2026-03-15,845,N21,VIIRS,n,2.0NRT,314.64,6.76,D,jamnagar,VIIRS_NOAA21_NRT
22.40389,69.85317,346.68,0.4,0.37,2026-03-16,826,N21,VIIRS,n,2.0NRT,320.53,8.48,D,jamnagar,VIIRS_NOAA21_NRT
22.33952,69.85422,310.58,0.4,0.37,2026-03-16,2055,N21,VIIRS,n,2.0NRT,299.99,2.39,N,jamnagar,VIIRS_NOAA21_NRT
22.39936,69.86004,346.17,0.43,0.46,2026-03-17,807,N21,VIIRS,n,2.0NRT,310.3,12.98,D,jamnagar,VIIRS_NOAA21_NRT
22.42875,69.83257,306.83,0.45,0.47,2026-03-17,2036,N21,VIIRS,n,2.0NRT,293.96,1.21,N,jamnagar,VIIRS_NOAA21_NRT
22.20309,69.89776,336.21,0.43,0.62,2026-03-18,750,N21,VIIRS,n,2.0NRT,303.45,3.64,D,jamnagar,VIIRS_NOAA21_NRT
22.4318,69.99132,367.0,0.77,0.78,2026-03-18,930,N21,VIIRS,h,2.0NRT,296.16,24.22,D,jamnagar,VIIRS_NOAA21_NRT
22.43491,69.99196,367.0,0.77,0.77,2026-03-18,930,N21,VIIRS,h,2.0NRT,296.39,26.69,D,jamnagar,VIIRS_NOAA21_NRT
22.33289,69.86809,303.09,0.36,0.57,2026-03-19,2140,N21,VIIRS,n,2.0NRT,291.19,1.98,N,jamnagar,VIIRS_NOAA21_NRT
22.34099,69.85595,301.69,0.36,0.57,2026-03-19,2140,N21,VIIRS,n,2.0NRT,289.44,1.0,N,jamnagar,VIIRS_NOAA21_NRT
22.42703,69.83289,301.91,0.35,0.57,2026-03-19,2140,N21,VIIRS,n,2.0NRT,288.27,0.49,N,jamnagar,VIIRS_NOAA21_NRT
22.2195,70.0742,335.43,0.38,0.36,2026-03-21,835,N21,VIIRS,l,2.0NRT,308.65,2.42,D,jamnagar,VIIRS_NOAA21_NRT
22.29692,69.99956,339.39,0.38,0.36,2026-03-21,835,N21,VIIRS,l,2.0NRT,313.59,6.03,D,jamnagar,VIIRS_NOAA21_NRT
22.32512,69.82381,346.06,0.38,0.36,2026-03-21,835,N21,VIIRS,n,2.0NRT,312.7,7.8,D,jamnagar,VIIRS_NOAA21_NRT
22.32589,70.16921,338.81,0.39,0.36,2026-03-21,835,N21,VIIRS,l,2.0NRT,312.73,6.03,D,jamnagar,VIIRS_NOAA21_NRT
22.36834,70.19979,342.12,0.39,0.36,2026-03-21,835,N21,VIIRS,n,2.0NRT,312.94,12.16,D,jamnagar,VIIRS_NOAA21_NRT
22.44778,69.98093,337.73,0.38,0.36,2026-03-21,835,N21,VIIRS,l,2.0NRT,310.89,3.38,D,jamnagar,VIIRS_NOAA21_NRT
22.44946,69.99204,336.15,0.38,0.36,2026-03-21,835,N21,VIIRS,l,2.0NRT,308.08,1.08,D,jamnagar,VIIRS_NOAA21_NRT
22.45982,69.97122,334.85,0.38,0.36,2026-03-21,835,N21,VIIRS,l,2.0NRT,307.92,3.41,D,jamnagar,VIIRS_NOAA21_NRT
22.33971,69.8543,311.91,0.38,0.36,2026-03-21,2101,N21,VIIRS,n,2.0NRT,296.41,2.13,N,jamnagar,VIIRS_NOAA21_NRT
22.43778,69.99409,340.26,0.52,0.41,2026-03-22,813,N21,VIIRS,n,2.0NRT,311.68,11.25,D,jamnagar,VIIRS_NOAA21_NRT
22.24691,70.08039,332.55,0.33,0.56,2026-03-23,756,N21,VIIRS,l,2.0NRT,307.53,1.91,D,jamnagar,VIIRS_NOAA21_NRT
22.38457,70.28272,336.95,0.32,0.55,2026-03-23,756,N21,VIIRS,n,2.0NRT,306.55,1.02,D,jamnagar,VIIRS_NOAA21_NRT
22.23917,70.13922,349.45,0.49,0.65,2026-03-24,915,N21,VIIRS,n,2.0NRT,297.09,9.03,D,jamnagar,VIIRS_NOAA21_NRT
22.24149,70.13774,348.83,0.49,0.65,2026-03-24,915,N21,VIIRS,n,2.0NRT,298.48,9.87,D,jamnagar,VIIRS_NOAA21_NRT
22.55113,70.25974,336.01,0.5,0.66,2026-03-24,917,N21,VIIRS,n,2.0NRT,304.66,4.45,D,jamnagar,VIIRS_NOAA21_NRT
22.36556,70.06413,342.5,0.47,0.48,2026-03-25,858,N21,VIIRS,n,2.0NRT,314.44,15.05,D,jamnagar,VIIRS_NOAA21_NRT
22.36609,70.0687,342.65,0.47,0.48,2026-03-25,858,N21,VIIRS,l,2.0NRT,313.39,14.64,D,jamnagar,VIIRS_NOAA21_NRT
22.36641,70.06573,354.93,0.47,0.48,2026-03-25,858,N21,VIIRS,n,2.0NRT,313.58,16.58,D,jamnagar,VIIRS_NOAA21_NRT
22.38413,69.9849,350.39,0.47,0.48,2026-03-25,858,N21,VIIRS,n,2.0NRT,317.12,13.79,D,jamnagar,VIIRS_NOAA21_NRT
22.3924,70.26483,346.98,0.49,0.48,2026-03-25,858,N21,VIIRS,n,2.0NRT,313.99,12.47,D,jamnagar,VIIRS_NOAA21_NRT
22.39296,70.26283,338.45,0.49,0.48,2026-03-25,858,N21,VIIRS,l,2.0NRT,312.32,7.07,D,jamnagar,VIIRS_NOAA21_NRT
22.3935,70.26751,343.69,0.49,0.48,2026-03-25,858,N21,VIIRS,n,2.0NRT,313.64,7.07,D,jamnagar,VIIRS_NOAA21_NRT
22.50767,70.21349,343.3,0.49,0.48,2026-03-25,858,N21,VIIRS,n,2.0NRT,312.07,8.45,D,jamnagar,VIIRS_NOAA21_NRT
22.56269,70.26366,345.7,0.49,0.49,2026-03-25,858,N21,VIIRS,l,2.0NRT,316.49,19.13,D,jamnagar,VIIRS_NOAA21_NRT
22.42959,69.83186,308.75,0.45,0.47,2026-03-25,2125,N21,VIIRS,n,2.0NRT,295.26,1.34,N,jamnagar,VIIRS_NOAA21_NRT
22.43152,69.97115,348.02,0.41,0.37,2026-03-26,839,N21,VIIRS,l,2.0NRT,319.21,15.39,D,jamnagar,VIIRS_NOAA21_NRT
22.3382,69.85419,312.88,0.4,0.37,2026-03-26,2108,N21,VIIRS,n,2.0NRT,299.4,2.15,N,jamnagar,VIIRS_NOAA21_NRT
22.37992,69.95703,347.46,0.44,0.39,2026-03-27,820,N21,VIIRS,n,2.0NRT,320.58,28.55,D,jamnagar,VIIRS_NOAA21_NRT
22.3405,69.85612,308.55,0.45,0.39,2026-03-27,2049,N21,VIIRS,n,2.0NRT,298.3,3.15,N,jamnagar,VIIRS_NOAA21_NRT
22.43019,69.83276,307.67,0.45,0.39,2026-03-27,2049,N21,VIIRS,n,2.0NRT,296.68,1.41,N,jamnagar,VIIRS_NOAA21_NRT
22.2741,70.1693,330.16,0.53,0.5,2026-03-28,803,N21,VIIRS,l,2.0NRT,301.32,2.48,D,jamnagar,VIIRS_NOAA21_NRT
22.29349,69.98151,334.96,0.54,0.51,2026-03-28,803,N21,VIIRS,n,2.0NRT,302.05,3.08,D,jamnagar,VIIRS_NOAA21_NRT
22.4136,69.89274,341.43,0.54,0.51,2026-03-28,803,N21,VIIRS,n,2.0NRT,301.93,13.36,D,jamnagar,VIIRS_NOAA21_NRT
22.50257,70.28575,338.48,0.51,0.49,2026-03-28,803,N21,VIIRS,n,2.0NRT,303.96,3.78,D,jamnagar,VIIRS_NOAA21_NRT
22.52235,70.29139,342.58,0.51,0.49,2026-03-28,803,N21,VIIRS,n,2.0NRT,303.59,8.09,D,jamnagar,VIIRS_NOAA21_NRT
22.33166,69.86633,303.08,0.56,0.52,2026-03-28,2029,N21,VIIRS,n,2.0NRT,291.83,2.96,N,jamnagar,VIIRS_NOAA21_NRT
22.42972,70.03557,339.49,0.53,0.67,2026-03-29,744,N21,VIIRS,n,2.0NRT,293.22,10.41,D,jamnagar,VIIRS_NOAA21_NRT
22.48317,70.24065,332.0,0.63,0.72,2026-03-29,924,N21,VIIRS,n,2.0NRT,292.04,3.77,D,jamnagar,VIIRS_NOAA21_NRT
22.33843,69.85404,305.4,0.56,0.52,2026-03-30,2131,N21,VIIRS,n,2.0NRT,294.64,3.81,N,jamnagar,VIIRS_NOAA21_NRT
22.22954,70.24452,345.7,0.48,0.4,2026-03-31,845,N21,VIIRS,n,2.0NRT,296.69,12.27,D,jamnagar,VIIRS_NOAA21_NRT
22.25853,69.89301,340.96,0.46,0.39,2026-03-31,845,N21,VIIRS,l,2.0NRT,313.05,18.98,D,jamnagar,VIIRS_NOAA21_NRT
22.31738,70.08961,340.55,0.47,0.4,2026-03-31,845,N21,VIIRS,n,2.0NRT,307.81,5.21,D,jamnagar,VIIRS_NOAA21_NRT
22.33841,69.85287,306.21,0.45,0.39,2026-03-31,2114,N21,VIIRS,n,2.0NRT,295.89,2.98,N,jamnagar,VIIRS_NOAA21_NRT
22.48994,70.00441,343.83,0.4,0.37,2026-04-01,826,N21,VIIRS,n,2.0NRT,282.25,6.37,D,jamnagar,VIIRS_NOAA21_NRT
22.36123,70.26644,331.03,0.39,0.59,2026-04-04,909,N21,VIIRS,l,2.0NRT,303.31,1.59,D,jamnagar,VIIRS_NOAA21_NRT
22.40347,70.22559,367.0,0.39,0.59,2026-04-04,909,N21,VIIRS,h,2.0NRT,307.22,5.66,D,jamnagar,VIIRS_NOAA21_NRT
22.32904,70.13406,339.96,0.57,0.43,2026-04-05,852,N21,VIIRS,n,2.0NRT,311.46,6.17,D,jamnagar,VIIRS_NOAA21_NRT
22.35449,70.0837,339.29,0.57,0.43,2026-04-05,852,N21,VIIRS,l,2.0NRT,311.84,14.12,D,jamnagar,VIIRS_NOAA21_NRT
22.35522,70.08577,339.68,0.57,0.43,2026-04-05,852,N21,VIIRS,l,2.0NRT,311.99,11.96,D,jamnagar,VIIRS_NOAA21_NRT
22.37533,70.19177,349.67,0.38,0.43,2026-04-05,852,N21,VIIRS,n,2.0NRT,313.15,10.5,D,jamnagar,VIIRS_NOAA21_NRT
22.37655,70.19183,347.54,0.38,0.43,2026-04-05,852,N21,VIIRS,n,2.0NRT,313.98,10.14,D,jamnagar,VIIRS_NOAA21_NRT
22.58622,70.27316,340.06,0.39,0.44,2026-04-05,852,N21,VIIRS,l,2.0NRT,311.87,2.93,D,jamnagar,VIIRS_NOAA21_NRT
22.23043,70.06989,336.05,0.38,0.36,2026-04-06,833,N21,VIIRS,l,2.0NRT,311.04,4.4,D,jamnagar,VIIRS_NOAA21_NRT
22.42175,70.20718,339.14,0.39,0.36,2026-04-06,833,N21,VIIRS,l,2.0NRT,311.31,4.71,D,jamnagar,VIIRS_NOAA21_NRT
22.4805,70.23879,335.52,0.39,0.36,2026-04-06,833,N21,VIIRS,l,2.0NRT,309.35,3.37,D,jamnagar,VIIRS_NOAA21_NRT
22.33615,69.86816,310.58,0.38,0.36,2026-04-06,2101,N21,VIIRS,n,2.0NRT,298.08,1.62,N,jamnagar,VIIRS_NOAA21_NRT
22.33846,69.85339,309.83,0.38,0.36,2026-04-06,2101,N21,VIIRS,n,2.0NRT,297.5,2.21,N,jamnagar,VIIRS_NOAA21_NRT
22.31525,70.14569,344.05,0.34,0.56,2026-04-08,756,N21,VIIRS,n,2.0NRT,305.93,5.58,D,jamnagar,VIIRS_NOAA21_NRT
22.39186,69.87063,339.51,0.35,0.57,2026-04-08,756,N21,VIIRS,n,2.0NRT,306.56,1.67,D,jamnagar,VIIRS_NOAA21_NRT
22.41996,70.22,348.82,0.33,0.55,2026-04-08,756,N21,VIIRS,n,2.0NRT,305.98,3.55,D,jamnagar,VIIRS_NOAA21_NRT
22.33161,70.12017,340.86,0.67,0.74,2026-04-09,735,N21,VIIRS,n,2.0NRT,297.72,4.57,D,jamnagar,VIIRS_NOAA21_NRT
22.42051,70.25434,331.3,0.66,0.73,2026-04-09,735,N21,VIIRS,l,2.0NRT,302.9,3.12,D,jamnagar,VIIRS_NOAA21_NRT
22.39148,70.25566,332.76,0.49,0.65,2026-04-09,915,N21,VIIRS,n,2.0NRT,301.23,2.98,D,jamnagar,VIIRS_NOAA21_NRT
22.42971,70.24412,331.14,0.49,0.65,2026-04-09,915,N21,VIIRS,l,2.0NRT,301.6,1.63,D,jamnagar,VIIRS_NOAA21_NRT
22.39724,69.82426,336.38,0.45,0.47,2026-04-10,858,N21,VIIRS,l,2.0NRT,310.08,4.68,D,jamnagar,VIIRS_NOAA21_NRT
22.43124,69.83454,306.14,0.44,0.46,2026-04-10,2125,N21,VIIRS,n,2.0NRT,295.36,1.1,N,jamnagar,VIIRS_NOAA21_NRT
22.32231,70.1367,367.0,0.53,0.5,2026-04-13,803,N21,VIIRS,h,2.0NRT,319.16,21.89,D,jamnagar,VIIRS_NOAA21_NRT
22.32249,70.13881,344.53,0.53,0.5,2026-04-13,803,N21,VIIRS,l,2.0NRT,319.29,19.68,D,jamnagar,VIIRS_NOAA21_NRT
22.26432,70.25253,367.0,0.53,0.67,2026-04-14,741,N21,VIIRS,h,2.0NRT,316.28,12.23,D,jamnagar,VIIRS_NOAA21_NRT
22.26556,70.25322,343.14,0.53,0.67,2026-04-14,741,N21,VIIRS,n,2.0NRT,314.89,5.39,D,jamnagar,VIIRS_NOAA21_NRT
22.3281,70.11374,339.51,0.54,0.68,2026-04-14,741,N21,VIIRS,l,2.0NRT,313.95,6.75,D,jamnagar,VIIRS_NOAA21_NRT
22.57455,70.22704,312.12,0.4,0.37,2026-04-17,2055,N21,VIIRS,n,2.0NRT,296.45,1.17,N,jamnagar,VIIRS_NOAA21_NRT
22.45119,69.98673,350.13,0.44,0.46,2026-04-18,807,N21,VIIRS,n,2.0NRT,318.59,13.65,D,jamnagar,VIIRS_NOAA21_NRT
22.20809,70.04308,347.37,0.44,0.62,2026-04-19,750,N21,VIIRS,n,2.0NRT,317.61,7.55,D,jamnagar,VIIRS_NOAA21_NRT
22.33941,69.85428,312.94,0.38,0.36,2026-04-22,2101,N21,VIIRS,n,2.0NRT,301.93,3.21,N,jamnagar,VIIRS_NOAA21_NRT
22.38394,70.02556,346.97,0.34,0.56,2026-04-24,756,N21,VIIRS,n,2.0NRT,320.96,8.03,D,jamnagar,VIIRS_NOAA21_NRT
22.41263,69.93995,343.23,0.58,0.52,2026-05-01,905,N21,VIIRS,n,2.0NRT,314.49,6.97,D,jamnagar,VIIRS_NOAA21_NRT
22.41554,69.92569,311.56,0.56,0.51,2026-05-01,2131,N21,VIIRS,n,2.0NRT,298.33,1.09,N,jamnagar,VIIRS_NOAA21_NRT
22.35215,69.8322,340.03,0.4,0.37,2026-05-03,826,N21,VIIRS,l,2.0NRT,314.66,8.14,D,jamnagar,VIIRS_NOAA21_NRT
22.32323,69.87736,318.95,0.45,0.63,2026-05-05,2019,N21,VIIRS,n,2.0NRT,296.92,4.0,N,jamnagar,VIIRS_NOAA21_NRT
22.32335,69.8791,321.78,0.45,0.63,2026-05-05,2019,N21,VIIRS,n,2.0NRT,296.93,4.16,N,jamnagar,VIIRS_NOAA21_NRT
22.29427,69.9338,340.49,0.36,0.58,2026-05-06,909,N21,VIIRS,n,2.0NRT,308.07,5.08,D,jamnagar,VIIRS_NOAA21_NRT
22.29493,69.93437,343.32,0.36,0.58,2026-05-06,909,N21,VIIRS,n,2.0NRT,308.19,6.21,D,jamnagar,VIIRS_NOAA21_NRT
22.33965,69.86987,312.82,0.35,0.57,2026-05-06,2138,N21,VIIRS,n,2.0NRT,297.32,2.09,N,jamnagar,VIIRS_NOAA21_NRT
22.57571,70.22564,309.56,0.41,0.37,2026-05-13,2108,N21,VIIRS,n,2.0NRT,298.02,0.37,N,jamnagar,VIIRS_NOAA21_NRT
22.32113,69.88214,313.97,0.45,0.39,2026-05-14,2046,N21,VIIRS,n,2.0NRT,298.9,3.59,N,jamnagar,VIIRS_NOAA21_NRT
22.32247,69.87892,321.13,0.45,0.39,2026-05-14,2046,N21,VIIRS,n,2.0NRT,299.35,3.31,N,jamnagar,VIIRS_NOAA21_NRT
22.22126,70.16521,340.69,0.43,0.46,2026-05-20,807,N21,VIIRS,l,2.0NRT,313.85,2.67,D,jamnagar,VIIRS_NOAA21_NRT
22.3384,69.85451,310.4,0.54,0.42,2026-05-23,2121,N21,VIIRS,n,2.0NRT,299.34,1.97,N,jamnagar,VIIRS_NOAA21_NRT
22.32639,70.15627,333.69,0.48,0.65,2026-05-27,915,N21,VIIRS,l,2.0NRT,303.91,1.33,D,jamnagar,VIIRS_NOAA21_NRT
22.33627,69.86784,312.22,0.4,0.37,2026-05-29,2108,N21,VIIRS,n,2.0NRT,301.99,1.95,N,jamnagar,VIIRS_NOAA21_NRT
22.33898,69.85458,311.61,0.45,0.39,2026-06-03,2114,N21,VIIRS,n,2.0NRT,301.04,2.16,N,jamnagar,VIIRS_NOAA21_NRT
22.4646,70.15841,340.39,0.39,0.36,2026-06-04,826,N21,VIIRS,l,2.0NRT,307.85,7.3,D,jamnagar,VIIRS_NOAA21_NRT
22.31752,69.88602,317.45,0.54,0.42,2026-06-08,2121,N21,VIIRS,n,2.0NRT,297.9,2.38,N,jamnagar,VIIRS_NOAA21_NRT
22.3204,69.88245,313.79,0.54,0.42,2026-06-08,2121,N21,VIIRS,n,2.0NRT,297.81,4.54,N,jamnagar,VIIRS_NOAA21_NRT
22.32238,69.88252,340.09,0.38,0.36,2026-06-09,833,N21,VIIRS,n,2.0NRT,309.74,14.6,D,jamnagar,VIIRS_NOAA21_NRT
22.31917,69.88369,336.14,0.38,0.36,2026-06-09,2059,N21,VIIRS,n,2.0NRT,301.17,7.56,N,jamnagar,VIIRS_NOAA21_NRT
22.31974,69.88,329.26,0.38,0.36,2026-06-09,2059,N21,VIIRS,n,2.0NRT,301.09,3.02,N,jamnagar,VIIRS_NOAA21_NRT
22.32032,69.87631,311.92,0.38,0.36,2026-06-09,2059,N21,VIIRS,n,2.0NRT,300.4,3.02,N,jamnagar,VIIRS_NOAA21_NRT
22.32245,69.88428,318.33,0.38,0.36,2026-06-09,2059,N21,VIIRS,n,2.0NRT,300.09,4.78,N,jamnagar,VIIRS_NOAA21_NRT
22.32302,69.88059,333.8,0.38,0.36,2026-06-09,2059,N21,VIIRS,n,2.0NRT,303.95,9.38,N,jamnagar,VIIRS_NOAA21_NRT
22.3236,69.87691,314.69,0.38,0.36,2026-06-09,2059,N21,VIIRS,n,2.0NRT,299.46,9.38,N,jamnagar,VIIRS_NOAA21_NRT
22.32631,69.88118,315.94,0.38,0.36,2026-06-09,2059,N21,VIIRS,n,2.0NRT,298.02,9.38,N,jamnagar,VIIRS_NOAA21_NRT
22.32688,69.87749,311.83,0.38,0.36,2026-06-09,2059,N21,VIIRS,n,2.0NRT,297.06,9.38,N,jamnagar,VIIRS_NOAA21_NRT
22.5582,70.2219,308.99,0.34,0.56,2026-06-11,2021,N21,VIIRS,n,2.0NRT,296.31,2.12,N,jamnagar,VIIRS_NOAA21_NRT
22.48112,70.2248,340.51,0.41,0.37,2026-06-14,837,N21,VIIRS,n,2.0NRT,308.06,4.42,D,jamnagar,VIIRS_NOAA21_NRT
22.54468,70.22698,335.68,0.41,0.37,2026-06-14,837,N21,VIIRS,l,2.0NRT,306.56,0.68,D,jamnagar,VIIRS_NOAA21_NRT
22.34317,69.86622,310.2,0.45,0.39,2026-06-15,2046,N21,VIIRS,n,2.0NRT,297.67,3.97,N,jamnagar,VIIRS_NOAA21_NRT
22.57226,70.22853,311.9,0.44,0.38,2026-06-15,2046,N21,VIIRS,n,2.0NRT,297.71,0.81,N,jamnagar,VIIRS_NOAA21_NRT
22.31884,69.87939,307.5,0.58,0.7,2026-06-17,2010,N21,VIIRS,n,2.0NRT,290.57,2.53,N,jamnagar,VIIRS_NOAA21_NRT
22.31926,69.87385,307.31,0.58,0.7,2026-06-17,2010,N21,VIIRS,n,2.0NRT,290.65,3.47,N,jamnagar,VIIRS_NOAA21_NRT
22.36004,70.18008,335.73,0.47,0.4,2026-06-19,843,N21,VIIRS,n,2.0NRT,303.25,4.9,D,jamnagar,VIIRS_NOAA21_NRT
22.28671,70.28086,306.77,0.47,0.4,2026-06-19,2114,N21,VIIRS,n,2.0NRT,295.51,1.06,N,jamnagar,VIIRS_NOAA21_NRT
22.33996,69.85391,310.79,0.45,0.39,2026-06-19,2114,N21,VIIRS,n,2.0NRT,298.87,3.09,N,jamnagar,VIIRS_NOAA21_NRT
22.34022,69.85422,312.45,0.4,0.37,2026-06-20,2053,N21,VIIRS,n,2.0NRT,299.7,4.58,N,jamnagar,VIIRS_NOAA21_NRT
22.33689,69.86764,311.94,0.38,0.36,2026-06-25,2059,N21,VIIRS,n,2.0NRT,295.77,4.65,N,jamnagar,VIIRS_NOAA21_NRT
22.33484,69.86742,304.54,0.45,0.47,2026-06-29,2125,N21,VIIRS,n,2.0NRT,288.38,3.72,N,jamnagar,VIIRS_NOAA21_NRT
22.33735,69.85474,307.9,0.44,0.46,2026-06-29,2125,N21,VIIRS,n,2.0NRT,292.31,4.19,N,jamnagar,VIIRS_NOAA21_NRT
22.4816,70.22433,338.32,0.41,0.37,2026-06-30,837,N21,VIIRS,n,2.0NRT,301.31,3.48,D,jamnagar,VIIRS_NOAA21_NRT
22.33558,69.86704,309.61,0.4,0.37,2026-06-30,2108,N21,VIIRS,n,2.0NRT,292.14,3.66,N,jamnagar,VIIRS_NOAA21_NRT
22.33749,69.85552,308.3,0.4,0.37,2026-06-30,2108,N21,VIIRS,n,2.0NRT,291.99,4.4,N,jamnagar,VIIRS_NOAA21_NRT
22.33016,69.86285,300.98,0.56,0.51,2026-07-18,2029,N21,VIIRS,n,2.0NRT,289.89,5.78,N,jamnagar,VIIRS_NOAA21_NRT
22.33806,69.85318,301.63,0.35,0.57,2026-08-14,2023,N21,VIIRS,n,2.0NRT,287.78,2.08,N,jamnagar,VIIRS_NOAA21_NRT
22.57408,70.22664,303.8,0.39,0.36,2026-08-23,2053,N21,VIIRS,n,2.0NRT,292.27,1.72,N,jamnagar,VIIRS_NOAA21_NRT
22.33921,69.8703,309.15,0.43,0.46,2026-08-24,2036,N21,VIIRS,n,2.0NRT,293.54,2.69,N,jamnagar,VIIRS_NOAA21_NRT
22.33969,69.86611,315.85,0.43,0.46,2026-08-24,2036,N21,VIIRS,n,2.0NRT,294.07,2.69,N,jamnagar,VIIRS_NOAA21_NRT
22.34017,69.86192,307.83,0.44,0.46,2026-08-24,2036,N21,VIIRS,n,2.0NRT,293.93,3.82,N,jamnagar,VIIRS_NOAA21_NRT
22.34343,69.87085,313.73,0.43,0.46,2026-08-24,2036,N21,VIIRS,n,2.0NRT,293.41,7.01,N,jamnagar,VIIRS_NOAA21_NRT
22.34392,69.86665,339.9,0.43,0.46,2026-08-24,2036,N21,VIIRS,n,2.0NRT,293.84,7.01,N,jamnagar,VIIRS_NOAA21_NRT
22.3444,69.86245,308.11,0.44,0.46,2026-08-24,2036,N21,VIIRS,n,2.0NRT,293.06,2.37,N,jamnagar,VIIRS_NOAA21_NRT
22.34049,69.85591,312.61,0.4,0.37,2026-06-06,2110,N20,VIIRS,n,2.0NRT,301.7,3.51,N,jamnagar,VIIRS_NOAA20_NRT
22.59546,70.2315,309.05,0.44,0.38,2026-06-07,2051,N20,VIIRS,n,2.0NRT,297.33,2.75,N,jamnagar,VIIRS_NOAA20_NRT
22.3182,69.88745,340.77,0.59,0.7,2026-06-09,926,N20,VIIRS,n,2.0NRT,299.81,3.68,D,jamnagar,VIIRS_NOAA20_NRT
22.31928,69.8815,323.9,0.56,0.69,2026-06-09,2014,N20,VIIRS,n,2.0NRT,296.16,8.29,N,jamnagar,VIIRS_NOAA20_NRT
22.3197,69.87608,320.69,0.56,0.69,2026-06-09,2014,N20,VIIRS,n,2.0NRT,295.82,6.49,N,jamnagar,VIIRS_NOAA20_NRT
22.32014,69.87059,308.03,0.56,0.69,2026-06-09,2014,N20,VIIRS,n,2.0NRT,295.9,6.49,N,jamnagar,VIIRS_NOAA20_NRT
22.32564,69.88213,313.81,0.56,0.69,2026-06-09,2014,N20,VIIRS,n,2.0NRT,296.59,8.29,N,jamnagar,VIIRS_NOAA20_NRT
22.32607,69.87666,367.0,0.56,0.69,2026-06-09,2014,N20,VIIRS,h,2.0NRT,297.13,6.49,N,jamnagar,VIIRS_NOAA20_NRT
22.3265,69.87119,311.13,0.56,0.69,2026-06-09,2014,N20,VIIRS,n,2.0NRT,296.11,6.49,N,jamnagar,VIIRS_NOAA20_NRT
22.31843,69.89112,313.19,0.57,0.69,2026-06-09,2153,N20,VIIRS,n,2.0NRT,296.38,16.63,N,jamnagar,VIIRS_NOAA20_NRT
22.31973,69.88573,351.71,0.57,0.69,2026-06-09,2153,N20,VIIRS,n,2.0NRT,297.68,16.63,N,jamnagar,VIIRS_NOAA20_NRT
22.32104,69.88033,367.0,0.56,0.69,2026-06-09,2153,N20,VIIRS,h,2.0NRT,296.47,14.48,N,jamnagar,VIIRS_NOAA20_NRT
22.32233,69.87494,309.79,0.56,0.69,2026-06-09,2153,N20,VIIRS,n,2.0NRT,296.21,14.48,N,jamnagar,VIIRS_NOAA20_NRT
22.32459,69.8929,307.13,0.57,0.69,2026-06-09,2153,N20,VIIRS,n,2.0NRT,295.73,3.0,N,jamnagar,VIIRS_NOAA20_NRT
22.32589,69.8875,314.23,0.57,0.69,2026-06-09,2153,N20,VIIRS,n,2.0NRT,295.96,3.0,N,jamnagar,VIIRS_NOAA20_NRT
22.32719,69.88211,313.15,0.56,0.69,2026-06-09,2153,N20,VIIRS,n,2.0NRT,295.78,6.39,N,jamnagar,VIIRS_NOAA20_NRT
22.20115,70.08774,339.15,0.47,0.4,2026-06-11,848,N20,VIIRS,n,2.0NRT,308.52,5.14,D,jamnagar,VIIRS_NOAA20_NRT
22.33482,69.8681,312.64,0.4,0.37,2026-06-12,2057,N20,VIIRS,n,2.0NRT,301.76,2.24,N,jamnagar,VIIRS_NOAA20_NRT
22.57347,70.23006,311.02,0.39,0.36,2026-06-12,2057,N20,VIIRS,n,2.0NRT,297.96,0.43,N,jamnagar,VIIRS_NOAA20_NRT
22.57376,70.22547,307.43,0.42,0.45,2026-06-13,2038,N20,VIIRS,n,2.0NRT,295.8,2.59,N,jamnagar,VIIRS_NOAA20_NRT
22.34205,69.8616,309.53,0.44,0.63,2026-06-14,2019,N20,VIIRS,n,2.0NRT,295.65,3.86,N,jamnagar,VIIRS_NOAA20_NRT
22.34302,69.86884,310.3,0.36,0.57,2026-06-15,2142,N20,VIIRS,n,2.0NRT,295.52,3.43,N,jamnagar,VIIRS_NOAA20_NRT
22.32408,69.88058,329.0,0.38,0.36,2026-06-17,2104,N20,VIIRS,n,2.0NRT,298.35,2.85,N,jamnagar,VIIRS_NOAA20_NRT
22.3363,69.86761,312.88,0.38,0.36,2026-06-17,2104,N20,VIIRS,n,2.0NRT,298.6,2.02,N,jamnagar,VIIRS_NOAA20_NRT
22.21214,70.07167,339.67,0.33,0.55,2026-06-19,758,N20,VIIRS,n,2.0NRT,299.79,2.66,D,jamnagar,VIIRS_NOAA20_NRT
22.4379,69.91242,343.1,0.47,0.47,2026-06-21,900,N20,VIIRS,n,2.0NRT,300.96,2.53,D,jamnagar,VIIRS_NOAA20_NRT
22.48028,70.22348,338.23,0.42,0.37,2026-06-22,841,N20,VIIRS,n,2.0NRT,306.67,7.68,D,jamnagar,VIIRS_NOAA20_NRT
22.33511,69.86858,311.34,0.4,0.37,2026-06-22,2110,N20,VIIRS,n,2.0NRT,298.03,3.85,N,jamnagar,VIIRS_NOAA20_NRT
22.33834,69.868,304.88,0.45,0.39,2026-06-23,2051,N20,VIIRS,n,2.0NRT,291.51,2.59,N,jamnagar,VIIRS_NOAA20_NRT
22.34016,69.85503,308.94,0.45,0.39,2026-06-23,2051,N20,VIIRS,n,2.0NRT,293.83,2.99,N,jamnagar,VIIRS_NOAA20_NRT
22.47542,70.12431,330.64,0.52,0.5,2026-06-24,805,N20,VIIRS,l,2.0NRT,301.61,1.7,D,jamnagar,VIIRS_NOAA20_NRT
22.32294,69.88258,314.14,0.46,0.39,2026-06-27,2116,N20,VIIRS,n,2.0NRT,296.77,3.05,N,jamnagar,VIIRS_NOAA20_NRT
22.3391,69.85394,310.73,0.46,0.39,2026-06-27,2116,N20,VIIRS,n,2.0NRT,298.53,3.08,N,jamnagar,VIIRS_NOAA20_NRT
22.33986,69.85631,306.31,0.4,0.37,2026-06-28,2057,N20,VIIRS,n,2.0NRT,284.38,1.18,N,jamnagar,VIIRS_NOAA20_NRT
22.33493,69.86871,309.97,0.41,0.37,2026-07-08,2110,N20,VIIRS,n,2.0NRT,296.72,3.26,N,jamnagar,VIIRS_NOAA20_NRT
22.3349,69.86817,295.4,0.72,0.76,2026-07-16,2201,N20,VIIRS,n,2.0NRT,284.21,4.27,N,jamnagar,VIIRS_NOAA20_NRT
22.34027,69.85518,308.21,0.38,0.36,2026-08-04,2106,N20,VIIRS,n,2.0NRT,286.94,1.84,N,jamnagar,VIIRS_NOAA20_NRT
22.33785,69.86696,301.74,0.41,0.37,2026-08-09,2112,N20,VIIRS,n,2.0NRT,281.9,1.23,N,jamnagar,VIIRS_NOAA20_NRT
22.33982,69.85525,302.09,0.41,0.37,2026-08-09,2112,N20,VIIRS,n,2.0NRT,278.97,1.06,N,jamnagar,VIIRS_NOAA20_NRT
22.34236,69.87119,331.0,0.46,0.47,2026-08-24,2131,N20,VIIRS,n,2.0NRT,292.96,5.31,N,jamnagar,VIIRS_NOAA20_NRT
22.33997,69.85574,308.37,0.41,0.37,2026-08-25,2112,N20,VIIRS,n,2.0NRT,292.92,3.06,N,jamnagar,VIIRS_NOAA20_NRT
22.3412,69.85442,306.8,0.41,0.37,2026-08-25,2112,N20,VIIRS,n,2.0NRT,291.97,2.19,N,jamnagar,VIIRS_NOAA20_NRT
22.32085,69.8827,311.16,0.44,0.38,2026-08-26,2053,N20,VIIRS,n,2.0NRT,286.86,1.41,N,jamnagar,VIIRS_NOAA20_NRT
22.32132,69.88142,317.54,0.44,0.38,2026-08-26,2053,N20,VIIRS,n,2.0NRT,287.39,1.49,N,jamnagar,VIIRS_NOAA20_NRT
22.40417,69.81351,349.48,0.37,0.58,2026-05-02,917,N,VIIRS,n,2.0NRT,306.07,3.78,D,jamnagar,VIIRS_SNPP_NRT
22.31355,69.85928,313.06,0.36,0.57,2026-05-02,2146,N,VIIRS,n,2.0NRT,298.92,0.63,N,jamnagar,VIIRS_SNPP_NRT
22.3365,69.86751,313.6,0.38,0.36,2026-05-04,2108,N,VIIRS,n,2.0NRT,302.19,2.98,N,jamnagar,VIIRS_SNPP_NRT
22.32086,69.88123,313.03,0.46,0.39,2026-05-14,2123,N,VIIRS,n,2.0NRT,297.56,1.91,N,jamnagar,VIIRS_SNPP_NRT
22.3399,69.85509,312.26,0.4,0.37,2026-05-15,2101,N,VIIRS,n,2.0NRT,300.79,2.26,N,jamnagar,VIIRS_SNPP_NRT
22.46394,69.97305,343.04,0.39,0.36,2026-05-20,839,N,VIIRS,l,2.0NRT,316.89,9.37,D,jamnagar,VIIRS_SNPP_NRT
22.33452,69.86738,311.59,0.38,0.36,2026-05-20,2110,N,VIIRS,n,2.0NRT,301.34,2.44,N,jamnagar,VIIRS_SNPP_NRT
22.31176,70.23502,350.28,0.49,0.41,2026-05-21,822,N,VIIRS,n,2.0NRT,319.66,16.21,D,jamnagar,VIIRS_SNPP_NRT
22.33878,69.85378,311.09,0.41,0.37,2026-05-25,2116,N,VIIRS,n,2.0NRT,300.93,3.12,N,jamnagar,VIIRS_SNPP_NRT
22.32529,70.15926,341.76,0.5,0.49,2026-05-27,809,N,VIIRS,n,2.0NRT,309.86,14.49,D,jamnagar,VIIRS_SNPP_NRT
22.32646,70.15605,348.41,0.5,0.49,2026-05-27,809,N,VIIRS,n,2.0NRT,309.84,12.04,D,jamnagar,VIIRS_SNPP_NRT
22.36775,69.96391,336.33,0.38,0.44,2026-06-04,900,N,VIIRS,n,2.0NRT,306.06,4.66,D,jamnagar,VIIRS_SNPP_NRT
22.32349,69.88551,339.21,0.47,0.48,2026-06-09,905,N,VIIRS,n,2.0NRT,304.87,4.81,D,jamnagar,VIIRS_SNPP_NRT
22.31708,69.88683,309.55,0.46,0.47,2026-06-09,2136,N,VIIRS,n,2.0NRT,294.75,1.67,N,jamnagar,VIIRS_SNPP_NRT
22.31797,69.88235,308.01,0.46,0.47,2026-06-09,2136,N,VIIRS,n,2.0NRT,294.31,1.67,N,jamnagar,VIIRS_SNPP_NRT
22.31886,69.87788,314.31,0.46,0.47,2026-06-09,2136,N,VIIRS,n,2.0NRT,296.14,2.4,N,jamnagar,VIIRS_SNPP_NRT
22.32138,69.88783,310.02,0.46,0.47,2026-06-09,2136,N,VIIRS,n,2.0NRT,293.4,1.67,N,jamnagar,VIIRS_SNPP_NRT
22.32227,69.88338,336.09,0.46,0.47,2026-06-09,2136,N,VIIRS,n,2.0NRT,295.2,1.67,N,jamnagar,VIIRS_SNPP_NRT
22.32316,69.87891,326.49,0.46,0.47,2026-06-09,2136,N,VIIRS,n,2.0NRT,295.65,2.4,N,jamnagar,VIIRS_SNPP_NRT
22.32404,69.87445,305.83,0.46,0.47,2026-06-09,2136,N,VIIRS,n,2.0NRT,294.94,2.4,N,jamnagar,VIIRS_SNPP_NRT
22.32569,69.88885,306.58,0.46,0.47,2026-06-09,2136,N,VIIRS,n,2.0NRT,293.68,2.02,N,jamnagar,VIIRS_SNPP_NRT
22.32657,69.88439,313.55,0.46,0.47,2026-06-09,2136,N,VIIRS,n,2.0NRT,295.27,2.02,N,jamnagar,VIIRS_SNPP_NRT
22.32746,69.87993,311.58,0.46,0.47,2026-06-09,2136,N,VIIRS,n,2.0NRT,296.15,2.5,N,jamnagar,VIIRS_SNPP_NRT
22.33554,69.86747,310.44,0.46,0.39,2026-06-15,2123,N,VIIRS,n,2.0NRT,299.13,5.04,N,jamnagar,VIIRS_SNPP_NRT
22.34356,69.86451,309.91,0.46,0.39,2026-06-15,2123,N,VIIRS,n,2.0NRT,296.65,4.97,N,jamnagar,VIIRS_SNPP_NRT
22.33553,69.8676,311.44,0.4,0.37,2026-06-16,2104,N,VIIRS,n,2.0NRT,298.46,4.69,N,jamnagar,VIIRS_SNPP_NRT
22.34119,69.85283,309.12,0.4,0.37,2026-06-16,2104,N,VIIRS,n,2.0NRT,297.4,3.48,N,jamnagar,VIIRS_SNPP_NRT
22.32116,69.87794,314.73,0.43,0.46,2026-06-17,2046,N,VIIRS,n,2.0NRT,295.4,1.9,N,jamnagar,VIIRS_SNPP_NRT
22.3358,69.86646,308.04,0.36,0.57,2026-06-19,2148,N,VIIRS,n,2.0NRT,294.71,2.45,N,jamnagar,VIIRS_SNPP_NRT
22.33892,69.85261,308.43,0.36,0.57,2026-06-19,2148,N,VIIRS,n,2.0NRT,294.62,2.25,N,jamnagar,VIIRS_SNPP_NRT
22.33782,69.8652,308.81,0.56,0.43,2026-06-20,2129,N,VIIRS,n,2.0NRT,297.76,5.3,N,jamnagar,VIIRS_SNPP_NRT
22.33985,69.85446,309.15,0.56,0.43,2026-06-20,2129,N,VIIRS,n,2.0NRT,298.16,5.38,N,jamnagar,VIIRS_SNPP_NRT
22.34013,69.85477,316.58,0.38,0.36,2026-06-21,2110,N,VIIRS,n,2.0NRT,299.86,1.82,N,jamnagar,VIIRS_SNPP_NRT
22.57459,70.22716,309.63,0.39,0.36,2026-06-21,2110,N,VIIRS,n,2.0NRT,297.63,0.45,N,jamnagar,VIIRS_SNPP_NRT
22.33649,69.86675,312.43,0.41,0.37,2026-06-26,2116,N,VIIRS,n,2.0NRT,298.5,4.01,N,jamnagar,VIIRS_SNPP_NRT
22.33849,69.85496,313.26,0.41,0.37,2026-06-26,2116,N,VIIRS,n,2.0NRT,298.72,3.81,N,jamnagar,VIIRS_SNPP_NRT
22.33501,69.86803,309.1,0.44,0.38,2026-06-27,2057,N,VIIRS,n,2.0NRT,296.9,3.65,N,jamnagar,VIIRS_SNPP_NRT
22.34035,69.85574,310.58,0.44,0.38,2026-06-27,2057,N,VIIRS,n,2.0NRT,296.75,3.05,N,jamnagar,VIIRS_SNPP_NRT
22.49221,70.1522,335.94,0.49,0.4,2026-07-01,856,N,VIIRS,n,2.0NRT,292.1,2.39,D,jamnagar,VIIRS_SNPP_NRT
22.3335,69.86872,304.01,0.4,0.37,2026-07-18,2104,N,VIIRS,n,2.0NRT,291.79,1.06,N,jamnagar,VIIRS_SNPP_NRT
22.33407,69.86489,303.35,0.4,0.37,2026-07-18,2104,N,VIIRS,n,2.0NRT,291.57,1.06,N,jamnagar,VIIRS_SNPP_NRT
22.33686,69.8693,303.88,0.4,0.37,2026-07-18,2104,N,VIIRS,n,2.0NRT,291.69,1.06,N,jamnagar,VIIRS_SNPP_NRT
22.33743,69.86547,304.24,0.4,0.37,2026-07-18,2104,N,VIIRS,n,2.0NRT,291.39,1.06,N,jamnagar,VIIRS_SNPP_NRT
22.33633,69.86706,296.59,0.53,0.42,2026-08-09,2053,N,VIIRS,n,2.0NRT,276.09,0.94,N,jamnagar,VIIRS_SNPP_NRT
22.3395,69.85548,304.65,0.45,0.39,2026-08-14,2059,N,VIIRS,n,2.0NRT,288.65,1.98,N,jamnagar,VIIRS_SNPP_NRT
22.3408,69.85459,305.94,0.38,0.36,2026-08-24,2112,N,VIIRS,n,2.0NRT,294.23,1.87,N,jamnagar,VIIRS_SNPP_NRT
22.34174,69.87002,322.14,0.38,0.36,2026-08-24,2112,N,VIIRS,n,2.0NRT,292.79,1.78,N,jamnagar,VIIRS_SNPP_NRT
22.34504,69.87063,323.05,0.38,0.36,2026-08-24,2112,N,VIIRS,n,2.0NRT,292.53,1.78,N,jamnagar,VIIRS_SNPP_NRT
22.19909,73.21516,347.69,0.48,0.65,2024-01-20,902,N21,VIIRS,n,2.0NRT,298.34,41.16,D,vadodara,VIIRS_NOAA21_NRT
22.19948,73.2198,367.0,0.48,0.65,2024-01-20,902,N21,VIIRS,h,2.0NRT,305.61,59.99,D,vadodara,VIIRS_NOAA21_NRT
22.20543,73.21919,346.16,0.48,0.65,2024-01-20,902,N21,VIIRS,n,2.0NRT,297.8,9.48,D,vadodara,VIIRS_NOAA21_NRT
22.24385,73.1207,331.98,0.41,0.37,2024-01-22,824,N21,VIIRS,n,2.0NRT,304.0,2.22,D,vadodara,VIIRS_NOAA21_NRT
22.21274,73.1697,338.2,0.53,0.5,2024-01-24,745,N21,VIIRS,n,2.0NRT,302.81,6.08,D,vadodara,VIIRS_NOAA21_NRT
22.21304,73.17184,340.41,0.54,0.5,2024-01-24,745,N21,VIIRS,n,2.0NRT,302.82,8.46,D,vadodara,VIIRS_NOAA21_NRT
22.36318,73.11245,300.37,0.51,0.5,2024-01-24,2014,N21,VIIRS,n,2.0NRT,284.99,1.35,N,vadodara,VIIRS_NOAA21_NRT
22.23464,73.35346,346.82,0.39,0.36,2024-01-28,811,N21,VIIRS,n,2.0NRT,307.53,8.19,D,vadodara,VIIRS_NOAA21_NRT
22.3649,73.11558,301.78,0.44,0.46,2024-01-29,2021,N21,VIIRS,n,2.0NRT,291.21,2.1,N,vadodara,VIIRS_NOAA21_NRT
22.25987,73.38099,333.69,0.39,0.44,2024-02-01,834,N21,VIIRS,n,2.0NRT,297.2,3.24,D,vadodara,VIIRS_NOAA21_NRT
22.26386,73.38042,340.34,0.39,0.44,2024-02-01,834,N21,VIIRS,n,2.0NRT,299.36,8.9,D,vadodara,VIIRS_NOAA21_NRT
22.36352,73.11424,330.38,0.55,0.43,2024-02-01,2103,N21,VIIRS,n,2.0NRT,290.84,4.23,N,vadodara,VIIRS_NOAA21_NRT
22.36453,73.11617,302.48,0.53,0.42,2024-02-03,2025,N21,VIIRS,n,2.0NRT,292.08,1.12,N,vadodara,VIIRS_NOAA21_NRT
22.29676,73.12846,330.41,0.41,0.37,2024-02-07,824,N21,VIIRS,n,2.0NRT,293.02,3.1,D,vadodara,VIIRS_NOAA21_NRT
22.14034,73.3904,307.31,0.41,0.37,2024-02-07,2053,N21,VIIRS,n,2.0NRT,286.22,1.26,N,vadodara,VIIRS_NOAA21_NRT
22.22688,73.23614,297.07,0.41,0.37,2024-02-07,2053,N21,VIIRS,n,2.0NRT,282.4,0.47,N,vadodara,VIIRS_NOAA21_NRT
22.42888,73.30916,332.0,0.61,0.71,2024-02-10,909,N21,VIIRS,n,2.0NRT,298.99,3.35,D,vadodara,VIIRS_NOAA21_NRT
22.11002,73.37348,305.07,0.39,0.36,2024-02-13,2040,N21,VIIRS,n,2.0NRT,286.21,0.81,N,vadodara,VIIRS_NOAA21_NRT
22.36565,73.11502,305.12,0.4,0.37,2024-02-13,2040,N21,VIIRS,n,2.0NRT,291.03,1.09,N,vadodara,VIIRS_NOAA21_NRT
22.36462,73.11989,302.33,0.71,0.75,2024-02-15,2142,N21,VIIRS,n,2.0NRT,291.31,2.11,N,vadodara,VIIRS_NOAA21_NRT
22.16086,73.06286,330.05,0.35,0.57,2024-02-20,739,N21,VIIRS,n,2.0NRT,302.09,1.78,D,vadodara,VIIRS_NOAA21_NRT
22.36569,73.11562,302.04,0.45,0.47,2024-02-22,2110,N21,VIIRS,n,2.0NRT,291.35,1.68,N,vadodara,VIIRS_NOAA21_NRT
22.1148,73.09716,336.05,0.45,0.39,2024-02-24,805,N21,VIIRS,n,2.0NRT,310.98,8.33,D,vadodara,VIIRS_NOAA21_NRT
22.2963,73.05051,333.81,0.45,0.39,2024-02-24,805,N21,VIIRS,n,2.0NRT,308.44,2.36,D,vadodara,VIIRS_NOAA21_NRT
22.35258,73.33664,338.98,0.44,0.38,2024-02-24,805,N21,VIIRS,n,2.0NRT,308.01,3.55,D,vadodara,VIIRS_NOAA21_NRT
22.12685,73.07122,342.35,0.41,0.37,2024-03-10,824,N21,VIIRS,n,2.0NRT,313.64,14.85,D,vadodara,VIIRS_NOAA21_NRT
22.35397,73.216,337.04,0.41,0.37,2024-03-10,824,N21,VIIRS,l,2.0NRT,311.75,2.4,D,vadodara,VIIRS_NOAA21_NRT
22.17784,73.20035,330.81,0.53,0.67,2024-03-13,729,N21,VIIRS,l,2.0NRT,305.41,4.42,D,vadodara,VIIRS_NOAA21_NRT
22.18446,73.33543,343.89,0.52,0.67,2024-03-13,729,N21,VIIRS,n,2.0NRT,303.4,6.87,D,vadodara,VIIRS_NOAA21_NRT
22.36465,73.1132,305.38,0.44,0.62,2024-03-18,2002,N21,VIIRS,n,2.0NRT,294.91,2.43,N,vadodara,VIIRS_NOAA21_NRT
22.15248,73.07041,334.0,0.54,0.51,2024-03-28,746,N21,VIIRS,l,2.0NRT,304.91,3.58,D,vadodara,VIIRS_NOAA21_NRT
22.33235,73.07596,332.18,0.59,0.53,2024-03-30,850,N21,VIIRS,l,2.0NRT,302.57,2.9,D,vadodara,VIIRS_NOAA21_NRT
22.32137,73.08376,327.6,0.43,0.46,2024-04-02,2021,N21,VIIRS,n,2.0NRT,292.52,4.49,N,vadodara,VIIRS_NOAA21_NRT
22.32185,73.07952,321.71,0.44,0.46,2024-04-02,2021,N21,VIIRS,n,2.0NRT,291.83,4.15,N,vadodara,VIIRS_NOAA21_NRT
22.325,73.08457,314.05,0.43,0.46,2024-04-02,2021,N21,VIIRS,n,2.0NRT,292.62,3.34,N,vadodara,VIIRS_NOAA21_NRT
22.32552,73.08034,334.17,0.43,0.46,2024-04-02,2021,N21,VIIRS,n,2.0NRT,292.16,3.98,N,vadodara,VIIRS_NOAA21_NRT
22.43065,73.21603,304.91,0.43,0.46,2024-04-02,2021,N21,VIIRS,n,2.0NRT,293.31,0.54,N,vadodara,VIIRS_NOAA21_NRT
22.43704,73.22497,304.2,0.37,0.58,2024-04-04,2123,N21,VIIRS,n,2.0NRT,291.49,0.99,N,vadodara,VIIRS_NOAA21_NRT
22.34844,73.39432,345.89,0.39,0.44,2024-04-05,837,N21,VIIRS,n,2.0NRT,314.47,8.1,D,vadodara,VIIRS_NOAA21_NRT
22.38276,73.37411,338.03,0.39,0.44,2024-04-05,837,N21,VIIRS,n,2.0NRT,308.89,2.98,D,vadodara,VIIRS_NOAA21_NRT
22.11906,73.20116,346.28,0.52,0.41,2024-04-07,801,N21,VIIRS,n,2.0NRT,313.88,9.78,D,vadodara,VIIRS_NOAA21_NRT
22.18002,73.19373,348.61,0.52,0.41,2024-04-07,801,N21,VIIRS,n,2.0NRT,319.69,15.21,D,vadodara,VIIRS_NOAA21_NRT
22.27109,73.34919,342.54,0.51,0.41,2024-04-07,801,N21,VIIRS,n,2.0NRT,314.5,8.87,D,vadodara,VIIRS_NOAA21_NRT
22.37814,73.2076,342.52,0.51,0.41,2024-04-07,801,N21,VIIRS,n,2.0NRT,315.16,19.49,D,vadodara,VIIRS_NOAA21_NRT
22.42976,73.25777,341.16,0.51,0.41,2024-04-07,801,N21,VIIRS,l,2.0NRT,314.93,5.39,D,vadodara,VIIRS_NOAA21_NRT
22.18628,73.33369,345.82,0.49,0.65,2024-04-09,902,N21,VIIRS,n,2.0NRT,307.46,4.33,D,vadodara,VIIRS_NOAA21_NRT
22.35368,73.34727,340.24,0.5,0.66,2024-04-09,902,N21,VIIRS,n,2.0NRT,305.8,4.97,D,vadodara,VIIRS_NOAA21_NRT
22.356,73.3466,341.46,0.5,0.66,2024-04-09,902,N21,VIIRS,n,2.0NRT,306.23,7.99,D,vadodara,VIIRS_NOAA21_NRT
22.10507,73.39352,338.63,0.42,0.37,2024-04-11,824,N21,VIIRS,n,2.0NRT,307.38,3.96,D,vadodara,VIIRS_NOAA21_NRT
22.17365,73.38599,335.17,0.43,0.38,2024-04-12,805,N21,VIIRS,l,2.0NRT,309.77,3.79,D,vadodara,VIIRS_NOAA21_NRT
22.28483,73.30643,335.79,0.61,0.53,2024-04-15,850,N21,VIIRS,l,2.0NRT,306.36,4.2,D,vadodara,VIIRS_NOAA21_NRT
22.33868,73.20505,335.91,0.6,0.53,2024-04-15,850,N21,VIIRS,n,2.0NRT,303.27,5.2,D,vadodara,VIIRS_NOAA21_NRT
22.34228,73.20834,342.44,0.6,0.53,2024-04-15,850,N21,VIIRS,n,2.0NRT,303.7,3.12,D,vadodara,VIIRS_NOAA21_NRT
22.22289,73.20615,354.96,0.47,0.4,2024-04-16,830,N21,VIIRS,n,2.0NRT,315.32,10.52,D,vadodara,VIIRS_NOAA21_NRT
22.2975,73.34505,306.21,0.48,0.4,2024-04-16,2059,N21,VIIRS,n,2.0NRT,296.15,2.2,N,vadodara,VIIRS_NOAA21_NRT
22.36569,73.11559,312.87,0.4,0.37,2024-04-17,2040,N21,VIIRS,n,2.0NRT,300.01,2.5,N,vadodara,VIIRS_NOAA21_NRT
22.36653,73.11521,306.89,0.44,0.62,2024-04-19,2002,N21,VIIRS,n,2.0NRT,294.25,2.78,N,vadodara,VIIRS_NOAA21_NRT
22.36691,73.11095,307.5,0.44,0.62,2024-04-19,2002,N21,VIIRS,n,2.0NRT,293.09,1.92,N,vadodara,VIIRS_NOAA21_NRT
22.4425,73.08392,336.94,0.38,0.36,2024-04-22,818,N21,VIIRS,l,2.0NRT,311.26,7.94,D,vadodara,VIIRS_NOAA21_NRT
22.36376,73.11359,309.08,0.35,0.56,2024-04-24,2008,N21,VIIRS,n,2.0NRT,297.06,1.51,N,vadodara,VIIRS_NOAA21_NRT
22.38134,73.25817,333.03,0.49,0.65,2024-04-25,902,N21,VIIRS,n,2.0NRT,300.62,18.91,D,vadodara,VIIRS_NOAA21_NRT
22.38173,73.26289,367.0,0.49,0.65,2024-04-25,902,N21,VIIRS,h,2.0NRT,302.29,18.91,D,vadodara,VIIRS_NOAA21_NRT
22.38295,73.25996,306.86,0.47,0.64,2024-04-25,2129,N21,VIIRS,n,2.0NRT,291.76,2.06,N,vadodara,VIIRS_NOAA21_NRT
22.43494,73.21851,305.46,0.46,0.64,2024-04-25,2129,N21,VIIRS,n,2.0NRT,291.73,1.0,N,vadodara,VIIRS_NOAA21_NRT
22.18223,73.17145,337.38,0.54,0.5,2024-04-29,746,N21,VIIRS,l,2.0NRT,310.59,6.67,D,vadodara,VIIRS_NOAA21_NRT
22.20809,73.18143,341.48,0.53,0.5,2024-04-29,746,N21,VIIRS,n,2.0NRT,311.85,6.02,D,vadodara,VIIRS_NOAA21_NRT
22.39529,73.32197,367.0,0.52,0.67,2024-04-30,729,N21,VIIRS,h,2.0NRT,311.12,12.38,D,vadodara,VIIRS_NOAA21_NRT
22.12541,73.2982,343.09,0.42,0.45,2024-05-04,752,N21,VIIRS,n,2.0NRT,315.19,4.12,D,vadodara,VIIRS_NOAA21_NRT
22.3308,73.24924,344.15,0.42,0.45,2024-05-04,752,N21,VIIRS,n,2.0NRT,312.61,10.37,D,vadodara,VIIRS_NOAA21_NRT
22.15179,73.21317,330.43,0.43,0.62,2024-05-05,733,N21,VIIRS,n,2.0NRT,295.95,2.06,D,vadodara,VIIRS_NOAA21_NRT
22.16367,73.31446,332.83,0.42,0.61,2024-05-05,733,N21,VIIRS,n,2.0NRT,300.39,3.14,D,vadodara,VIIRS_NOAA21_NRT
22.11638,73.0119,336.76,0.36,0.58,2024-05-06,856,N21,VIIRS,l,2.0NRT,307.94,3.19,D,vadodara,VIIRS_NOAA21_NRT
22.1341,73.09528,334.5,0.37,0.58,2024-05-06,856,N21,VIIRS,l,2.0NRT,309.47,2.18,D,vadodara,VIIRS_NOAA21_NRT
22.21717,73.25869,341.91,0.57,0.43,2024-05-07,837,N21,VIIRS,l,2.0NRT,313.68,13.77,D,vadodara,VIIRS_NOAA21_NRT
22.25933,73.31297,343.49,0.39,0.36,2024-05-08,818,N21,VIIRS,l,2.0NRT,317.73,9.82,D,vadodara,VIIRS_NOAA21_NRT
22.28959,73.26185,345.19,0.38,0.36,2024-05-08,818,N21,VIIRS,l,2.0NRT,317.03,8.73,D,vadodara,VIIRS_NOAA21_NRT
22.3167,73.37505,342.17,0.39,0.36,2024-05-08,818,N21,VIIRS,l,2.0NRT,317.01,10.98,D,vadodara,VIIRS_NOAA21_NRT
22.37517,73.24691,344.83,0.38,0.36,2024-05-08,818,N21,VIIRS,l,2.0NRT,315.72,8.53,D,vadodara,VIIRS_NOAA21_NRT
22.42921,73.2586,336.94,0.52,0.41,2024-05-09,801,N21,VIIRS,l,2.0NRT,308.77,4.59,D,vadodara,VIIRS_NOAA21_NRT
22.14219,73.34023,338.11,0.33,0.55,2024-05-10,739,N21,VIIRS,n,2.0NRT,301.63,1.92,D,vadodara,VIIRS_NOAA21_NRT
22.36418,73.11266,305.56,0.72,0.76,2024-05-11,1949,N21,VIIRS,n,2.0NRT,291.57,4.6,N,vadodara,VIIRS_NOAA21_NRT
22.2107,73.19961,343.39,0.47,0.47,2024-05-12,843,N21,VIIRS,n,2.0NRT,302.2,5.08,D,vadodara,VIIRS_NOAA21_NRT
22.21179,73.19637,333.69,0.47,0.47,2024-05-12,843,N21,VIIRS,n,2.0NRT,300.27,5.78,D,vadodara,VIIRS_NOAA21_NRT
22.30858,73.19256,337.09,0.47,0.48,2024-05-12,843,N21,VIIRS,n,2.0NRT,301.07,2.57,D,vadodara,VIIRS_NOAA21_NRT
22.30991,73.19369,340.91,0.47,0.48,2024-05-12,843,N21,VIIRS,n,2.0NRT,301.23,2.38,D,vadodara,VIIRS_NOAA21_NRT
22.17203,73.14297,339.31,0.41,0.37,2024-05-13,824,N21,VIIRS,n,2.0NRT,308.46,3.46,D,vadodara,VIIRS_NOAA21_NRT
22.23213,73.22532,340.11,0.41,0.37,2024-05-13,824,N21,VIIRS,n,2.0NRT,308.58,6.61,D,vadodara,VIIRS_NOAA21_NRT
22.24114,73.23993,342.5,0.41,0.37,2024-05-13,824,N21,VIIRS,n,2.0NRT,310.43,8.18,D,vadodara,VIIRS_NOAA21_NRT
22.31866,73.36578,338.22,0.41,0.37,2024-05-13,824,N21,VIIRS,n,2.0NRT,307.12,12.83,D,vadodara,VIIRS_NOAA21_NRT
22.39246,73.34557,340.47,0.41,0.37,2024-05-13,824,N21,VIIRS,n,2.0NRT,309.39,11.31,D,vadodara,VIIRS_NOAA21_NRT
22.36559,73.11621,309.34,0.45,0.39,2024-05-14,2034,N21,VIIRS,n,2.0NRT,296.94,3.21,N,vadodara,VIIRS_NOAA21_NRT
22.15519,73.37312,336.84,0.53,0.67,2024-05-16,729,N21,VIIRS,n,2.0NRT,297.72,3.04,D,vadodara,VIIRS_NOAA21_NRT
22.1538,73.36109,341.14,0.47,0.4,2024-05-18,830,N21,VIIRS,l,2.0NRT,314.24,10.12,D,vadodara,VIIRS_NOAA21_NRT
22.16184,73.13233,349.22,0.46,0.39,2024-05-18,830,N21,VIIRS,n,2.0NRT,313.3,11.09,D,vadodara,VIIRS_NOAA21_NRT
22.21978,73.20975,336.53,0.46,0.39,2024-05-18,830,N21,VIIRS,l,2.0NRT,311.04,5.41,D,vadodara,VIIRS_NOAA21_NRT
22.2595,73.3139,348.42,0.47,0.4,2024-05-18,830,N21,VIIRS,n,2.0NRT,314.49,13.93,D,vadodara,VIIRS_NOAA21_NRT
22.34421,73.16084,325.19,0.44,0.46,2024-05-20,2021,N21,VIIRS,n,2.0NRT,299.74,3.0,N,vadodara,VIIRS_NOAA21_NRT
22.11829,73.23545,343.28,0.43,0.62,2024-05-21,733,N21,VIIRS,n,2.0NRT,306.04,4.21,D,vadodara,VIIRS_NOAA21_NRT
22.23203,73.16006,337.76,0.43,0.62,2024-05-21,733,N21,VIIRS,n,2.0NRT,305.81,2.23,D,vadodara,VIIRS_NOAA21_NRT
22.23433,73.16061,339.18,0.43,0.62,2024-05-21,733,N21,VIIRS,n,2.0NRT,306.09,1.72,D,vadodara,VIIRS_NOAA21_NRT
22.36756,73.11887,343.07,0.75,0.77,2024-05-21,913,N21,VIIRS,n,2.0NRT,301.26,7.56,D,vadodara,VIIRS_NOAA21_NRT
22.36674,73.11263,313.0,0.45,0.63,2024-05-21,2002,N21,VIIRS,n,2.0NRT,296.79,2.08,N,vadodara,VIIRS_NOAA21_NRT
22.14887,73.23624,337.19,0.37,0.58,2024-05-22,856,N21,VIIRS,n,2.0NRT,305.42,3.45,D,vadodara,VIIRS_NOAA21_NRT
22.22518,73.26374,333.05,0.37,0.58,2024-05-22,856,N21,VIIRS,l,2.0NRT,304.43,1.03,D,vadodara,VIIRS_NOAA21_NRT
22.12507,73.20098,340.48,0.56,0.43,2024-05-23,835,N21,VIIRS,l,2.0NRT,313.99,4.72,D,vadodara,VIIRS_NOAA21_NRT
22.36637,73.11581,339.17,0.55,0.43,2024-05-23,835,N21,VIIRS,l,2.0NRT,313.7,7.69,D,vadodara,VIIRS_NOAA21_NRT
22.36335,73.11691,313.6,0.54,0.42,2024-05-23,2104,N21,VIIRS,n,2.0NRT,300.87,1.23,N,vadodara,VIIRS_NOAA21_NRT
22.15767,73.17695,349.77,0.38,0.36,2024-05-24,818,N21,VIIRS,n,2.0NRT,318.74,5.92,D,vadodara,VIIRS_NOAA21_NRT
22.3215,73.38326,340.31,0.39,0.36,2024-05-24,818,N21,VIIRS,l,2.0NRT,314.51,12.14,D,vadodara,VIIRS_NOAA21_NRT
22.10962,73.21423,314.28,0.38,0.36,2024-05-24,2046,N21,VIIRS,n,2.0NRT,297.12,3.97,N,vadodara,VIIRS_NOAA21_NRT
22.36346,73.11594,314.6,0.38,0.36,2024-05-24,2046,N21,VIIRS,n,2.0NRT,298.73,4.78,N,vadodara,VIIRS_NOAA21_NRT
22.29901,73.35207,311.14,0.52,0.42,2024-05-25,2027,N21,VIIRS,n,2.0NRT,296.6,2.06,N,vadodara,VIIRS_NOAA21_NRT
22.3646,73.11649,310.2,0.54,0.42,2024-05-25,2027,N21,VIIRS,n,2.0NRT,296.39,1.07,N,vadodara,VIIRS_NOAA21_NRT
22.36366,73.11439,336.67,0.34,0.56,2024-05-26,739,N21,VIIRS,n,2.0NRT,301.8,1.81,D,vadodara,VIIRS_NOAA21_NRT
22.22041,73.23961,342.83,0.47,0.64,2024-05-27,902,N21,VIIRS,n,2.0NRT,300.56,4.26,D,vadodara,VIIRS_NOAA21_NRT
22.22475,73.23788,337.68,0.47,0.64,2024-05-27,902,N21,VIIRS,n,2.0NRT,300.28,3.08,D,vadodara,VIIRS_NOAA21_NRT
22.36477,73.11909,308.35,0.45,0.63,2024-05-27,2129,N21,VIIRS,n,2.0NRT,294.26,4.17,N,vadodara,VIIRS_NOAA21_NRT
22.1596,73.33488,343.09,0.47,0.48,2024-05-28,843,N21,VIIRS,n,2.0NRT,304.81,4.75,D,vadodara,VIIRS_NOAA21_NRT
22.3649,73.1188,309.08,0.45,0.47,2024-05-28,2112,N21,VIIRS,n,2.0NRT,297.78,0.84,N,vadodara,VIIRS_NOAA21_NRT
22.24199,73.18587,336.86,0.41,0.37,2024-05-29,824,N21,VIIRS,n,2.0NRT,304.95,3.98,D,vadodara,VIIRS_NOAA21_NRT
22.10597,73.10939,331.95,0.55,0.51,2024-05-31,746,N21,VIIRS,l,2.0NRT,303.3,4.64,D,vadodara,VIIRS_NOAA21_NRT
22.10685,73.10751,333.61,0.55,0.51,2024-05-31,746,N21,VIIRS,l,2.0NRT,304.21,1.84,D,vadodara,VIIRS_NOAA21_NRT
22.36218,73.11816,309.22,0.57,0.52,2024-06-02,2118,N21,VIIRS,n,2.0NRT,294.68,2.01,N,vadodara,VIIRS_NOAA21_NRT
22.27723,73.02682,312.11,0.4,0.37,2024-06-04,2040,N21,VIIRS,n,2.0NRT,296.26,3.24,N,vadodara,VIIRS_NOAA21_NRT
22.15738,73.19372,331.22,0.43,0.46,2024-06-05,752,N21,VIIRS,n,2.0NRT,300.61,3.15,D,vadodara,VIIRS_NOAA21_NRT
22.20025,73.18989,347.88,0.43,0.62,2024-06-06,733,N21,VIIRS,n,2.0NRT,301.67,5.57,D,vadodara,VIIRS_NOAA21_NRT
22.21104,73.26353,354.03,0.42,0.61,2024-06-06,733,N21,VIIRS,n,2.0NRT,302.27,6.48,D,vadodara,VIIRS_NOAA21_NRT
22.12588,73.29733,334.49,0.38,0.59,2024-06-07,856,N21,VIIRS,n,2.0NRT,295.89,2.35,D,vadodara,VIIRS_NOAA21_NRT
22.43175,73.2411,337.95,0.33,0.55,2024-06-11,739,N21,VIIRS,n,2.0NRT,297.53,1.54,D,vadodara,VIIRS_NOAA21_NRT
22.10138,73.32192,335.06,0.48,0.65,2024-06-12,902,N21,VIIRS,n,2.0NRT,293.65,3.48,D,vadodara,VIIRS_NOAA21_NRT
22.43218,73.27234,346.07,0.48,0.48,2024-06-13,843,N21,VIIRS,n,2.0NRT,304.21,8.0,D,vadodara,VIIRS_NOAA21_NRT
22.43281,73.27422,343.79,0.48,0.48,2024-06-13,843,N21,VIIRS,n,2.0NRT,304.29,9.54,D,vadodara,VIIRS_NOAA21_NRT
22.12534,73.31433,339.6,0.41,0.37,2024-06-14,824,N21,VIIRS,n,2.0NRT,303.9,9.86,D,vadodara,VIIRS_NOAA21_NRT
22.30319,73.28249,341.21,0.41,0.37,2024-06-14,824,N21,VIIRS,n,2.0NRT,305.15,9.03,D,vadodara,VIIRS_NOAA21_NRT
22.31894,73.34486,341.15,0.41,0.37,2024-06-14,824,N21,VIIRS,n,2.0NRT,305.92,14.09,D,vadodara,VIIRS_NOAA21_NRT
22.26656,73.31616,315.46,0.44,0.38,2024-06-15,2034,N21,VIIRS,n,2.0NRT,289.22,3.55,N,vadodara,VIIRS_NOAA21_NRT
22.36424,73.11697,314.6,0.36,0.58,2024-07-09,2125,N21,VIIRS,n,2.0NRT,285.1,1.68,N,vadodara,VIIRS_NOAA21_NRT
22.36531,73.11415,304.92,0.35,0.57,2024-08-30,2010,N21,VIIRS,n,2.0NRT,286.63,1.32,N,vadodara,VIIRS_NOAA21_NRT
22.36328,73.11656,307.06,0.56,0.52,2024-09-06,2118,N21,VIIRS,n,2.0NRT,288.48,2.26,N,vadodara,VIIRS_NOAA21_NRT
22.36557,73.11769,305.84,0.56,0.52,2024-09-06,2118,N21,VIIRS,n,2.0NRT,288.56,2.23,N,vadodara,VIIRS_NOAA21_NRT
22.36515,73.11336,304.59,0.36,0.57,2024-09-15,2010,N21,VIIRS,n,2.0NRT,290.37,1.53,N,vadodara,VIIRS_NOAA21_NRT
22.36614,73.11874,330.51,0.46,0.47,2024-09-17,843,N21,VIIRS,n,2.0NRT,300.46,4.49,D,vadodara,VIIRS_NOAA21_NRT
22.36565,73.11851,307.73,0.45,0.47,2024-09-17,2112,N21,VIIRS,n,2.0NRT,293.86,3.19,N,vadodara,VIIRS_NOAA21_NRT
22.3664,73.11292,308.99,0.56,0.52,2024-09-20,2017,N21,VIIRS,n,2.0NRT,292.09,3.4,N,vadodara,VIIRS_NOAA21_NRT
22.36436,73.11823,307.18,0.4,0.37,2024-10-04,2053,N21,VIIRS,n,2.0NRT,296.33,0.93,N,vadodara,VIIRS_NOAA21_NRT
22.36353,73.11175,313.96,0.57,0.69,2024-10-07,1957,N21,VIIRS,n,2.0NRT,291.76,2.95,N,vadodara,VIIRS_NOAA21_NRT
22.3667,73.11158,309.62,0.57,0.69,2024-10-07,1957,N21,VIIRS,n,2.0NRT,291.49,2.57,N,vadodara,VIIRS_NOAA21_NRT
22.36658,73.11892,304.5,0.57,0.69,2024-10-07,2138,N21,VIIRS,n,2.0NRT,291.32,2.89,N,vadodara,VIIRS_NOAA21_NRT
22.3658,73.11148,304.74,0.57,0.69,2024-10-23,1957,N21,VIIRS,n,2.0NRT,292.23,1.22,N,vadodara,VIIRS_NOAA21_NRT
22.36638,73.12138,304.88,0.57,0.69,2024-10-23,2138,N21,VIIRS,n,2.0NRT,292.83,2.25,N,vadodara,VIIRS_NOAA21_NRT
22.11347,73.19289,332.4,0.43,0.46,2024-10-27,754,N21,VIIRS,n,2.0NRT,307.06,3.24,D,vadodara,VIIRS_NOAA21_NRT
22.11134,73.19173,339.14,0.43,0.62,2024-10-28,735,N21,VIIRS,n,2.0NRT,301.27,3.94,D,vadodara,VIIRS_NOAA21_NRT
22.3668,73.11269,335.77,0.34,0.56,2024-11-02,741,N21,VIIRS,n,2.0NRT,304.3,3.2,D,vadodara,VIIRS_NOAA21_NRT
22.43719,73.32008,333.04,0.48,0.48,2024-11-04,845,N21,VIIRS,n,2.0NRT,304.69,3.27,D,vadodara,VIIRS_NOAA21_NRT
22.43736,73.32145,333.22,0.43,0.38,2024-11-06,807,N21,VIIRS,n,2.0NRT,306.64,2.3,D,vadodara,VIIRS_NOAA21_NRT
22.38741,73.11765,338.22,0.47,0.4,2024-11-10,834,N21,VIIRS,n,2.0NRT,306.3,3.85,D,vadodara,VIIRS_NOAA21_NRT
22.38657,73.11639,329.1,0.47,0.4,2024-11-10,2101,N21,VIIRS,n,2.0NRT,294.17,6.59,N,vadodara,VIIRS_NOAA21_NRT
22.38416,73.10616,331.94,0.39,0.36,2024-11-11,813,N21,VIIRS,n,2.0NRT,303.57,2.58,D,vadodara,VIIRS_NOAA21_NRT
22.12464,73.14651,334.8,0.38,0.59,2024-11-14,858,N21,VIIRS,n,2.0NRT,304.12,5.68,D,vadodara,VIIRS_NOAA21_NRT
22.43931,73.31812,341.78,0.4,0.44,2024-11-15,839,N21,VIIRS,n,2.0NRT,305.68,5.95,D,vadodara,VIIRS_NOAA21_NRT
22.25247,73.22384,312.13,0.39,0.36,2024-11-16,2050,N21,VIIRS,n,2.0NRT,293.17,0.71,N,vadodara,VIIRS_NOAA21_NRT
22.37988,73.15134,308.78,0.39,0.36,2024-11-16,2050,N21,VIIRS,n,2.0NRT,294.04,0.74,N,vadodara,VIIRS_NOAA21_NRT
22.367,73.11951,317.22,0.47,0.64,2024-11-19,2133,N21,VIIRS,n,2.0NRT,292.95,3.94,N,vadodara,VIIRS_NOAA21_NRT
22.36659,73.11966,305.99,0.47,0.48,2024-11-20,2114,N21,VIIRS,n,2.0NRT,293.94,3.3,N,vadodara,VIIRS_NOAA21_NRT
22.36418,73.11511,308.78,0.41,0.37,2024-11-21,2055,N21,VIIRS,n,2.0NRT,293.86,1.32,N,vadodara,VIIRS_NOAA21_NRT
22.36646,73.11713,316.02,0.44,0.38,2024-11-22,2036,N21,VIIRS,n,2.0NRT,293.55,2.0,N,vadodara,VIIRS_NOAA21_NRT
22.40204,73.09263,306.98,0.44,0.38,2024-11-22,2036,N21,VIIRS,n,2.0NRT,290.74,1.37,N,vadodara,VIIRS_NOAA21_NRT
22.11705,73.1921,336.64,0.52,0.5,2024-11-23,750,N21,VIIRS,n,2.0NRT,304.58,4.26,D,vadodara,VIIRS_NOAA21_NRT
22.33926,73.16478,303.95,0.54,0.68,2024-11-24,1957,N21,VIIRS,n,2.0NRT,290.92,1.21,N,vadodara,VIIRS_NOAA21_NRT
22.36506,73.11867,303.85,0.47,0.4,2024-11-26,2101,N21,VIIRS,n,2.0NRT,293.81,1.16,N,vadodara,VIIRS_NOAA21_NRT
22.38639,73.35217,333.36,0.39,0.36,2024-11-27,813,N21,VIIRS,n,2.0NRT,307.75,1.77,D,vadodara,VIIRS_NOAA21_NRT
22.38778,73.10437,304.15,0.42,0.45,2024-11-28,2023,N21,VIIRS,n,2.0NRT,289.15,0.86,N,vadodara,VIIRS_NOAA21_NRT
22.36632,73.11324,302.45,0.43,0.62,2024-11-29,2006,N21,VIIRS,n,2.0NRT,291.31,2.03,N,vadodara,VIIRS_NOAA21_NRT
22.36619,73.11922,303.06,0.37,0.58,2024-11-30,2127,N21,VIIRS,n,2.0NRT,290.84,2.03,N,vadodara,VIIRS_NOAA21_NRT
22.38994,73.10744,333.48,0.39,0.36,2024-12-02,820,N21,VIIRS,n,2.0NRT,302.44,5.99,D,vadodara,VIIRS_NOAA21_NRT
22.38874,73.10889,303.62,0.52,0.41,2024-12-03,2029,N21,VIIRS,n,2.0NRT,284.92,1.37,N,vadodara,VIIRS_NOAA21_NRT
22.24719,73.20623,346.1,0.33,0.55,2024-12-04,743,N21,VIIRS,n,2.0NRT,295.18,4.11,D,vadodara,VIIRS_NOAA21_NRT
22.24779,73.20673,337.07,0.33,0.55,2024-12-04,743,N21,VIIRS,n,2.0NRT,294.84,3.6,D,vadodara,VIIRS_NOAA21_NRT
22.36392,73.11939,311.07,0.47,0.48,2024-12-06,2114,N21,VIIRS,n,2.0NRT,290.96,2.28,N,vadodara,VIIRS_NOAA21_NRT
22.36439,73.11789,300.25,0.59,0.53,2024-12-11,2120,N21,VIIRS,n,2.0NRT,289.93,1.79,N,vadodara,VIIRS_NOAA21_NRT
22.36423,73.11645,297.44,0.47,0.4,2024-12-12,2101,N21,VIIRS,n,2.0NRT,285.04,0.98,N,vadodara,VIIRS_NOAA21_NRT
22.26172,73.362,334.82,0.39,0.36,2024-12-13,813,N21,VIIRS,n,2.0NRT,303.33,1.95,D,vadodara,VIIRS_NOAA21_NRT
22.36596,73.11591,312.5,0.39,0.36,2024-12-13,2042,N21,VIIRS,n,2.0NRT,289.22,1.33,N,vadodara,VIIRS_NOAA21_NRT
22.28595,73.17995,332.93,0.42,0.45,2024-12-14,756,N21,VIIRS,n,2.0NRT,303.58,3.99,D,vadodara,VIIRS_NOAA21_NRT
22.28671,73.18392,339.4,0.42,0.45,2024-12-14,756,N21,VIIRS,n,2.0NRT,305.08,3.99,D,vadodara,VIIRS_NOAA21_NRT
22.38779,73.11743,339.19,0.42,0.45,2024-12-14,756,N21,VIIRS,n,2.0NRT,304.75,13.54,D,vadodara,VIIRS_NOAA21_NRT
22.36406,73.11594,304.4,0.42,0.46,2024-12-14,2023,N21,VIIRS,n,2.0NRT,289.67,1.5,N,vadodara,VIIRS_NOAA21_NRT
22.38699,73.11469,307.16,0.42,0.46,2024-12-14,2023,N21,VIIRS,n,2.0NRT,286.94,1.25,N,vadodara,VIIRS_NOAA21_NRT
22.3896,73.11523,302.46,0.42,0.46,2024-12-14,2023,N21,VIIRS,n,2.0NRT,286.29,0.64,N,vadodara,VIIRS_NOAA21_NRT
22.38739,73.1145,367.0,0.42,0.61,2024-12-15,735,N21,VIIRS,h,2.0NRT,302.58,14.83,D,vadodara,VIIRS_NOAA21_NRT
22.38747,73.11466,367.0,0.42,0.61,2024-12-15,735,N21,VIIRS,h,2.0NRT,302.86,10.33,D,vadodara,VIIRS_NOAA21_NRT
22.38538,73.12215,367.0,0.79,0.78,2024-12-15,917,N21,VIIRS,h,2.0NRT,303.75,17.84,D,vadodara,VIIRS_NOAA21_NRT
22.36621,73.11274,301.38,0.43,0.62,2024-12-15,2004,N21,VIIRS,n,2.0NRT,290.06,1.89,N,vadodara,VIIRS_NOAA21_NRT
22.38892,73.11507,367.0,0.43,0.62,2024-12-15,2004,N21,VIIRS,h,2.0NRT,289.33,8.32,N,vadodara,VIIRS_NOAA21_NRT
22.38415,73.1237,319.84,0.74,0.76,2024-12-15,2146,N21,VIIRS,n,2.0NRT,286.09,9.56,N,vadodara,VIIRS_NOAA21_NRT
22.38592,73.11678,333.1,0.74,0.76,2024-12-15,2146,N21,VIIRS,n,2.0NRT,286.92,11.56,N,vadodara,VIIRS_NOAA21_NRT
22.39067,73.11893,348.05,0.38,0.59,2024-12-16,858,N21,VIIRS,n,2.0NRT,303.6,3.23,D,vadodara,VIIRS_NOAA21_NRT
22.38721,73.11855,314.35,0.37,0.58,2024-12-16,2127,N21,VIIRS,n,2.0NRT,287.84,1.87,N,vadodara,VIIRS_NOAA21_NRT
22.32154,73.07811,330.64,0.57,0.43,2024-12-17,839,N21,VIIRS,n,2.0NRT,298.75,4.96,D,vadodara,VIIRS_NOAA21_NRT
22.36409,73.1127,298.81,0.34,0.56,2024-12-20,2012,N21,VIIRS,n,2.0NRT,287.15,0.77,N,vadodara,VIIRS_NOAA21_NRT
22.36479,73.119,304.22,0.47,0.64,2024-12-21,2131,N21,VIIRS,n,2.0NRT,290.27,1.3,N,vadodara,VIIRS_NOAA21_NRT
22.36549,73.11475,300.02,0.44,0.38,2024-12-24,2036,N21,VIIRS,n,2.0NRT,289.53,1.82,N,vadodara,VIIRS_NOAA21_NRT
22.3656,73.11325,301.83,0.54,0.51,2024-12-25,2018,N21,VIIRS,n,2.0NRT,290.34,0.82,N,vadodara,VIIRS_NOAA21_NRT
22.36381,73.11059,303.92,0.55,0.68,2024-12-26,1957,N21,VIIRS,n,2.0NRT,287.57,2.39,N,vadodara,VIIRS_NOAA21_NRT
22.36539,73.11516,299.37,0.55,0.68,2024-12-26,1957,N21,VIIRS,n,2.0NRT,287.91,1.77,N,vadodara,VIIRS_NOAA21_NRT
22.36583,73.10985,300.61,0.55,0.68,2024-12-26,1957,N21,VIIRS,n,2.0NRT,287.63,1.77,N,vadodara,VIIRS_NOAA21_NRT
22.36284,73.11748,304.52,0.59,0.53,2024-12-27,2120,N21,VIIRS,n,2.0NRT,289.25,2.4,N,vadodara,VIIRS_NOAA21_NRT
22.36555,73.11582,308.74,0.39,0.37,2024-12-29,2042,N21,VIIRS,n,2.0NRT,291.94,1.36,N,vadodara,VIIRS_NOAA21_NRT
22.36448,73.11312,304.9,0.43,0.62,2024-12-31,2004,N21,VIIRS,n,2.0NRT,292.71,1.04,N,vadodara,VIIRS_NOAA21_NRT
22.25696,73.35843,344.65,0.39,0.6,2025-01-01,858,N21,VIIRS,n,2.0NRT,305.14,4.85,D,vadodara,VIIRS_NOAA21_NRT
22.36214,73.11777,305.59,0.37,0.58,2025-01-01,2127,N21,VIIRS,n,2.0NRT,292.12,1.04,N,vadodara,VIIRS_NOAA21_NRT
22.32551,73.39216,331.74,0.39,0.44,2025-01-02,837,N21,VIIRS,n,2.0NRT,305.36,1.96,D,vadodara,VIIRS_NOAA21_NRT
22.36453,73.11886,305.73,0.56,0.43,2025-01-02,2108,N21,VIIRS,n,2.0NRT,293.69,1.48,N,vadodara,VIIRS_NOAA21_NRT
22.3663,73.11568,305.71,0.38,0.36,2025-01-03,2048,N21,VIIRS,n,2.0NRT,292.91,1.73,N,vadodara,VIIRS_NOAA21_NRT
22.36743,73.11414,308.15,0.34,0.56,2025-01-05,2010,N21,VIIRS,n,2.0NRT,291.25,2.17,N,vadodara,VIIRS_NOAA21_NRT
22.26764,73.37624,332.02,0.42,0.37,2025-01-08,826,N21,VIIRS,n,2.0NRT,303.83,1.76,D,vadodara,VIIRS_NOAA21_NRT
22.3655,73.11765,303.91,0.41,0.37,2025-01-08,2053,N21,VIIRS,n,2.0NRT,289.91,1.92,N,vadodara,VIIRS_NOAA21_NRT
22.36403,73.11697,304.93,0.44,0.39,2025-01-09,2036,N21,VIIRS,n,2.0NRT,290.87,1.69,N,vadodara,VIIRS_NOAA21_NRT
22.20394,73.21973,331.46,0.47,0.4,2025-01-13,832,N21,VIIRS,n,2.0NRT,301.85,2.06,D,vadodara,VIIRS_NOAA21_NRT
22.29113,73.2535,296.77,0.47,0.4,2025-01-13,2059,N21,VIIRS,n,2.0NRT,286.72,0.48,N,vadodara,VIIRS_NOAA21_NRT
22.3639,73.11607,304.47,0.46,0.39,2025-01-13,2059,N21,VIIRS,n,2.0NRT,288.21,1.3,N,vadodara,VIIRS_NOAA21_NRT
22.3642,73.11721,303.27,0.4,0.37,2025-01-14,2042,N21,VIIRS,n,2.0NRT,290.85,1.05,N,vadodara,VIIRS_NOAA21_NRT
22.28516,73.18349,335.49,0.38,0.58,2025-01-17,858,N21,VIIRS,n,2.0NRT,295.29,2.87,D,vadodara,VIIRS_NOAA21_NRT
22.36403,73.11849,304.92,0.36,0.57,2025-01-17,2127,N21,VIIRS,n,2.0NRT,290.92,1.68,N,vadodara,VIIRS_NOAA21_NRT
22.13513,73.12309,342.62,0.38,0.36,2025-01-19,820,N21,VIIRS,n,2.0NRT,305.07,5.1,D,vadodara,VIIRS_NOAA21_NRT
22.30746,73.08194,332.52,0.46,0.47,2025-01-23,843,N21,VIIRS,n,2.0NRT,302.2,2.66,D,vadodara,VIIRS_NOAA21_NRT
22.36556,73.11652,306.73,0.4,0.37,2025-01-24,2053,N21,VIIRS,n,2.0NRT,292.46,1.31,N,vadodara,VIIRS_NOAA21_NRT
22.37743,73.14896,300.05,0.44,0.46,2025-01-31,2023,N21,VIIRS,n,2.0NRT,288.47,0.95,N,vadodara,VIIRS_NOAA21_NRT
22.30048,73.35783,301.74,0.43,0.62,2025-02-01,2004,N21,VIIRS,n,2.0NRT,283.79,0.59,N,vadodara,VIIRS_NOAA21_NRT
22.36329,73.11349,300.19,0.45,0.63,2025-02-01,2004,N21,VIIRS,n,2.0NRT,289.4,1.32,N,vadodara,VIIRS_NOAA21_NRT
22.36327,73.11927,299.94,0.71,0.75,2025-02-01,2144,N21,VIIRS,n,2.0NRT,288.64,1.91,N,vadodara,VIIRS_NOAA21_NRT
22.36396,73.12012,301.96,0.36,0.57,2025-02-02,2127,N21,VIIRS,n,2.0NRT,289.5,2.58,N,vadodara,VIIRS_NOAA21_NRT
22.36578,73.11938,308.93,0.36,0.57,2025-02-02,2127,N21,VIIRS,n,2.0NRT,290.19,2.6,N,vadodara,VIIRS_NOAA21_NRT
22.36324,73.11884,309.12,0.55,0.42,2025-02-03,2105,N21,VIIRS,n,2.0NRT,291.01,2.17,N,vadodara,VIIRS_NOAA21_NRT
22.44839,73.23492,331.34,0.38,0.36,2025-02-04,820,N21,VIIRS,n,2.0NRT,304.72,2.1,D,vadodara,VIIRS_NOAA21_NRT
22.36442,73.11665,315.79,0.38,0.36,2025-02-04,2048,N21,VIIRS,n,2.0NRT,290.97,2.21,N,vadodara,VIIRS_NOAA21_NRT
22.36515,73.11404,308.59,0.35,0.57,2025-02-06,2010,N21,VIIRS,n,2.0NRT,291.7,1.19,N,vadodara,VIIRS_NOAA21_NRT
22.4419,73.1916,347.06,0.67,0.74,2025-02-07,722,N21,VIIRS,n,2.0NRT,297.71,14.03,D,vadodara,VIIRS_NOAA21_NRT
22.44552,73.19432,344.96,0.67,0.74,2025-02-07,722,N21,VIIRS,n,2.0NRT,298.29,14.5,D,vadodara,VIIRS_NOAA21_NRT
22.36418,73.11805,302.68,0.45,0.63,2025-02-07,2131,N21,VIIRS,n,2.0NRT,291.92,2.09,N,vadodara,VIIRS_NOAA21_NRT
22.20629,73.17952,332.52,0.46,0.47,2025-02-08,843,N21,VIIRS,n,2.0NRT,304.78,2.67,D,vadodara,VIIRS_NOAA21_NRT
22.20808,73.18077,332.61,0.46,0.47,2025-02-08,843,N21,VIIRS,n,2.0NRT,306.18,1.51,D,vadodara,VIIRS_NOAA21_NRT
22.28688,73.25266,303.87,0.54,0.51,2025-02-11,2016,N21,VIIRS,n,2.0NRT,288.81,1.11,N,vadodara,VIIRS_NOAA21_NRT
22.36586,73.11477,303.21,0.56,0.51,2025-02-11,2016,N21,VIIRS,n,2.0NRT,292.67,3.48,N,vadodara,VIIRS_NOAA21_NRT
22.36729,73.11808,333.99,0.6,0.7,2025-02-12,911,N21,VIIRS,n,2.0NRT,302.46,5.63,D,vadodara,VIIRS_NOAA21_NRT
22.36449,73.11239,306.75,0.57,0.69,2025-02-12,1957,N21,VIIRS,n,2.0NRT,292.09,1.62,N,vadodara,VIIRS_NOAA21_NRT
22.36779,73.11167,306.01,0.57,0.69,2025-02-12,1957,N21,VIIRS,n,2.0NRT,291.82,3.24,N,vadodara,VIIRS_NOAA21_NRT
22.36645,73.12041,305.57,0.57,0.69,2025-02-12,2137,N21,VIIRS,n,2.0NRT,293.31,2.03,N,vadodara,VIIRS_NOAA21_NRT
22.36441,73.11637,307.48,0.57,0.52,2025-02-13,2120,N21,VIIRS,n,2.0NRT,292.95,2.64,N,vadodara,VIIRS_NOAA21_NRT
22.20219,73.22831,346.23,0.4,0.37,2025-02-15,813,N21,VIIRS,n,2.0NRT,308.15,3.51,D,vadodara,VIIRS_NOAA21_NRT
22.36364,73.11697,308.59,0.4,0.37,2025-02-15,2042,N21,VIIRS,n,2.0NRT,293.46,0.85,N,vadodara,VIIRS_NOAA21_NRT
22.1653,73.10056,332.9,0.44,0.46,2025-02-16,754,N21,VIIRS,n,2.0NRT,305.08,2.39,D,vadodara,VIIRS_NOAA21_NRT
22.36441,73.11146,300.64,0.45,0.63,2025-02-17,2004,N21,VIIRS,n,2.0NRT,290.34,2.45,N,vadodara,VIIRS_NOAA21_NRT
22.36638,73.12206,302.71,0.72,0.76,2025-02-17,2144,N21,VIIRS,n,2.0NRT,289.34,2.32,N,vadodara,VIIRS_NOAA21_NRT
22.36538,73.12069,312.9,0.36,0.57,2025-02-18,2127,N21,VIIRS,n,2.0NRT,294.78,2.82,N,vadodara,VIIRS_NOAA21_NRT
22.36612,73.11727,306.72,0.36,0.57,2025-02-18,2127,N21,VIIRS,n,2.0NRT,293.0,3.04,N,vadodara,VIIRS_NOAA21_NRT
22.36369,73.11552,303.81,0.55,0.43,2025-02-19,2105,N21,VIIRS,n,2.0NRT,293.63,1.19,N,vadodara,VIIRS_NOAA21_NRT
22.32612,73.28732,334.82,0.39,0.36,2025-02-20,820,N21,VIIRS,l,2.0NRT,309.65,3.27,D,vadodara,VIIRS_NOAA21_NRT
22.18134,73.16984,333.71,0.53,0.42,2025-02-21,800,N21,VIIRS,n,2.0NRT,305.87,1.98,D,vadodara,VIIRS_NOAA21_NRT
22.18146,73.17291,333.29,0.52,0.42,2025-02-21,800,N21,VIIRS,n,2.0NRT,305.35,3.71,D,vadodara,VIIRS_NOAA21_NRT
22.25098,73.31812,333.85,0.41,0.37,2025-02-25,826,N21,VIIRS,n,2.0NRT,304.88,4.29,D,vadodara,VIIRS_NOAA21_NRT
22.21526,73.19718,334.21,0.47,0.4,2025-03-02,832,N21,VIIRS,n,2.0NRT,303.39,5.79,D,vadodara,VIIRS_NOAA21_NRT
22.19354,73.12144,343.47,0.37,0.58,2025-03-06,858,N21,VIIRS,n,2.0NRT,307.24,4.44,D,vadodara,VIIRS_NOAA21_NRT
22.36502,73.11971,306.31,0.56,0.43,2025-03-07,2105,N21,VIIRS,n,2.0NRT,295.72,3.4,N,vadodara,VIIRS_NOAA21_NRT
22.19947,73.21784,283.11,0.34,0.56,2025-03-10,741,N21,VIIRS,l,2.0NRT,319.84,28.85,D,vadodara,VIIRS_NOAA21_NRT
22.20015,73.22102,367.0,0.34,0.56,2025-03-10,741,N21,VIIRS,h,2.0NRT,314.88,23.51,D,vadodara,VIIRS_NOAA21_NRT
22.20448,73.21667,342.83,0.34,0.56,2025-03-10,741,N21,VIIRS,n,2.0NRT,311.46,28.85,D,vadodara,VIIRS_NOAA21_NRT
22.20517,73.21983,353.72,0.34,0.56,2025-03-10,741,N21,VIIRS,n,2.0NRT,312.35,23.51,D,vadodara,VIIRS_NOAA21_NRT
22.36543,73.12062,305.03,0.58,0.52,2025-03-17,2121,N21,VIIRS,n,2.0NRT,294.33,1.41,N,vadodara,VIIRS_NOAA21_NRT
22.36595,73.1164,317.31,0.46,0.39,2025-03-18,2059,N21,VIIRS,n,2.0NRT,296.62,4.27,N,vadodara,VIIRS_NOAA21_NRT
22.3665,73.11327,307.63,0.44,0.46,2025-03-20,2021,N21,VIIRS,n,2.0NRT,294.6,2.84,N,vadodara,VIIRS_NOAA21_NRT
22.27206,73.1301,335.17,0.43,0.62,2025-03-21,735,N21,VIIRS,l,2.0NRT,307.08,4.61,D,vadodara,VIIRS_NOAA21_NRT
22.41729,73.32633,349.65,0.39,0.44,2025-03-23,837,N21,VIIRS,n,2.0NRT,315.18,5.7,D,vadodara,VIIRS_NOAA21_NRT
22.41958,73.32602,348.61,0.39,0.44,2025-03-23,837,N21,VIIRS,n,2.0NRT,315.92,6.35,D,vadodara,VIIRS_NOAA21_NRT
22.14852,73.20294,301.3,0.56,0.43,2025-03-23,2106,N21,VIIRS,n,2.0NRT,291.3,0.82,N,vadodara,VIIRS_NOAA21_NRT
22.36428,73.11485,307.79,0.55,0.43,2025-03-23,2106,N21,VIIRS,n,2.0NRT,296.68,2.48,N,vadodara,VIIRS_NOAA21_NRT
22.30013,73.38284,304.97,0.41,0.37,2025-03-29,2053,N21,VIIRS,n,2.0NRT,292.39,0.85,N,vadodara,VIIRS_NOAA21_NRT
22.36384,73.11803,320.04,0.46,0.39,2025-04-03,2059,N21,VIIRS,n,2.0NRT,297.62,2.34,N,vadodara,VIIRS_NOAA21_NRT
22.2917,73.27288,347.49,0.38,0.59,2025-04-07,856,N21,VIIRS,n,2.0NRT,315.24,24.49,D,vadodara,VIIRS_NOAA21_NRT
22.29203,73.27655,367.0,0.38,0.59,2025-04-07,856,N21,VIIRS,h,2.0NRT,313.57,24.87,D,vadodara,VIIRS_NOAA21_NRT
22.29409,73.27274,346.08,0.38,0.59,2025-04-07,856,N21,VIIRS,n,2.0NRT,313.91,22.82,D,vadodara,VIIRS_NOAA21_NRT
22.29444,73.2764,367.0,0.38,0.59,2025-04-07,856,N21,VIIRS,h,2.0NRT,313.26,24.99,D,vadodara,VIIRS_NOAA21_NRT
22.36626,73.11917,308.05,0.36,0.57,2025-04-07,2125,N21,VIIRS,n,2.0NRT,298.05,2.1,N,vadodara,VIIRS_NOAA21_NRT
22.36461,73.11091,305.44,0.72,0.76,2025-04-12,1949,N21,VIIRS,n,2.0NRT,294.77,1.23,N,vadodara,VIIRS_NOAA21_NRT
22.29222,73.33692,340.85,0.47,0.48,2025-04-13,843,N21,VIIRS,n,2.0NRT,313.59,5.92,D,vadodara,VIIRS_NOAA21_NRT
22.29274,73.33513,342.86,0.47,0.48,2025-04-13,843,N21,VIIRS,n,2.0NRT,312.99,6.52,D,vadodara,VIIRS_NOAA21_NRT
22.36379,73.11874,312.86,0.45,0.47,2025-04-13,2112,N21,VIIRS,n,2.0NRT,297.82,2.38,N,vadodara,VIIRS_NOAA21_NRT
22.36425,73.11716,316.69,0.4,0.37,2025-04-14,2055,N21,VIIRS,n,2.0NRT,297.68,2.35,N,vadodara,VIIRS_NOAA21_NRT
22.12499,73.02282,341.79,0.56,0.52,2025-04-16,748,N21,VIIRS,n,2.0NRT,311.14,11.52,D,vadodara,VIIRS_NOAA21_NRT
22.12704,73.019,340.34,0.56,0.51,2025-04-16,748,N21,VIIRS,l,2.0NRT,313.65,11.11,D,vadodara,VIIRS_NOAA21_NRT
22.2223,73.25848,342.87,0.43,0.62,2025-04-22,733,N21,VIIRS,l,2.0NRT,314.24,7.91,D,vadodara,VIIRS_NOAA21_NRT
22.36398,73.11993,308.27,0.7,0.75,2025-04-22,2144,N21,VIIRS,n,2.0NRT,297.6,4.38,N,vadodara,VIIRS_NOAA21_NRT
22.17992,73.20828,342.8,0.46,0.47,2025-04-29,843,N21,VIIRS,l,2.0NRT,315.77,6.44,D,vadodara,VIIRS_NOAA21_NRT
22.18264,73.2097,344.69,0.46,0.47,2025-04-29,843,N21,VIIRS,l,2.0NRT,317.68,13.07,D,vadodara,VIIRS_NOAA21_NRT
22.18425,73.2077,347.64,0.46,0.47,2025-04-29,843,N21,VIIRS,n,2.0NRT,317.28,8.74,D,vadodara,VIIRS_NOAA21_NRT
22.36485,73.11711,344.95,0.46,0.47,2025-04-29,843,N21,VIIRS,l,2.0NRT,315.59,5.31,D,vadodara,VIIRS_NOAA21_NRT
22.36418,73.11927,311.21,0.45,0.47,2025-04-29,2112,N21,VIIRS,n,2.0NRT,299.64,1.64,N,vadodara,VIIRS_NOAA21_NRT
22.3401,73.2962,343.96,0.41,0.37,2025-04-30,826,N21,VIIRS,n,2.0NRT,316.5,9.39,D,vadodara,VIIRS_NOAA21_NRT
22.36609,73.11811,311.53,0.4,0.37,2025-04-30,2055,N21,VIIRS,n,2.0NRT,299.73,1.61,N,vadodara,VIIRS_NOAA21_NRT
22.36628,73.11491,320.09,0.45,0.39,2025-05-01,2034,N21,VIIRS,n,2.0NRT,299.53,3.3,N,vadodara,VIIRS_NOAA21_NRT
22.10985,73.25553,335.2,0.41,0.37,2025-05-16,826,N21,VIIRS,n,2.0NRT,299.48,2.57,D,vadodara,VIIRS_NOAA21_NRT
22.1756,73.1727,333.34,0.41,0.37,2025-05-16,826,N21,VIIRS,n,2.0NRT,303.16,4.02,D,vadodara,VIIRS_NOAA21_NRT
22.29984,73.28636,332.36,0.41,0.37,2025-05-16,826,N21,VIIRS,n,2.0NRT,301.12,5.46,D,vadodara,VIIRS_NOAA21_NRT
22.30039,73.29032,335.38,0.41,0.37,2025-05-16,826,N21,VIIRS,n,2.0NRT,301.82,5.46,D,vadodara,VIIRS_NOAA21_NRT
22.20616,73.17894,336.72,0.47,0.39,2025-05-21,833,N21,VIIRS,n,2.0NRT,295.23,2.09,D,vadodara,VIIRS_NOAA21_NRT
22.34271,73.16203,332.85,0.43,0.46,2025-05-23,754,N21,VIIRS,n,2.0NRT,301.21,2.09,D,vadodara,VIIRS_NOAA21_NRT
22.37256,73.22717,330.89,0.42,0.45,2025-05-23,754,N21,VIIRS,n,2.0NRT,300.73,2.22,D,vadodara,VIIRS_NOAA21_NRT
22.43547,73.24284,334.18,0.42,0.45,2025-05-23,754,N21,VIIRS,n,2.0NRT,302.7,2.68,D,vadodara,VIIRS_NOAA21_NRT
22.36347,73.11182,316.79,0.56,0.69,2025-06-04,1957,N21,VIIRS,n,2.0NRT,292.22,3.25,N,vadodara,VIIRS_NOAA21_NRT
22.36617,73.11081,313.7,0.56,0.69,2025-06-04,1957,N21,VIIRS,n,2.0NRT,292.15,2.07,N,vadodara,VIIRS_NOAA21_NRT
22.36169,73.11586,311.85,0.58,0.7,2025-06-04,2138,N21,VIIRS,n,2.0NRT,290.78,3.15,N,vadodara,VIIRS_NOAA21_NRT
22.36452,73.11943,321.18,0.58,0.7,2025-06-04,2138,N21,VIIRS,n,2.0NRT,291.01,3.67,N,vadodara,VIIRS_NOAA21_NRT
22.15689,73.31483,336.07,0.48,0.4,2025-06-06,833,N21,VIIRS,l,2.0NRT,307.15,3.79,D,vadodara,VIIRS_NOAA21_NRT
22.36592,73.11859,330.96,0.47,0.4,2025-06-06,833,N21,VIIRS,l,2.0NRT,305.54,6.2,D,vadodara,VIIRS_NOAA21_NRT
22.22818,73.35619,339.34,0.39,0.36,2025-06-12,820,N21,VIIRS,n,2.0NRT,309.05,5.97,D,vadodara,VIIRS_NOAA21_NRT
22.38451,73.31733,331.63,0.51,0.41,2025-06-13,801,N21,VIIRS,n,2.0NRT,300.93,1.56,D,vadodara,VIIRS_NOAA21_NRT
22.36633,73.11653,304.86,0.41,0.37,2025-06-17,2053,N21,VIIRS,n,2.0NRT,286.21,0.78,N,vadodara,VIIRS_NOAA21_NRT
22.36679,73.11472,307.07,0.34,0.56,2025-07-16,2010,N21,VIIRS,n,2.0NRT,289.53,1.48,N,vadodara,VIIRS_NOAA21_NRT
22.36699,73.11729,335.74,0.41,0.37,2025-07-19,826,N21,VIIRS,n,2.0NRT,302.1,6.07,D,vadodara,VIIRS_NOAA21_NRT
22.36415,73.11697,306.99,0.41,0.37,2025-07-19,2053,N21,VIIRS,n,2.0NRT,287.8,1.5,N,vadodara,VIIRS_NOAA21_NRT
22.36561,73.11671,306.45,0.39,0.37,2025-08-10,2042,N21,VIIRS,n,2.0NRT,290.94,2.0,N,vadodara,VIIRS_NOAA21_NRT
22.36586,73.11627,304.13,0.47,0.4,2025-08-25,2059,N21,VIIRS,n,2.0NRT,289.67,0.73,N,vadodara,VIIRS_NOAA21_NRT
22.36591,73.11337,300.89,0.55,0.68,2025-09-08,1957,N21,VIIRS,n,2.0NRT,287.11,1.71,N,vadodara,VIIRS_NOAA21_NRT
22.36091,73.11655,298.09,0.58,0.52,2025-09-09,2121,N21,VIIRS,n,2.0NRT,280.4,4.65,N,vadodara,VIIRS_NOAA21_NRT
22.36448,73.12323,298.8,0.58,0.52,2025-09-09,2121,N21,VIIRS,n,2.0NRT,281.55,4.65,N,vadodara,VIIRS_NOAA21_NRT
22.36563,73.11771,340.65,0.58,0.52,2025-09-09,2121,N21,VIIRS,n,2.0NRT,281.93,4.65,N,vadodara,VIIRS_NOAA21_NRT
22.36415,73.11639,310.43,0.47,0.39,2025-09-10,2059,N21,VIIRS,n,2.0NRT,265.19,1.68,N,vadodara,VIIRS_NOAA21_NRT
22.36553,73.1165,306.02,0.4,0.37,2025-09-11,2042,N21,VIIRS,n,2.0NRT,290.45,1.16,N,vadodara,VIIRS_NOAA21_NRT
22.36489,73.11919,301.18,0.37,0.58,2025-09-14,2125,N21,VIIRS,n,2.0NRT,271.01,1.09,N,vadodara,VIIRS_NOAA21_NRT
22.3643,73.11613,312.31,0.38,0.36,2025-09-16,2046,N21,VIIRS,n,2.0NRT,276.24,1.2,N,vadodara,VIIRS_NOAA21_NRT
22.36759,73.11673,302.24,0.38,0.36,2025-09-16,2046,N21,VIIRS,n,2.0NRT,276.08,1.2,N,vadodara,VIIRS_NOAA21_NRT
22.36565,73.11482,304.21,0.44,0.39,2025-09-22,2036,N21,VIIRS,n,2.0NRT,278.66,0.76,N,vadodara,VIIRS_NOAA21_NRT
22.36754,73.11782,302.27,0.58,0.7,2025-09-24,2138,N21,VIIRS,n,2.0NRT,288.87,2.25,N,vadodara,VIIRS_NOAA21_NRT
22.36595,73.11536,295.61,0.46,0.39,2025-09-26,2059,N21,VIIRS,n,2.0NRT,264.77,0.5,N,vadodara,VIIRS_NOAA21_NRT
22.36485,73.11325,298.27,0.43,0.46,2025-09-28,2021,N21,VIIRS,n,2.0NRT,265.29,0.72,N,vadodara,VIIRS_NOAA21_NRT
22.4438,73.19157,298.87,0.73,0.76,2025-09-29,2144,N21,VIIRS,n,2.0NRT,284.23,2.53,N,vadodara,VIIRS_NOAA21_NRT
22.36542,73.11321,305.46,0.53,0.42,2025-10-03,2027,N21,VIIRS,n,2.0NRT,289.38,1.25,N,vadodara,VIIRS_NOAA21_NRT
22.36742,73.11375,314.27,0.35,0.57,2025-10-04,2010,N21,VIIRS,n,2.0NRT,289.75,1.48,N,vadodara,VIIRS_NOAA21_NRT
22.36503,73.11828,311.08,0.41,0.37,2025-10-07,2053,N21,VIIRS,n,2.0NRT,295.11,2.05,N,vadodara,VIIRS_NOAA21_NRT
22.36676,73.1143,306.72,0.45,0.39,2025-10-08,2034,N21,VIIRS,n,2.0NRT,294.93,0.97,N,vadodara,VIIRS_NOAA21_NRT
22.36289,73.11597,303.7,0.57,0.52,2025-10-11,2118,N21,VIIRS,n,2.0NRT,293.45,1.34,N,vadodara,VIIRS_NOAA21_NRT
22.32395,73.03246,334.09,0.4,0.37,2025-10-13,811,N21,VIIRS,n,2.0NRT,306.63,2.55,D,vadodara,VIIRS_NOAA21_NRT
22.36399,73.11459,306.54,0.45,0.63,2025-10-15,2004,N21,VIIRS,n,2.0NRT,294.05,2.64,N,vadodara,VIIRS_NOAA21_NRT
22.42258,73.1246,304.88,0.45,0.63,2025-10-15,2004,N21,VIIRS,n,2.0NRT,291.16,1.11,N,vadodara,VIIRS_NOAA21_NRT
22.36314,73.12241,312.34,0.72,0.76,2025-10-15,2144,N21,VIIRS,n,2.0NRT,291.77,3.43,N,vadodara,VIIRS_NOAA21_NRT
22.3648,73.1157,304.68,0.72,0.76,2025-10-15,2144,N21,VIIRS,n,2.0NRT,292.37,4.25,N,vadodara,VIIRS_NOAA21_NRT
22.36516,73.12076,324.96,0.72,0.76,2025-10-15,2144,N21,VIIRS,n,2.0NRT,292.78,7.52,N,vadodara,VIIRS_NOAA21_NRT
22.36256,73.10802,301.11,0.73,0.76,2025-10-21,1949,N21,VIIRS,n,2.0NRT,285.15,2.25,N,vadodara,VIIRS_NOAA21_NRT
22.36344,73.11757,313.61,0.45,0.63,2025-10-21,2131,N21,VIIRS,n,2.0NRT,293.06,3.46,N,vadodara,VIIRS_NOAA21_NRT
22.36643,73.11751,313.79,0.45,0.47,2025-10-22,2112,N21,VIIRS,n,2.0NRT,293.99,3.74,N,vadodara,VIIRS_NOAA21_NRT
22.35257,73.31943,330.72,0.44,0.38,2025-10-24,805,N21,VIIRS,l,2.0NRT,303.05,1.62,D,vadodara,VIIRS_NOAA21_NRT
22.38579,73.11787,333.69,0.45,0.39,2025-10-28,2059,N21,VIIRS,n,2.0NRT,279.01,8.31,N,vadodara,VIIRS_NOAA21_NRT
22.38588,73.11986,325.94,0.45,0.39,2025-10-28,2059,N21,VIIRS,n,2.0NRT,279.38,2.92,N,vadodara,VIIRS_NOAA21_NRT
22.38664,73.11552,329.59,0.45,0.39,2025-10-28,2059,N21,VIIRS,n,2.0NRT,279.19,2.92,N,vadodara,VIIRS_NOAA21_NRT
22.38932,73.1186,333.01,0.45,0.39,2025-10-28,2059,N21,VIIRS,n,2.0NRT,280.37,8.31,N,vadodara,VIIRS_NOAA21_NRT
22.38942,73.12059,302.5,0.45,0.39,2025-10-28,2059,N21,VIIRS,n,2.0NRT,279.39,2.92,N,vadodara,VIIRS_NOAA21_NRT
22.39017,73.11625,302.95,0.45,0.39,2025-10-28,2059,N21,VIIRS,n,2.0NRT,280.0,2.92,N,vadodara,VIIRS_NOAA21_NRT
22.36297,73.11879,307.84,0.35,0.57,2025-11-01,2123,N21,VIIRS,n,2.0NRT,287.72,0.84,N,vadodara,VIIRS_NOAA21_NRT
22.36611,73.11884,308.78,0.35,0.57,2025-11-01,2123,N21,VIIRS,n,2.0NRT,287.86,1.88,N,vadodara,VIIRS_NOAA21_NRT
22.3657,73.11549,308.15,0.38,0.36,2025-11-03,2046,N21,VIIRS,n,2.0NRT,295.2,1.23,N,vadodara,VIIRS_NOAA21_NRT
22.33659,73.17093,330.89,0.53,0.42,2025-11-04,800,N21,VIIRS,n,2.0NRT,297.1,5.36,D,vadodara,VIIRS_NOAA21_NRT
22.36609,73.11295,317.75,0.55,0.42,2025-11-04,2027,N21,VIIRS,n,2.0NRT,294.95,1.77,N,vadodara,VIIRS_NOAA21_NRT
22.3667,73.10921,307.12,0.74,0.76,2025-11-06,1951,N21,VIIRS,n,2.0NRT,291.17,3.55,N,vadodara,VIIRS_NOAA21_NRT
22.36399,73.11828,317.5,0.44,0.63,2025-11-06,2129,N21,VIIRS,n,2.0NRT,292.97,3.85,N,vadodara,VIIRS_NOAA21_NRT
22.36629,73.12032,314.76,0.44,0.63,2025-11-06,2129,N21,VIIRS,n,2.0NRT,293.67,3.55,N,vadodara,VIIRS_NOAA21_NRT
22.36544,73.11867,336.96,0.45,0.47,2025-11-07,843,N21,VIIRS,n,2.0NRT,305.59,5.7,D,vadodara,VIIRS_NOAA21_NRT
22.36449,73.1171,324.65,0.44,0.46,2025-11-07,2112,N21,VIIRS,n,2.0NRT,292.78,3.16,N,vadodara,VIIRS_NOAA21_NRT
22.3648,73.11605,324.09,0.44,0.46,2025-11-07,2112,N21,VIIRS,n,2.0NRT,292.79,3.56,N,vadodara,VIIRS_NOAA21_NRT
22.36596,73.11566,330.9,0.4,0.37,2025-11-08,2055,N21,VIIRS,n,2.0NRT,292.88,7.59,N,vadodara,VIIRS_NOAA21_NRT
22.36374,73.11583,313.35,0.45,0.39,2025-11-09,2033,N21,VIIRS,n,2.0NRT,291.69,2.56,N,vadodara,VIIRS_NOAA21_NRT
22.36371,73.11866,305.6,0.56,0.69,2025-11-11,2137,N21,VIIRS,n,2.0NRT,291.63,1.96,N,vadodara,VIIRS_NOAA21_NRT
22.36377,73.11616,303.7,0.45,0.39,2025-11-13,2059,N21,VIIRS,n,2.0NRT,292.41,1.28,N,vadodara,VIIRS_NOAA21_NRT
22.36462,73.11439,327.14,0.4,0.37,2025-11-14,2040,N21,VIIRS,n,2.0NRT,293.81,2.93,N,vadodara,VIIRS_NOAA21_NRT
22.36584,73.11452,331.01,0.44,0.46,2025-11-15,754,N21,VIIRS,l,2.0NRT,304.75,3.01,D,vadodara,VIIRS_NOAA21_NRT
22.36527,73.11665,306.85,0.45,0.47,2025-11-15,2023,N21,VIIRS,n,2.0NRT,292.33,2.72,N,vadodara,VIIRS_NOAA21_NRT
22.36579,73.11234,302.25,0.45,0.47,2025-11-15,2023,N21,VIIRS,n,2.0NRT,291.74,1.61,N,vadodara,VIIRS_NOAA21_NRT
22.36193,73.11747,304.3,0.36,0.57,2025-11-17,2125,N21,VIIRS,n,2.0NRT,288.63,2.08,N,vadodara,VIIRS_NOAA21_NRT
22.36705,73.11878,330.85,0.36,0.57,2025-11-17,2125,N21,VIIRS,n,2.0NRT,291.68,2.08,N,vadodara,VIIRS_NOAA21_NRT
22.36295,73.11641,331.14,0.55,0.42,2025-11-18,2105,N21,VIIRS,n,2.0NRT,291.73,6.83,N,vadodara,VIIRS_NOAA21_NRT
22.36449,73.12002,326.0,0.55,0.42,2025-11-18,2105,N21,VIIRS,n,2.0NRT,291.97,6.14,N,vadodara,VIIRS_NOAA21_NRT
22.36545,73.1148,330.01,0.55,0.42,2025-11-18,2105,N21,VIIRS,n,2.0NRT,292.01,6.14,N,vadodara,VIIRS_NOAA21_NRT
22.36679,73.11724,328.3,0.55,0.42,2025-11-18,2105,N21,VIIRS,n,2.0NRT,291.09,7.4,N,vadodara,VIIRS_NOAA21_NRT
22.36651,73.11671,307.63,0.38,0.36,2025-11-19,2048,N21,VIIRS,n,2.0NRT,291.86,2.15,N,vadodara,VIIRS_NOAA21_NRT
22.36332,73.11293,317.6,0.35,0.57,2025-11-21,2010,N21,VIIRS,n,2.0NRT,292.91,1.61,N,vadodara,VIIRS_NOAA21_NRT
22.38739,73.11424,348.8,0.69,0.74,2025-11-22,722,N21,VIIRS,n,2.0NRT,298.47,9.5,D,vadodara,VIIRS_NOAA21_NRT
22.36405,73.11794,304.97,0.45,0.63,2025-11-22,2131,N21,VIIRS,n,2.0NRT,292.76,2.26,N,vadodara,VIIRS_NOAA21_NRT
22.36597,73.12029,310.07,0.45,0.47,2025-11-23,2112,N21,VIIRS,n,2.0NRT,294.51,3.66,N,vadodara,VIIRS_NOAA21_NRT
22.36681,73.11599,309.02,0.45,0.47,2025-11-23,2112,N21,VIIRS,n,2.0NRT,293.72,3.65,N,vadodara,VIIRS_NOAA21_NRT
22.36565,73.11782,319.41,0.4,0.37,2025-11-24,2055,N21,VIIRS,n,2.0NRT,293.35,2.3,N,vadodara,VIIRS_NOAA21_NRT
22.36541,73.11343,304.9,0.45,0.39,2025-11-25,2033,N21,VIIRS,n,2.0NRT,292.78,2.24,N,vadodara,VIIRS_NOAA21_NRT
22.36659,73.11358,323.07,0.57,0.69,2025-11-27,1957,N21,VIIRS,n,2.0NRT,292.0,5.86,N,vadodara,VIIRS_NOAA21_NRT
22.36507,73.11801,312.29,0.57,0.69,2025-11-27,2137,N21,VIIRS,n,2.0NRT,291.44,4.5,N,vadodara,VIIRS_NOAA21_NRT
22.367,73.11903,311.57,0.57,0.69,2025-11-27,2137,N21,VIIRS,n,2.0NRT,291.9,3.59,N,vadodara,VIIRS_NOAA21_NRT
22.36669,73.11659,305.2,0.57,0.52,2025-11-28,2120,N21,VIIRS,n,2.0NRT,294.13,4.12,N,vadodara,VIIRS_NOAA21_NRT
22.25633,73.38318,343.44,0.39,0.36,2025-11-30,813,N21,VIIRS,n,2.0NRT,305.49,4.3,D,vadodara,VIIRS_NOAA21_NRT
22.36534,73.11732,317.94,0.4,0.37,2025-11-30,2042,N21,VIIRS,n,2.0NRT,294.7,2.69,N,vadodara,VIIRS_NOAA21_NRT
22.36417,73.1143,324.12,0.44,0.46,2025-12-01,2023,N21,VIIRS,n,2.0NRT,294.4,3.71,N,vadodara,VIIRS_NOAA21_NRT
22.36633,73.1124,304.14,0.44,0.63,2025-12-02,2004,N21,VIIRS,n,2.0NRT,292.36,2.98,N,vadodara,VIIRS_NOAA21_NRT
22.36238,73.11928,304.47,0.36,0.57,2025-12-03,2127,N21,VIIRS,n,2.0NRT,291.84,2.17,N,vadodara,VIIRS_NOAA21_NRT
22.36445,73.11527,322.47,0.55,0.43,2025-12-04,2105,N21,VIIRS,n,2.0NRT,292.95,2.62,N,vadodara,VIIRS_NOAA21_NRT
22.36507,73.11684,320.79,0.55,0.43,2025-12-04,2105,N21,VIIRS,n,2.0NRT,292.82,4.9,N,vadodara,VIIRS_NOAA21_NRT
22.17572,73.36965,332.74,0.39,0.36,2025-12-05,820,N21,VIIRS,n,2.0NRT,305.76,3.42,D,vadodara,VIIRS_NOAA21_NRT
22.36594,73.11779,306.78,0.38,0.36,2025-12-05,2048,N21,VIIRS,n,2.0NRT,292.97,1.17,N,vadodara,VIIRS_NOAA21_NRT
22.36652,73.1134,335.67,0.35,0.57,2025-12-07,2010,N21,VIIRS,n,2.0NRT,293.34,4.74,N,vadodara,VIIRS_NOAA21_NRT
22.36767,73.11393,315.21,0.71,0.75,2025-12-08,1953,N21,VIIRS,n,2.0NRT,292.35,5.83,N,vadodara,VIIRS_NOAA21_NRT
22.36794,73.11048,319.48,0.71,0.75,2025-12-08,1953,N21,VIIRS,n,2.0NRT,290.96,4.78,N,vadodara,VIIRS_NOAA21_NRT
22.36419,73.12028,315.88,0.46,0.63,2025-12-08,2131,N21,VIIRS,n,2.0NRT,291.66,2.01,N,vadodara,VIIRS_NOAA21_NRT
22.36545,73.12006,316.66,0.46,0.63,2025-12-08,2131,N21,VIIRS,n,2.0NRT,292.37,2.23,N,vadodara,VIIRS_NOAA21_NRT
22.36741,73.11877,335.8,0.47,0.48,2025-12-09,843,N21,VIIRS,n,2.0NRT,307.6,4.71,D,vadodara,VIIRS_NOAA21_NRT
22.36444,73.11961,318.52,0.46,0.47,2025-12-09,2114,N21,VIIRS,n,2.0NRT,293.25,3.47,N,vadodara,VIIRS_NOAA21_NRT
22.36577,73.11597,344.58,0.41,0.37,2025-12-10,826,N21,VIIRS,n,2.0NRT,307.83,10.18,D,vadodara,VIIRS_NOAA21_NRT
22.36356,73.11449,305.8,0.41,0.37,2025-12-10,2053,N21,VIIRS,n,2.0NRT,293.47,1.46,N,vadodara,VIIRS_NOAA21_NRT
22.36627,73.11903,307.31,0.41,0.37,2025-12-10,2053,N21,VIIRS,n,2.0NRT,293.34,1.46,N,vadodara,VIIRS_NOAA21_NRT
22.36693,73.11514,316.65,0.41,0.37,2025-12-10,2053,N21,VIIRS,n,2.0NRT,292.42,1.46,N,vadodara,VIIRS_NOAA21_NRT
22.364,73.11494,323.42,0.44,0.39,2025-12-11,2036,N21,VIIRS,n,2.0NRT,292.8,2.93,N,vadodara,VIIRS_NOAA21_NRT
22.36623,73.11352,304.91,0.55,0.51,2025-12-12,2016,N21,VIIRS,n,2.0NRT,291.03,2.47,N,vadodara,VIIRS_NOAA21_NRT
22.36456,73.11304,307.07,0.56,0.69,2025-12-13,1957,N21,VIIRS,n,2.0NRT,291.82,2.26,N,vadodara,VIIRS_NOAA21_NRT
22.22865,73.27791,333.07,0.61,0.53,2025-12-14,852,N21,VIIRS,n,2.0NRT,305.47,2.2,D,vadodara,VIIRS_NOAA21_NRT
22.3645,73.11729,305.35,0.58,0.52,2025-12-14,2120,N21,VIIRS,n,2.0NRT,288.77,2.01,N,vadodara,VIIRS_NOAA21_NRT
22.36412,73.11653,307.43,0.46,0.39,2025-12-15,2059,N21,VIIRS,n,2.0NRT,292.53,2.73,N,vadodara,VIIRS_NOAA21_NRT
22.36671,73.11728,333.34,0.4,0.37,2025-12-16,813,N21,VIIRS,n,2.0NRT,305.39,4.48,D,vadodara,VIIRS_NOAA21_NRT
22.3821,73.10661,332.24,0.4,0.37,2025-12-16,813,N21,VIIRS,n,2.0NRT,305.57,6.32,D,vadodara,VIIRS_NOAA21_NRT
22.36434,73.11485,320.84,0.4,0.37,2025-12-16,2042,N21,VIIRS,n,2.0NRT,293.64,3.0,N,vadodara,VIIRS_NOAA21_NRT
22.44316,73.10806,300.22,0.4,0.37,2025-12-16,2042,N21,VIIRS,n,2.0NRT,286.86,0.45,N,vadodara,VIIRS_NOAA21_NRT
22.36705,73.11536,338.13,0.43,0.46,2025-12-17,754,N21,VIIRS,n,2.0NRT,304.8,3.67,D,vadodara,VIIRS_NOAA21_NRT
22.30289,73.06802,330.9,0.43,0.62,2025-12-18,735,N21,VIIRS,n,2.0NRT,301.19,4.59,D,vadodara,VIIRS_NOAA21_NRT
22.30452,73.06805,330.0,0.43,0.62,2025-12-18,735,N21,VIIRS,n,2.0NRT,300.69,4.45,D,vadodara,VIIRS_NOAA21_NRT
22.36519,73.11097,301.03,0.44,0.62,2025-12-18,2004,N21,VIIRS,n,2.0NRT,290.58,2.44,N,vadodara,VIIRS_NOAA21_NRT
22.36671,73.11384,310.67,0.44,0.62,2025-12-18,2004,N21,VIIRS,n,2.0NRT,292.47,2.64,N,vadodara,VIIRS_NOAA21_NRT
22.17706,73.01514,333.21,0.56,0.43,2025-12-20,837,N21,VIIRS,n,2.0NRT,307.02,4.14,D,vadodara,VIIRS_NOAA21_NRT
22.17788,73.01922,331.7,0.56,0.43,2025-12-20,837,N21,VIIRS,n,2.0NRT,304.32,2.75,D,vadodara,VIIRS_NOAA21_NRT
22.36565,73.11579,295.24,0.38,0.36,2025-12-21,2048,N21,VIIRS,n,2.0NRT,278.57,1.29,N,vadodara,VIIRS_NOAA21_NRT
22.36483,73.11677,306.84,0.53,0.42,2025-12-22,2029,N21,VIIRS,n,2.0NRT,286.47,2.59,N,vadodara,VIIRS_NOAA21_NRT
22.36416,73.11402,333.77,0.35,0.56,2025-12-23,2010,N21,VIIRS,n,2.0NRT,293.34,3.35,N,vadodara,VIIRS_NOAA21_NRT
22.36878,73.1114,302.15,0.7,0.75,2025-12-24,1953,N21,VIIRS,n,2.0NRT,291.46,3.26,N,vadodara,VIIRS_NOAA21_NRT
22.36138,73.11887,302.04,0.46,0.63,2025-12-24,2131,N21,VIIRS,n,2.0NRT,289.83,1.46,N,vadodara,VIIRS_NOAA21_NRT
22.36267,73.11858,309.78,0.46,0.47,2025-12-25,2114,N21,VIIRS,n,2.0NRT,291.48,3.57,N,vadodara,VIIRS_NOAA21_NRT
22.37868,73.14952,300.63,0.54,0.51,2025-12-28,2016,N21,VIIRS,n,2.0NRT,290.15,1.2,N,vadodara,VIIRS_NOAA21_NRT
22.20167,73.21946,339.53,0.6,0.53,2025-12-30,852,N21,VIIRS,n,2.0NRT,300.81,10.57,D,vadodara,VIIRS_NOAA21_NRT
22.20466,73.21905,339.93,0.6,0.53,2025-12-30,852,N21,VIIRS,n,2.0NRT,301.73,25.27,D,vadodara,VIIRS_NOAA21_NRT
22.20655,73.21886,340.06,0.6,0.53,2025-12-30,852,N21,VIIRS,n,2.0NRT,302.16,10.57,D,vadodara,VIIRS_NOAA21_NRT
22.20717,73.22469,339.44,0.6,0.53,2025-12-30,852,N21,VIIRS,n,2.0NRT,300.6,15.75,D,vadodara,VIIRS_NOAA21_NRT
22.21012,73.2243,339.81,0.6,0.53,2025-12-30,852,N21,VIIRS,n,2.0NRT,301.38,14.87,D,vadodara,VIIRS_NOAA21_NRT
22.22603,73.21066,330.63,0.47,0.4,2025-12-31,832,N21,VIIRS,n,2.0NRT,298.48,3.12,D,vadodara,VIIRS_NOAA21_NRT
22.36583,73.11514,306.8,0.4,0.37,2026-01-01,2042,N21,VIIRS,n,2.0NRT,291.35,2.56,N,vadodara,VIIRS_NOAA21_NRT
22.36531,73.11367,311.24,0.43,0.46,2026-01-02,2025,N21,VIIRS,n,2.0NRT,291.21,3.01,N,vadodara,VIIRS_NOAA21_NRT
22.3664,73.11317,302.13,0.44,0.62,2026-01-03,2004,N21,VIIRS,n,2.0NRT,290.61,2.77,N,vadodara,VIIRS_NOAA21_NRT
22.36447,73.12,308.77,0.37,0.58,2026-01-04,2127,N21,VIIRS,n,2.0NRT,290.36,2.83,N,vadodara,VIIRS_NOAA21_NRT
22.36691,73.11378,311.76,0.34,0.56,2026-01-08,2010,N21,VIIRS,n,2.0NRT,290.18,2.59,N,vadodara,VIIRS_NOAA21_NRT
22.36842,73.11488,300.39,0.7,0.75,2026-01-09,1953,N21,VIIRS,n,2.0NRT,289.71,4.42,N,vadodara,VIIRS_NOAA21_NRT
22.36293,73.11755,301.42,0.46,0.64,2026-01-09,2131,N21,VIIRS,n,2.0NRT,288.84,3.67,N,vadodara,VIIRS_NOAA21_NRT
22.2138,73.17271,331.35,0.48,0.48,2026-01-10,845,N21,VIIRS,n,2.0NRT,299.47,3.5,D,vadodara,VIIRS_NOAA21_NRT
22.36637,73.11981,305.34,0.46,0.47,2026-01-10,2114,N21,VIIRS,n,2.0NRT,290.24,2.79,N,vadodara,VIIRS_NOAA21_NRT
22.36661,73.11632,333.92,0.41,0.37,2026-01-11,826,N21,VIIRS,n,2.0NRT,302.91,3.51,D,vadodara,VIIRS_NOAA21_NRT
22.36372,73.11816,323.15,0.41,0.37,2026-01-11,2055,N21,VIIRS,n,2.0NRT,291.94,2.67,N,vadodara,VIIRS_NOAA21_NRT
22.36439,73.11424,302.85,0.41,0.37,2026-01-11,2055,N21,VIIRS,n,2.0NRT,291.56,2.34,N,vadodara,VIIRS_NOAA21_NRT
22.36404,73.11573,317.01,0.44,0.38,2026-01-12,2036,N21,VIIRS,n,2.0NRT,292.06,3.72,N,vadodara,VIIRS_NOAA21_NRT
22.36312,73.11286,302.8,0.54,0.51,2026-01-13,2018,N21,VIIRS,n,2.0NRT,290.92,2.23,N,vadodara,VIIRS_NOAA21_NRT
22.36777,73.11346,308.31,0.54,0.51,2026-01-13,2018,N21,VIIRS,n,2.0NRT,291.01,4.67,N,vadodara,VIIRS_NOAA21_NRT
22.18899,73.29834,332.11,0.63,0.72,2026-01-14,911,N21,VIIRS,n,2.0NRT,302.14,4.08,D,vadodara,VIIRS_NOAA21_NRT
22.36426,73.11453,304.65,0.55,0.68,2026-01-14,1957,N21,VIIRS,n,2.0NRT,290.09,3.5,N,vadodara,VIIRS_NOAA21_NRT
22.36468,73.10916,300.7,0.55,0.68,2026-01-14,1957,N21,VIIRS,n,2.0NRT,287.52,3.5,N,vadodara,VIIRS_NOAA21_NRT
22.36679,73.11302,317.53,0.55,0.68,2026-01-14,1957,N21,VIIRS,n,2.0NRT,290.51,4.9,N,vadodara,VIIRS_NOAA21_NRT
22.37617,73.15152,299.66,0.55,0.68,2026-01-14,1957,N21,VIIRS,n,2.0NRT,287.94,1.66,N,vadodara,VIIRS_NOAA21_NRT
22.37662,73.14621,309.25,0.55,0.68,2026-01-14,1957,N21,VIIRS,n,2.0NRT,287.37,1.66,N,vadodara,VIIRS_NOAA21_NRT
22.38058,73.14839,323.44,0.55,0.68,2026-01-14,1957,N21,VIIRS,n,2.0NRT,288.98,3.22,N,vadodara,VIIRS_NOAA21_NRT
22.36335,73.11996,305.11,0.58,0.7,2026-01-14,2137,N21,VIIRS,n,2.0NRT,290.37,5.44,N,vadodara,VIIRS_NOAA21_NRT
22.37537,73.15271,323.65,0.59,0.7,2026-01-14,2137,N21,VIIRS,n,2.0NRT,289.43,3.63,N,vadodara,VIIRS_NOAA21_NRT
22.36452,73.11821,308.06,0.47,0.39,2026-01-16,2101,N21,VIIRS,n,2.0NRT,294.18,3.24,N,vadodara,VIIRS_NOAA21_NRT
22.36685,73.11527,301.77,0.4,0.37,2026-01-17,2042,N21,VIIRS,n,2.0NRT,290.83,2.02,N,vadodara,VIIRS_NOAA21_NRT
22.36631,73.11642,300.55,0.43,0.46,2026-01-18,2025,N21,VIIRS,n,2.0NRT,290.32,2.98,N,vadodara,VIIRS_NOAA21_NRT
22.36499,73.114,300.09,0.44,0.62,2026-01-19,2004,N21,VIIRS,n,2.0NRT,289.27,3.01,N,vadodara,VIIRS_NOAA21_NRT
22.36563,73.122,300.75,0.73,0.76,2026-01-19,2146,N21,VIIRS,n,2.0NRT,289.83,5.85,N,vadodara,VIIRS_NOAA21_NRT
22.36627,73.12043,301.72,0.73,0.76,2026-01-19,2146,N21,VIIRS,n,2.0NRT,290.37,3.48,N,vadodara,VIIRS_NOAA21_NRT
22.36228,73.11937,303.61,0.37,0.58,2026-01-20,2127,N21,VIIRS,n,2.0NRT,289.89,2.45,N,vadodara,VIIRS_NOAA21_NRT
22.3626,73.11876,310.48,0.37,0.58,2026-01-20,2127,N21,VIIRS,n,2.0NRT,290.13,1.96,N,vadodara,VIIRS_NOAA21_NRT
22.36509,73.11573,322.02,0.56,0.43,2026-01-21,2108,N21,VIIRS,n,2.0NRT,292.33,4.8,N,vadodara,VIIRS_NOAA21_NRT
22.36395,73.11683,333.73,0.39,0.36,2026-01-22,820,N21,VIIRS,n,2.0NRT,304.12,4.29,D,vadodara,VIIRS_NOAA21_NRT
22.3636,73.1144,330.14,0.52,0.41,2026-01-23,802,N21,VIIRS,n,2.0NRT,299.12,4.53,D,vadodara,VIIRS_NOAA21_NRT
22.3653,73.11562,303.2,0.52,0.42,2026-01-23,2029,N21,VIIRS,n,2.0NRT,289.32,2.91,N,vadodara,VIIRS_NOAA21_NRT
22.36607,73.11828,328.73,0.48,0.65,2026-01-25,904,N21,VIIRS,n,2.0NRT,288.88,5.46,D,vadodara,VIIRS_NOAA21_NRT
22.36611,73.11785,304.72,0.46,0.47,2026-01-26,2114,N21,VIIRS,n,2.0NRT,289.9,3.72,N,vadodara,VIIRS_NOAA21_NRT
22.24462,73.21011,332.49,0.41,0.37,2026-01-27,826,N21,VIIRS,n,2.0NRT,299.49,2.9,D,vadodara,VIIRS_NOAA21_NRT
22.3639,73.11663,310.6,0.41,0.37,2026-01-27,2055,N21,VIIRS,n,2.0NRT,290.15,1.57,N,vadodara,VIIRS_NOAA21_NRT
22.40789,73.29237,333.2,0.43,0.38,2026-01-28,807,N21,VIIRS,n,2.0NRT,304.4,2.89,D,vadodara,VIIRS_NOAA21_NRT
22.36338,73.1161,307.53,0.44,0.38,2026-01-28,2036,N21,VIIRS,n,2.0NRT,289.41,2.18,N,vadodara,VIIRS_NOAA21_NRT
22.36451,73.1167,297.93,0.54,0.51,2026-01-29,2018,N21,VIIRS,n,2.0NRT,281.35,1.23,N,vadodara,VIIRS_NOAA21_NRT
22.36509,73.11147,297.5,0.54,0.51,2026-01-29,2018,N21,VIIRS,n,2.0NRT,281.65,1.23,N,vadodara,VIIRS_NOAA21_NRT
22.36414,73.11043,297.37,0.55,0.68,2026-01-30,1957,N21,VIIRS,n,2.0NRT,284.87,1.09,N,vadodara,VIIRS_NOAA21_NRT
22.36804,73.11451,298.9,0.55,0.68,2026-01-30,1957,N21,VIIRS,n,2.0NRT,286.0,1.81,N,vadodara,VIIRS_NOAA21_NRT
22.36647,73.11945,314.56,0.58,0.52,2026-01-31,2120,N21,VIIRS,n,2.0NRT,290.64,6.61,N,vadodara,VIIRS_NOAA21_NRT
22.36295,73.11709,304.67,0.4,0.37,2026-02-02,2042,N21,VIIRS,n,2.0NRT,291.55,1.36,N,vadodara,VIIRS_NOAA21_NRT
22.36628,73.11766,326.78,0.4,0.37,2026-02-02,2042,N21,VIIRS,n,2.0NRT,290.36,1.36,N,vadodara,VIIRS_NOAA21_NRT
22.3646,73.11636,323.78,0.43,0.46,2026-02-03,2025,N21,VIIRS,n,2.0NRT,292.27,2.3,N,vadodara,VIIRS_NOAA21_NRT
22.36509,73.11221,304.34,0.43,0.46,2026-02-03,2025,N21,VIIRS,n,2.0NRT,291.6,2.3,N,vadodara,VIIRS_NOAA21_NRT
22.36176,73.11881,319.94,0.37,0.58,2026-02-05,2127,N21,VIIRS,n,2.0NRT,290.91,2.34,N,vadodara,VIIRS_NOAA21_NRT
22.16018,73.19408,332.58,0.57,0.43,2026-02-06,839,N21,VIIRS,n,2.0NRT,304.5,4.69,D,vadodara,VIIRS_NOAA21_NRT
22.36507,73.11504,307.86,0.56,0.43,2026-02-06,2108,N21,VIIRS,n,2.0NRT,292.97,1.72,N,vadodara,VIIRS_NOAA21_NRT
22.36569,73.11634,324.84,0.38,0.36,2026-02-07,2050,N21,VIIRS,n,2.0NRT,295.11,2.62,N,vadodara,VIIRS_NOAA21_NRT
22.27983,73.28693,333.42,0.51,0.41,2026-02-08,802,N21,VIIRS,l,2.0NRT,307.13,2.72,D,vadodara,VIIRS_NOAA21_NRT
22.28529,73.29585,344.94,0.51,0.41,2026-02-08,802,N21,VIIRS,n,2.0NRT,305.98,8.69,D,vadodara,VIIRS_NOAA21_NRT
22.36715,73.11443,342.51,0.33,0.55,2026-02-09,741,N21,VIIRS,n,2.0NRT,308.12,3.67,D,vadodara,VIIRS_NOAA21_NRT
22.36705,73.11369,315.8,0.34,0.56,2026-02-09,2012,N21,VIIRS,n,2.0NRT,293.06,1.67,N,vadodara,VIIRS_NOAA21_NRT
22.3669,73.11058,308.75,0.7,0.75,2026-02-10,1953,N21,VIIRS,n,2.0NRT,291.21,3.5,N,vadodara,VIIRS_NOAA21_NRT
22.36759,73.11309,308.73,0.71,0.75,2026-02-10,1953,N21,VIIRS,n,2.0NRT,292.34,3.76,N,vadodara,VIIRS_NOAA21_NRT
22.36623,73.11794,305.91,0.46,0.64,2026-02-10,2131,N21,VIIRS,n,2.0NRT,292.62,2.56,N,vadodara,VIIRS_NOAA21_NRT
22.36646,73.1209,310.22,0.46,0.64,2026-02-10,2131,N21,VIIRS,n,2.0NRT,293.56,2.29,N,vadodara,VIIRS_NOAA21_NRT
22.36436,73.11692,322.51,0.41,0.37,2026-02-12,2055,N21,VIIRS,n,2.0NRT,294.72,3.23,N,vadodara,VIIRS_NOAA21_NRT
22.30095,73.06102,333.58,0.44,0.38,2026-02-13,807,N21,VIIRS,n,2.0NRT,304.69,4.89,D,vadodara,VIIRS_NOAA21_NRT
22.30201,73.06133,335.43,0.44,0.38,2026-02-13,807,N21,VIIRS,n,2.0NRT,305.3,4.73,D,vadodara,VIIRS_NOAA21_NRT
22.12506,73.21444,337.58,0.6,0.53,2026-02-16,852,N21,VIIRS,n,2.0NRT,301.65,9.64,D,vadodara,VIIRS_NOAA21_NRT
22.3766,73.24696,337.84,0.61,0.53,2026-02-16,852,N21,VIIRS,n,2.0NRT,306.09,14.5,D,vadodara,VIIRS_NOAA21_NRT
22.44673,73.32666,343.17,0.62,0.54,2026-02-16,852,N21,VIIRS,n,2.0NRT,306.19,15.03,D,vadodara,VIIRS_NOAA21_NRT
22.36408,73.11432,301.99,0.4,0.37,2026-02-18,2042,N21,VIIRS,n,2.0NRT,284.82,1.59,N,vadodara,VIIRS_NOAA21_NRT
22.36273,73.11215,304.14,0.44,0.62,2026-02-20,2004,N21,VIIRS,n,2.0NRT,291.57,1.04,N,vadodara,VIIRS_NOAA21_NRT
22.21167,73.16853,341.05,0.38,0.59,2026-02-21,858,N21,VIIRS,n,2.0NRT,306.59,3.57,D,vadodara,VIIRS_NOAA21_NRT
22.36493,73.11963,306.94,0.37,0.58,2026-02-21,2127,N21,VIIRS,n,2.0NRT,296.2,2.55,N,vadodara,VIIRS_NOAA21_NRT
22.23461,73.27351,340.28,0.39,0.44,2026-02-22,839,N21,VIIRS,n,2.0NRT,306.82,3.37,D,vadodara,VIIRS_NOAA21_NRT
22.21036,73.19602,332.62,0.52,0.41,2026-02-24,802,N21,VIIRS,l,2.0NRT,304.69,4.76,D,vadodara,VIIRS_NOAA21_NRT
22.36552,73.11716,311.81,0.53,0.42,2026-02-24,2029,N21,VIIRS,n,2.0NRT,296.55,2.58,N,vadodara,VIIRS_NOAA21_NRT
22.23509,73.28098,334.23,0.33,0.55,2026-02-25,741,N21,VIIRS,n,2.0NRT,303.12,2.11,D,vadodara,VIIRS_NOAA21_NRT
22.36547,73.11451,304.04,0.35,0.56,2026-02-25,2012,N21,VIIRS,n,2.0NRT,293.4,1.18,N,vadodara,VIIRS_NOAA21_NRT
22.40946,73.10877,334.84,0.47,0.48,2026-02-27,845,N21,VIIRS,n,2.0NRT,304.77,1.91,D,vadodara,VIIRS_NOAA21_NRT
22.40997,73.1068,338.76,0.47,0.48,2026-02-27,845,N21,VIIRS,n,2.0NRT,303.93,3.56,D,vadodara,VIIRS_NOAA21_NRT
22.14451,73.09115,334.2,0.44,0.39,2026-03-01,807,N21,VIIRS,n,2.0NRT,305.78,5.27,D,vadodara,VIIRS_NOAA21_NRT
22.313,73.07318,332.39,0.44,0.38,2026-03-01,807,N21,VIIRS,l,2.0NRT,303.54,5.52,D,vadodara,VIIRS_NOAA21_NRT
22.36436,73.11416,337.77,0.53,0.5,2026-03-02,750,N21,VIIRS,n,2.0NRT,305.54,4.39,D,vadodara,VIIRS_NOAA21_NRT
22.20284,73.16792,343.83,0.47,0.4,2026-03-05,832,N21,VIIRS,n,2.0NRT,313.59,12.76,D,vadodara,VIIRS_NOAA21_NRT
22.17667,73.23395,335.25,0.39,0.36,2026-03-06,813,N21,VIIRS,n,2.0NRT,309.71,1.53,D,vadodara,VIIRS_NOAA21_NRT
22.30191,73.07718,340.67,0.43,0.46,2026-03-07,756,N21,VIIRS,n,2.0NRT,310.44,4.38,D,vadodara,VIIRS_NOAA21_NRT
22.36498,73.11435,338.62,0.43,0.46,2026-03-07,756,N21,VIIRS,l,2.0NRT,312.68,5.91,D,vadodara,VIIRS_NOAA21_NRT
22.42875,73.27549,342.6,0.42,0.45,2026-03-07,756,N21,VIIRS,l,2.0NRT,315.08,8.64,D,vadodara,VIIRS_NOAA21_NRT
22.16189,73.10501,334.45,0.43,0.62,2026-03-08,735,N21,VIIRS,l,2.0NRT,308.84,4.11,D,vadodara,VIIRS_NOAA21_NRT
22.36446,73.12043,320.96,0.36,0.58,2026-03-09,2125,N21,VIIRS,n,2.0NRT,300.1,3.19,N,vadodara,VIIRS_NOAA21_NRT
22.36521,73.117,315.25,0.36,0.58,2026-03-09,2125,N21,VIIRS,n,2.0NRT,298.45,3.43,N,vadodara,VIIRS_NOAA21_NRT
22.36505,73.1133,311.08,0.53,0.42,2026-03-12,2029,N21,VIIRS,n,2.0NRT,297.16,1.69,N,vadodara,VIIRS_NOAA21_NRT
22.39964,73.24901,343.45,0.33,0.55,2026-03-13,741,N21,VIIRS,n,2.0NRT,311.43,3.28,D,vadodara,VIIRS_NOAA21_NRT
22.10856,73.19865,340.27,0.48,0.65,2026-03-14,905,N21,VIIRS,n,2.0NRT,308.15,4.54,D,vadodara,VIIRS_NOAA21_NRT
22.3121,73.07497,336.83,0.46,0.47,2026-03-15,845,N21,VIIRS,n,2.0NRT,309.93,5.02,D,vadodara,VIIRS_NOAA21_NRT
22.22248,73.23743,337.74,0.53,0.67,2026-03-19,729,N21,VIIRS,n,2.0NRT,296.13,7.83,D,vadodara,VIIRS_NOAA21_NRT
22.22367,73.24242,343.27,0.53,0.67,2026-03-19,729,N21,VIIRS,n,2.0NRT,296.88,7.83,D,vadodara,VIIRS_NOAA21_NRT
22.14685,73.11494,342.58,0.59,0.53,2026-03-20,852,N21,VIIRS,n,2.0NRT,300.19,10.21,D,vadodara,VIIRS_NOAA21_NRT
22.16856,73.14337,333.88,0.47,0.39,2026-03-21,833,N21,VIIRS,l,2.0NRT,308.72,3.87,D,vadodara,VIIRS_NOAA21_NRT
22.1823,73.19166,335.77,0.47,0.4,2026-03-21,833,N21,VIIRS,l,2.0NRT,310.43,2.91,D,vadodara,VIIRS_NOAA21_NRT
22.38871,73.28415,337.36,0.47,0.4,2026-03-21,833,N21,VIIRS,n,2.0NRT,307.54,4.93,D,vadodara,VIIRS_NOAA21_NRT
22.34871,73.15318,336.97,0.4,0.37,2026-03-22,813,N21,VIIRS,n,2.0NRT,310.29,1.67,D,vadodara,VIIRS_NOAA21_NRT
22.20494,73.2179,309.09,0.35,0.56,2026-03-29,2010,N21,VIIRS,n,2.0NRT,291.15,0.5,N,vadodara,VIIRS_NOAA21_NRT
22.36357,73.11485,305.68,0.35,0.57,2026-03-29,2010,N21,VIIRS,n,2.0NRT,283.45,1.65,N,vadodara,VIIRS_NOAA21_NRT
22.36391,73.11143,300.31,0.35,0.57,2026-03-29,2010,N21,VIIRS,n,2.0NRT,285.04,1.08,N,vadodara,VIIRS_NOAA21_NRT
22.22357,73.26596,332.08,0.47,0.48,2026-03-31,845,N21,VIIRS,l,2.0NRT,304.59,3.57,D,vadodara,VIIRS_NOAA21_NRT
22.22412,73.26276,331.83,0.47,0.48,2026-03-31,845,N21,VIIRS,l,2.0NRT,305.32,3.47,D,vadodara,VIIRS_NOAA21_NRT
22.2267,73.16576,303.88,0.41,0.37,2026-04-01,2055,N21,VIIRS,n,2.0NRT,290.18,0.63,N,vadodara,VIIRS_NOAA21_NRT
22.27492,73.02339,303.39,0.4,0.37,2026-04-01,2055,N21,VIIRS,n,2.0NRT,291.16,0.44,N,vadodara,VIIRS_NOAA21_NRT
22.21305,73.15667,337.67,0.44,0.39,2026-04-02,807,N21,VIIRS,n,2.0NRT,309.13,3.3,D,vadodara,VIIRS_NOAA21_NRT
22.274,73.36643,340.22,0.44,0.38,2026-04-02,807,N21,VIIRS,n,2.0NRT,310.35,3.14,D,vadodara,VIIRS_NOAA21_NRT
22.40324,73.20887,367.0,0.54,0.68,2026-04-04,729,N21,VIIRS,h,2.0NRT,294.65,31.49,D,vadodara,VIIRS_NOAA21_NRT
22.40387,73.21004,367.0,0.54,0.68,2026-04-04,729,N21,VIIRS,h,2.0NRT,294.07,37.12,D,vadodara,VIIRS_NOAA21_NRT
22.22726,73.31445,333.27,0.6,0.53,2026-04-05,852,N21,VIIRS,l,2.0NRT,306.75,3.6,D,vadodara,VIIRS_NOAA21_NRT
22.35204,73.39367,332.61,0.42,0.61,2026-04-09,735,N21,VIIRS,l,2.0NRT,304.17,3.04,D,vadodara,VIIRS_NOAA21_NRT
22.2356,73.09447,340.29,0.35,0.57,2026-04-14,741,N21,VIIRS,n,2.0NRT,307.75,1.39,D,vadodara,VIIRS_NOAA21_NRT
22.38599,73.11482,314.05,0.73,0.76,2026-04-15,1951,N21,VIIRS,n,2.0NRT,295.85,3.6,N,vadodara,VIIRS_NOAA21_NRT
22.38965,73.12009,307.63,0.45,0.63,2026-04-15,2131,N21,VIIRS,n,2.0NRT,296.14,1.46,N,vadodara,VIIRS_NOAA21_NRT
22.36427,73.11732,307.94,0.45,0.39,2026-04-18,2036,N21,VIIRS,n,2.0NRT,297.55,2.93,N,vadodara,VIIRS_NOAA21_NRT
22.17733,73.19392,352.39,0.55,0.51,2026-04-19,748,N21,VIIRS,n,2.0NRT,311.63,12.82,D,vadodara,VIIRS_NOAA21_NRT
22.21756,73.24333,339.04,0.6,0.7,2026-04-20,909,N21,VIIRS,n,2.0NRT,304.45,10.59,D,vadodara,VIIRS_NOAA21_NRT
22.21799,73.24909,347.89,0.6,0.71,2026-04-20,909,N21,VIIRS,n,2.0NRT,305.13,14.5,D,vadodara,VIIRS_NOAA21_NRT
22.23048,73.20056,334.6,0.58,0.52,2026-04-21,852,N21,VIIRS,l,2.0NRT,307.76,5.27,D,vadodara,VIIRS_NOAA21_NRT
22.30004,73.35628,339.35,0.6,0.53,2026-04-21,852,N21,VIIRS,l,2.0NRT,309.78,8.56,D,vadodara,VIIRS_NOAA21_NRT
22.22256,73.25999,344.31,0.46,0.39,2026-04-22,833,N21,VIIRS,l,2.0NRT,318.27,7.82,D,vadodara,VIIRS_NOAA21_NRT
22.38881,73.19952,339.68,0.46,0.39,2026-04-22,833,N21,VIIRS,l,2.0NRT,314.53,6.58,D,vadodara,VIIRS_NOAA21_NRT
22.23055,73.24302,340.91,0.4,0.37,2026-04-23,2042,N21,VIIRS,n,2.0NRT,298.56,10.7,N,vadodara,VIIRS_NOAA21_NRT
22.16709,73.11813,344.68,0.44,0.46,2026-04-24,756,N21,VIIRS,l,2.0NRT,317.72,8.61,D,vadodara,VIIRS_NOAA21_NRT
22.30239,73.34586,367.0,0.42,0.61,2026-04-25,735,N21,VIIRS,h,2.0NRT,315.46,10.87,D,vadodara,VIIRS_NOAA21_NRT
22.30329,73.34987,367.0,0.42,0.61,2026-04-25,735,N21,VIIRS,h,2.0NRT,317.26,13.82,D,vadodara,VIIRS_NOAA21_NRT
22.22284,73.20703,340.31,0.76,0.77,2026-04-25,915,N21,VIIRS,n,2.0NRT,308.43,4.49,D,vadodara,VIIRS_NOAA21_NRT
22.186,73.13513,342.14,0.36,0.58,2026-04-26,858,N21,VIIRS,n,2.0NRT,309.91,5.21,D,vadodara,VIIRS_NOAA21_NRT
22.21565,73.28761,322.85,0.37,0.58,2026-04-26,2125,N21,VIIRS,n,2.0NRT,296.89,2.26,N,vadodara,VIIRS_NOAA21_NRT
22.11615,73.07263,347.8,0.38,0.36,2026-04-28,820,N21,VIIRS,n,2.0NRT,319.63,10.95,D,vadodara,VIIRS_NOAA21_NRT
22.29021,73.25745,348.15,0.38,0.36,2026-04-28,820,N21,VIIRS,n,2.0NRT,318.79,10.56,D,vadodara,VIIRS_NOAA21_NRT
22.1876,73.12548,345.27,0.35,0.57,2026-04-30,741,N21,VIIRS,n,2.0NRT,305.87,3.57,D,vadodara,VIIRS_NOAA21_NRT
22.22758,73.38401,336.78,0.34,0.56,2026-04-30,741,N21,VIIRS,n,2.0NRT,305.82,2.37,D,vadodara,VIIRS_NOAA21_NRT
22.2497,73.31518,333.82,0.34,0.56,2026-04-30,741,N21,VIIRS,l,2.0NRT,308.5,2.79,D,vadodara,VIIRS_NOAA21_NRT
22.4397,73.3502,342.57,0.33,0.56,2026-04-30,741,N21,VIIRS,n,2.0NRT,304.54,3.88,D,vadodara,VIIRS_NOAA21_NRT
22.15765,73.12344,336.34,0.4,0.37,2026-05-03,826,N21,VIIRS,l,2.0NRT,310.78,4.95,D,vadodara,VIIRS_NOAA21_NRT
22.17166,73.12511,342.11,0.4,0.37,2026-05-03,826,N21,VIIRS,l,2.0NRT,314.41,4.78,D,vadodara,VIIRS_NOAA21_NRT
22.44091,73.19299,327.34,0.4,0.37,2026-05-03,2053,N21,VIIRS,n,2.0NRT,297.89,2.04,N,vadodara,VIIRS_NOAA21_NRT
22.38002,73.22495,334.29,0.54,0.51,2026-05-05,748,N21,VIIRS,l,2.0NRT,305.11,3.67,D,vadodara,VIIRS_NOAA21_NRT
22.11218,73.1266,342.12,0.57,0.52,2026-05-07,852,N21,VIIRS,n,2.0NRT,307.5,6.38,D,vadodara,VIIRS_NOAA21_NRT
22.15899,73.13839,342.04,0.4,0.37,2026-05-09,813,N21,VIIRS,l,2.0NRT,316.52,5.79,D,vadodara,VIIRS_NOAA21_NRT
22.15961,73.14221,343.9,0.4,0.37,2026-05-09,813,N21,VIIRS,l,2.0NRT,316.01,5.79,D,vadodara,VIIRS_NOAA21_NRT
22.18114,73.23256,346.12,0.4,0.37,2026-05-09,813,N21,VIIRS,l,2.0NRT,319.77,7.8,D,vadodara,VIIRS_NOAA21_NRT
22.20784,73.35672,342.53,0.43,0.46,2026-05-10,754,N21,VIIRS,l,2.0NRT,315.61,11.51,D,vadodara,VIIRS_NOAA21_NRT
22.20903,73.35215,348.48,0.43,0.46,2026-05-10,754,N21,VIIRS,n,2.0NRT,317.68,12.0,D,vadodara,VIIRS_NOAA21_NRT
22.23689,73.27396,343.22,0.43,0.46,2026-05-10,754,N21,VIIRS,l,2.0NRT,313.65,8.17,D,vadodara,VIIRS_NOAA21_NRT
22.13673,73.25446,337.91,0.43,0.62,2026-05-11,735,N21,VIIRS,l,2.0NRT,310.84,3.19,D,vadodara,VIIRS_NOAA21_NRT
22.17122,73.19839,337.64,0.44,0.62,2026-05-11,735,N21,VIIRS,l,2.0NRT,312.07,8.19,D,vadodara,VIIRS_NOAA21_NRT
22.17299,73.19092,349.29,0.44,0.62,2026-05-11,735,N21,VIIRS,n,2.0NRT,313.97,12.71,D,vadodara,VIIRS_NOAA21_NRT
22.43986,73.32274,342.51,0.42,0.61,2026-05-11,735,N21,VIIRS,n,2.0NRT,310.35,6.94,D,vadodara,VIIRS_NOAA21_NRT
22.17096,73.11976,306.47,0.45,0.63,2026-05-11,2004,N21,VIIRS,n,2.0NRT,295.22,0.64,N,vadodara,VIIRS_NOAA21_NRT
22.23327,73.24419,312.46,0.53,0.42,2026-05-15,2029,N21,VIIRS,n,2.0NRT,298.01,1.04,N,vadodara,VIIRS_NOAA21_NRT
22.23227,73.30755,335.58,0.68,0.74,2026-05-17,724,N21,VIIRS,n,2.0NRT,302.17,5.72,D,vadodara,VIIRS_NOAA21_NRT
22.11124,73.22047,367.0,0.47,0.64,2026-05-17,905,N21,VIIRS,h,2.0NRT,306.77,7.98,D,vadodara,VIIRS_NOAA21_NRT
22.12303,73.01239,340.04,0.45,0.63,2026-05-17,905,N21,VIIRS,n,2.0NRT,308.22,6.24,D,vadodara,VIIRS_NOAA21_NRT
22.13463,73.28696,367.0,0.47,0.64,2026-05-17,905,N21,VIIRS,h,2.0NRT,306.94,16.92,D,vadodara,VIIRS_NOAA21_NRT
22.28578,73.05991,337.23,0.46,0.64,2026-05-17,905,N21,VIIRS,n,2.0NRT,305.51,5.57,D,vadodara,VIIRS_NOAA21_NRT
22.28625,73.06302,340.69,0.46,0.64,2026-05-17,905,N21,VIIRS,n,2.0NRT,305.82,4.39,D,vadodara,VIIRS_NOAA21_NRT
22.16997,73.1306,348.28,0.4,0.37,2026-05-19,826,N21,VIIRS,n,2.0NRT,312.83,4.78,D,vadodara,VIIRS_NOAA21_NRT
22.21129,73.35195,349.31,0.41,0.37,2026-05-19,826,N21,VIIRS,n,2.0NRT,316.73,3.19,D,vadodara,VIIRS_NOAA21_NRT
22.2387,73.17522,336.42,0.55,0.51,2026-05-21,748,N21,VIIRS,n,2.0NRT,304.45,4.0,D,vadodara,VIIRS_NOAA21_NRT
22.283,73.25426,334.58,0.54,0.51,2026-05-21,748,N21,VIIRS,l,2.0NRT,306.76,4.25,D,vadodara,VIIRS_NOAA21_NRT
22.22097,73.24914,333.65,0.54,0.68,2026-05-22,731,N21,VIIRS,n,2.0NRT,293.59,1.75,D,vadodara,VIIRS_NOAA21_NRT
22.20197,73.17795,337.72,0.58,0.52,2026-05-23,852,N21,VIIRS,n,2.0NRT,304.44,4.13,D,vadodara,VIIRS_NOAA21_NRT
22.20211,73.17726,339.65,0.58,0.52,2026-05-23,852,N21,VIIRS,n,2.0NRT,304.43,4.15,D,vadodara,VIIRS_NOAA21_NRT
22.22274,73.23734,339.86,0.58,0.52,2026-05-23,852,N21,VIIRS,n,2.0NRT,304.1,6.02,D,vadodara,VIIRS_NOAA21_NRT
22.22303,73.23795,342.99,0.58,0.52,2026-05-23,852,N21,VIIRS,n,2.0NRT,304.41,3.81,D,vadodara,VIIRS_NOAA21_NRT
22.43102,73.36635,335.49,0.6,0.53,2026-05-23,852,N21,VIIRS,n,2.0NRT,305.35,7.58,D,vadodara,VIIRS_NOAA21_NRT
22.16432,73.34212,337.9,0.47,0.4,2026-05-24,833,N21,VIIRS,l,2.0NRT,308.59,6.63,D,vadodara,VIIRS_NOAA21_NRT
22.18568,73.21226,335.31,0.46,0.39,2026-05-24,833,N21,VIIRS,n,2.0NRT,304.23,7.99,D,vadodara,VIIRS_NOAA21_NRT
22.10341,73.00788,338.88,0.4,0.37,2026-05-25,813,N21,VIIRS,l,2.0NRT,311.67,4.96,D,vadodara,VIIRS_NOAA21_NRT
22.19785,73.1796,320.98,0.44,0.46,2026-05-26,2023,N21,VIIRS,n,2.0NRT,298.77,1.72,N,vadodara,VIIRS_NOAA21_NRT
22.10081,73.08183,331.58,0.36,0.57,2026-05-28,858,N21,VIIRS,l,2.0NRT,306.44,0.97,D,vadodara,VIIRS_NOAA21_NRT
22.27955,73.29588,352.02,0.37,0.58,2026-05-28,858,N21,VIIRS,n,2.0NRT,310.24,4.5,D,vadodara,VIIRS_NOAA21_NRT
22.28164,73.29588,352.27,0.37,0.58,2026-05-28,858,N21,VIIRS,n,2.0NRT,310.04,4.46,D,vadodara,VIIRS_NOAA21_NRT
22.21685,73.25903,337.21,0.56,0.43,2026-05-29,837,N21,VIIRS,n,2.0NRT,306.74,4.88,D,vadodara,VIIRS_NOAA21_NRT
22.39117,73.37739,336.8,0.57,0.43,2026-05-29,837,N21,VIIRS,n,2.0NRT,305.49,3.68,D,vadodara,VIIRS_NOAA21_NRT
22.12096,73.08562,339.84,0.38,0.36,2026-05-30,820,N21,VIIRS,l,2.0NRT,312.46,2.72,D,vadodara,VIIRS_NOAA21_NRT
22.15347,73.34534,340.81,0.38,0.36,2026-05-30,820,N21,VIIRS,l,2.0NRT,310.93,3.2,D,vadodara,VIIRS_NOAA21_NRT
22.15464,73.15173,337.89,0.38,0.36,2026-05-30,820,N21,VIIRS,l,2.0NRT,310.9,4.66,D,vadodara,VIIRS_NOAA21_NRT
22.41733,73.10931,342.07,0.38,0.36,2026-05-30,820,N21,VIIRS,n,2.0NRT,308.58,3.65,D,vadodara,VIIRS_NOAA21_NRT
22.15842,73.33037,342.85,0.34,0.56,2026-06-01,741,N21,VIIRS,n,2.0NRT,300.52,3.38,D,vadodara,VIIRS_NOAA21_NRT
22.36229,73.325,337.03,0.47,0.48,2026-06-03,843,N21,VIIRS,n,2.0NRT,304.17,6.23,D,vadodara,VIIRS_NOAA21_NRT
22.3929,73.32106,331.53,0.47,0.48,2026-06-03,843,N21,VIIRS,n,2.0NRT,301.17,6.78,D,vadodara,VIIRS_NOAA21_NRT
22.13057,73.07097,341.4,0.45,0.39,2026-06-05,807,N21,VIIRS,n,2.0NRT,309.04,12.28,D,vadodara,VIIRS_NOAA21_NRT
22.19669,73.16528,338.7,0.55,0.51,2026-06-06,748,N21,VIIRS,n,2.0NRT,300.81,3.66,D,vadodara,VIIRS_NOAA21_NRT
22.20901,73.17527,333.27,0.58,0.52,2026-06-08,852,N21,VIIRS,n,2.0NRT,300.85,2.82,D,vadodara,VIIRS_NOAA21_NRT
22.20908,73.17435,334.43,0.58,0.52,2026-06-08,852,N21,VIIRS,n,2.0NRT,300.76,4.08,D,vadodara,VIIRS_NOAA21_NRT
22.2138,73.17469,341.66,0.58,0.52,2026-06-08,852,N21,VIIRS,n,2.0NRT,302.83,6.48,D,vadodara,VIIRS_NOAA21_NRT
22.21387,73.17376,335.81,0.58,0.52,2026-06-08,852,N21,VIIRS,n,2.0NRT,302.54,4.26,D,vadodara,VIIRS_NOAA21_NRT
22.14953,73.2094,338.66,0.46,0.39,2026-06-09,833,N21,VIIRS,n,2.0NRT,307.85,6.85,D,vadodara,VIIRS_NOAA21_NRT
22.39422,73.28435,337.33,0.47,0.39,2026-06-09,833,N21,VIIRS,l,2.0NRT,308.51,5.82,D,vadodara,VIIRS_NOAA21_NRT
22.1837,73.37117,311.02,0.39,0.37,2026-06-10,2042,N21,VIIRS,n,2.0NRT,297.1,0.88,N,vadodara,VIIRS_NOAA21_NRT
22.18703,73.37173,319.77,0.39,0.37,2026-06-10,2042,N21,VIIRS,n,2.0NRT,297.3,1.74,N,vadodara,VIIRS_NOAA21_NRT
22.12469,73.2831,338.11,0.56,0.43,2026-06-14,837,N21,VIIRS,n,2.0NRT,306.98,4.23,D,vadodara,VIIRS_NOAA21_NRT
22.25459,73.26776,337.62,0.56,0.43,2026-06-14,837,N21,VIIRS,l,2.0NRT,308.04,5.42,D,vadodara,VIIRS_NOAA21_NRT
22.28349,73.31114,338.54,0.56,0.43,2026-06-14,837,N21,VIIRS,l,2.0NRT,309.67,3.93,D,vadodara,VIIRS_NOAA21_NRT
22.28429,73.31317,337.72,0.56,0.43,2026-06-14,837,N21,VIIRS,l,2.0NRT,309.3,3.21,D,vadodara,VIIRS_NOAA21_NRT
22.43934,73.33505,338.56,0.38,0.36,2026-06-15,820,N21,VIIRS,n,2.0NRT,307.99,7.33,D,vadodara,VIIRS_NOAA21_NRT
22.41881,73.20767,332.76,0.53,0.42,2026-06-16,801,N21,VIIRS,l,2.0NRT,304.36,3.13,D,vadodara,VIIRS_NOAA21_NRT
22.34505,73.31377,337.09,0.41,0.37,2026-06-20,826,N21,VIIRS,n,2.0NRT,302.99,4.36,D,vadodara,VIIRS_NOAA21_NRT
22.44708,73.31761,339.32,0.41,0.37,2026-06-20,826,N21,VIIRS,n,2.0NRT,303.72,7.83,D,vadodara,VIIRS_NOAA21_NRT
22.44763,73.32156,337.57,0.41,0.37,2026-06-20,826,N21,VIIRS,n,2.0NRT,300.0,3.09,D,vadodara,VIIRS_NOAA21_NRT
22.36546,73.11534,310.62,0.45,0.39,2026-06-21,2036,N21,VIIRS,n,2.0NRT,295.59,2.13,N,vadodara,VIIRS_NOAA21_NRT
22.12473,73.21913,338.95,0.47,0.39,2026-06-01,835,N20,VIIRS,n,2.0NRT,308.21,10.88,D,vadodara,VIIRS_NOAA20_NRT
22.32334,73.39704,340.89,0.48,0.4,2026-06-01,835,N20,VIIRS,n,2.0NRT,308.11,10.84,D,vadodara,VIIRS_NOAA20_NRT
22.36067,73.32809,338.44,0.42,0.45,2026-06-03,758,N20,VIIRS,n,2.0NRT,299.54,5.15,D,vadodara,VIIRS_NOAA20_NRT
22.26696,73.34636,337.67,0.38,0.43,2026-06-06,841,N20,VIIRS,n,2.0NRT,306.44,1.68,D,vadodara,VIIRS_NOAA20_NRT
22.11591,73.03556,335.17,0.38,0.36,2026-06-07,822,N20,VIIRS,l,2.0NRT,306.77,3.34,D,vadodara,VIIRS_NOAA20_NRT
22.14993,73.11629,339.25,0.53,0.42,2026-06-08,805,N20,VIIRS,n,2.0NRT,301.74,2.53,D,vadodara,VIIRS_NOAA20_NRT
22.21088,73.17427,343.43,0.52,0.42,2026-06-08,805,N20,VIIRS,n,2.0NRT,303.34,13.95,D,vadodara,VIIRS_NOAA20_NRT
22.38143,73.25434,345.01,0.51,0.41,2026-06-08,805,N20,VIIRS,n,2.0NRT,306.24,5.56,D,vadodara,VIIRS_NOAA20_NRT
22.10715,73.13045,336.71,0.41,0.37,2026-06-12,828,N20,VIIRS,n,2.0NRT,303.6,3.04,D,vadodara,VIIRS_NOAA20_NRT
22.11054,73.1299,337.41,0.41,0.37,2026-06-12,828,N20,VIIRS,n,2.0NRT,303.5,4.78,D,vadodara,VIIRS_NOAA20_NRT
22.21915,73.31011,333.3,0.47,0.4,2026-06-17,837,N20,VIIRS,n,2.0NRT,299.9,4.9,D,vadodara,VIIRS_NOAA20_NRT
22.4074,73.35605,339.4,0.48,0.4,2026-06-17,837,N20,VIIRS,n,2.0NRT,304.39,7.6,D,vadodara,VIIRS_NOAA20_NRT
22.39317,73.2423,336.05,0.38,0.43,2026-06-22,841,N20,VIIRS,n,2.0NRT,301.45,6.32,D,vadodara,VIIRS_NOAA20_NRT
22.15577,73.20657,332.62,0.52,0.5,2026-05-01,756,N,VIIRS,l,2.0NRT,303.82,3.2,D,vadodara,VIIRS_SNPP_NRT
22.15587,73.21011,330.43,0.52,0.5,2026-05-01,756,N,VIIRS,l,2.0NRT,304.22,1.25,D,vadodara,VIIRS_SNPP_NRT
22.1236,73.32962,330.43,0.5,0.66,2026-05-02,737,N,VIIRS,l,2.0NRT,304.98,3.44,D,vadodara,VIIRS_SNPP_NRT
22.17599,73.12718,338.29,0.59,0.53,2026-05-03,858,N,VIIRS,n,2.0NRT,307.57,4.78,D,vadodara,VIIRS_SNPP_NRT
22.44119,73.18926,322.09,0.58,0.52,2026-05-03,2127,N,VIIRS,n,2.0NRT,295.86,4.65,N,vadodara,VIIRS_SNPP_NRT
22.44594,73.19042,307.08,0.58,0.52,2026-05-03,2127,N,VIIRS,n,2.0NRT,295.47,2.45,N,vadodara,VIIRS_SNPP_NRT
22.11475,73.12082,337.66,0.47,0.4,2026-05-04,839,N,VIIRS,l,2.0NRT,308.68,2.81,D,vadodara,VIIRS_SNPP_NRT
22.11519,73.11964,334.83,0.47,0.4,2026-05-04,839,N,VIIRS,l,2.0NRT,307.69,2.32,D,vadodara,VIIRS_SNPP_NRT
22.11781,73.11571,335.27,0.47,0.4,2026-05-04,839,N,VIIRS,l,2.0NRT,307.44,2.81,D,vadodara,VIIRS_SNPP_NRT
22.1184,73.12027,339.87,0.47,0.4,2026-05-04,839,N,VIIRS,n,2.0NRT,309.09,2.81,D,vadodara,VIIRS_SNPP_NRT
22.15043,73.21699,334.61,0.42,0.45,2026-05-06,801,N,VIIRS,l,2.0NRT,307.87,2.17,D,vadodara,VIIRS_SNPP_NRT
22.15192,73.21671,338.13,0.42,0.45,2026-05-06,801,N,VIIRS,n,2.0NRT,307.29,2.8,D,vadodara,VIIRS_SNPP_NRT
22.15985,73.14292,345.29,0.38,0.58,2026-05-08,907,N,VIIRS,n,2.0NRT,310.44,3.78,D,vadodara,VIIRS_SNPP_NRT
22.17579,73.19393,367.0,0.38,0.59,2026-05-08,907,N,VIIRS,h,2.0NRT,315.9,11.4,D,vadodara,VIIRS_SNPP_NRT
22.17625,73.19081,367.0,0.38,0.59,2026-05-08,907,N,VIIRS,h,2.0NRT,316.15,9.39,D,vadodara,VIIRS_SNPP_NRT
22.17659,73.19456,347.58,0.38,0.59,2026-05-08,907,N,VIIRS,n,2.0NRT,314.49,11.91,D,vadodara,VIIRS_SNPP_NRT
22.16248,73.13909,367.0,0.57,0.43,2026-05-09,845,N,VIIRS,h,2.0NRT,312.8,11.53,D,vadodara,VIIRS_SNPP_NRT
22.2555,73.39989,341.84,0.39,0.44,2026-05-09,845,N,VIIRS,l,2.0NRT,313.99,5.4,D,vadodara,VIIRS_SNPP_NRT
22.25594,73.3993,339.7,0.39,0.44,2026-05-09,845,N,VIIRS,l,2.0NRT,313.04,5.69,D,vadodara,VIIRS_SNPP_NRT
22.38956,73.34622,340.08,0.39,0.44,2026-05-09,845,N,VIIRS,l,2.0NRT,314.43,8.51,D,vadodara,VIIRS_SNPP_NRT
22.10221,73.12564,347.73,0.38,0.36,2026-05-10,828,N,VIIRS,n,2.0NRT,319.79,1.81,D,vadodara,VIIRS_SNPP_NRT
22.20738,73.35615,345.09,0.39,0.36,2026-05-10,828,N,VIIRS,l,2.0NRT,318.65,7.27,D,vadodara,VIIRS_SNPP_NRT
22.38968,73.11756,312.04,0.38,0.36,2026-05-10,2055,N,VIIRS,n,2.0NRT,298.67,1.01,N,vadodara,VIIRS_SNPP_NRT
22.17472,73.19091,346.13,0.51,0.41,2026-05-11,809,N,VIIRS,l,2.0NRT,319.9,11.94,D,vadodara,VIIRS_SNPP_NRT
22.44316,73.32162,348.53,0.5,0.41,2026-05-11,809,N,VIIRS,n,2.0NRT,317.08,10.97,D,vadodara,VIIRS_SNPP_NRT
22.2009,73.31972,333.92,0.49,0.65,2026-05-13,911,N,VIIRS,n,2.0NRT,299.82,2.3,D,vadodara,VIIRS_SNPP_NRT
22.13758,73.06042,344.31,0.47,0.48,2026-05-14,852,N,VIIRS,n,2.0NRT,315.83,7.53,D,vadodara,VIIRS_SNPP_NRT
22.43665,73.38286,342.19,0.49,0.49,2026-05-14,854,N,VIIRS,l,2.0NRT,314.83,8.86,D,vadodara,VIIRS_SNPP_NRT
22.16871,73.25933,335.3,0.41,0.37,2026-05-15,835,N,VIIRS,n,2.0NRT,303.85,1.6,D,vadodara,VIIRS_SNPP_NRT
22.21041,73.35565,342.66,0.42,0.38,2026-05-15,835,N,VIIRS,n,2.0NRT,310.73,5.39,D,vadodara,VIIRS_SNPP_NRT
22.26639,73.01155,335.14,0.41,0.37,2026-05-15,835,N,VIIRS,l,2.0NRT,307.06,0.97,D,vadodara,VIIRS_SNPP_NRT
22.26675,73.38855,347.6,0.42,0.38,2026-05-15,835,N,VIIRS,n,2.0NRT,303.17,8.55,D,vadodara,VIIRS_SNPP_NRT
22.27566,73.27544,337.43,0.42,0.37,2026-05-15,835,N,VIIRS,l,2.0NRT,310.25,5.32,D,vadodara,VIIRS_SNPP_NRT
22.1448,73.1262,344.0,0.44,0.38,2026-05-16,816,N,VIIRS,l,2.0NRT,318.8,12.12,D,vadodara,VIIRS_SNPP_NRT
22.11229,73.22179,367.0,0.52,0.5,2026-05-17,756,N,VIIRS,h,2.0NRT,312.17,12.78,D,vadodara,VIIRS_SNPP_NRT
22.16364,73.12317,335.04,0.52,0.5,2026-05-17,756,N,VIIRS,l,2.0NRT,309.43,3.15,D,vadodara,VIIRS_SNPP_NRT
22.17126,73.28063,336.66,0.51,0.49,2026-05-17,756,N,VIIRS,l,2.0NRT,309.05,2.77,D,vadodara,VIIRS_SNPP_NRT
22.17157,73.27742,344.14,0.51,0.49,2026-05-17,756,N,VIIRS,n,2.0NRT,310.38,8.39,D,vadodara,VIIRS_SNPP_NRT
22.17576,73.27958,344.68,0.51,0.49,2026-05-17,756,N,VIIRS,n,2.0NRT,310.9,6.28,D,vadodara,VIIRS_SNPP_NRT
22.35525,73.24023,338.74,0.61,0.53,2026-05-19,900,N,VIIRS,l,2.0NRT,312.42,8.61,D,vadodara,VIIRS_SNPP_NRT
22.11366,73.01243,340.85,0.47,0.39,2026-05-20,839,N,VIIRS,l,2.0NRT,312.78,6.96,D,vadodara,VIIRS_SNPP_NRT
22.13986,73.12446,341.52,0.47,0.4,2026-05-20,839,N,VIIRS,l,2.0NRT,315.6,5.83,D,vadodara,VIIRS_SNPP_NRT
22.39892,73.32332,348.42,0.49,0.4,2026-05-20,839,N,VIIRS,n,2.0NRT,315.86,15.97,D,vadodara,VIIRS_SNPP_NRT
22.17602,73.11868,341.8,0.39,0.36,2026-05-21,822,N,VIIRS,l,2.0NRT,312.58,5.94,D,vadodara,VIIRS_SNPP_NRT
22.22299,73.24883,341.52,0.41,0.45,2026-05-22,803,N,VIIRS,n,2.0NRT,302.01,3.78,D,vadodara,VIIRS_SNPP_NRT
22.22322,73.3102,334.84,0.41,0.45,2026-05-22,803,N,VIIRS,n,2.0NRT,302.22,2.86,D,vadodara,VIIRS_SNPP_NRT
22.22626,73.30958,335.5,0.41,0.45,2026-05-22,803,N,VIIRS,n,2.0NRT,301.76,2.46,D,vadodara,VIIRS_SNPP_NRT
22.24541,73.27679,335.01,0.41,0.45,2026-05-22,803,N,VIIRS,n,2.0NRT,301.77,2.37,D,vadodara,VIIRS_SNPP_NRT
22.24949,73.27592,333.41,0.41,0.45,2026-05-22,803,N,VIIRS,n,2.0NRT,302.61,1.67,D,vadodara,VIIRS_SNPP_NRT
22.25535,73.15069,333.13,0.42,0.45,2026-05-22,803,N,VIIRS,l,2.0NRT,304.58,2.18,D,vadodara,VIIRS_SNPP_NRT
22.397,73.25698,341.72,0.41,0.45,2026-05-22,803,N,VIIRS,n,2.0NRT,305.81,2.58,D,vadodara,VIIRS_SNPP_NRT
22.43383,73.36266,335.24,0.4,0.44,2026-05-22,803,N,VIIRS,l,2.0NRT,306.27,3.1,D,vadodara,VIIRS_SNPP_NRT
22.203,73.17523,331.83,0.41,0.6,2026-05-23,744,N,VIIRS,n,2.0NRT,299.47,2.99,D,vadodara,VIIRS_SNPP_NRT
22.22053,73.24231,330.95,0.77,0.77,2026-05-23,926,N,VIIRS,n,2.0NRT,295.48,2.25,D,vadodara,VIIRS_SNPP_NRT
22.18671,73.16098,367.0,0.38,0.59,2026-05-24,905,N,VIIRS,h,2.0NRT,299.15,6.45,D,vadodara,VIIRS_SNPP_NRT
22.32105,73.28194,336.47,0.39,0.44,2026-05-25,848,N,VIIRS,n,2.0NRT,306.38,1.52,D,vadodara,VIIRS_SNPP_NRT
22.14731,73.20878,340.2,0.39,0.36,2026-05-26,828,N,VIIRS,l,2.0NRT,313.13,2.78,D,vadodara,VIIRS_SNPP_NRT
22.18668,73.38184,341.17,0.39,0.36,2026-05-26,828,N,VIIRS,l,2.0NRT,312.42,2.0,D,vadodara,VIIRS_SNPP_NRT
22.19844,73.18002,334.79,0.39,0.36,2026-05-26,2057,N,VIIRS,n,2.0NRT,299.32,2.43,N,vadodara,VIIRS_SNPP_NRT
22.13438,73.09391,339.4,0.51,0.41,2026-05-27,809,N,VIIRS,l,2.0NRT,310.69,4.45,D,vadodara,VIIRS_SNPP_NRT
22.13495,73.09158,336.1,0.52,0.41,2026-05-27,809,N,VIIRS,l,2.0NRT,310.15,3.38,D,vadodara,VIIRS_SNPP_NRT
22.20741,73.37846,344.02,0.63,0.54,2026-05-28,750,N,VIIRS,n,2.0NRT,308.82,7.02,D,vadodara,VIIRS_SNPP_NRT
22.23494,73.24268,346.14,0.32,0.55,2026-05-28,750,N,VIIRS,n,2.0NRT,310.75,3.12,D,vadodara,VIIRS_SNPP_NRT
22.23634,73.24434,347.31,0.32,0.55,2026-05-28,750,N,VIIRS,n,2.0NRT,310.08,3.92,D,vadodara,VIIRS_SNPP_NRT
22.39052,73.37997,332.2,0.5,0.49,2026-05-30,854,N,VIIRS,l,2.0NRT,303.97,3.36,D,vadodara,VIIRS_SNPP_NRT
22.12745,73.11249,334.31,0.41,0.37,2026-05-31,835,N,VIIRS,l,2.0NRT,306.2,3.3,D,vadodara,VIIRS_SNPP_NRT
22.12747,73.08811,348.63,0.41,0.37,2026-05-31,835,N,VIIRS,n,2.0NRT,306.58,13.43,D,vadodara,VIIRS_SNPP_NRT
22.42947,73.25785,345.86,0.42,0.37,2026-05-31,835,N,VIIRS,n,2.0NRT,306.24,7.25,D,vadodara,VIIRS_SNPP_NRT
22.44243,73.37628,339.7,0.42,0.38,2026-05-31,835,N,VIIRS,n,2.0NRT,306.79,5.39,D,vadodara,VIIRS_SNPP_NRT
22.18602,73.37823,337.85,0.49,0.4,2026-06-05,841,N,VIIRS,n,2.0NRT,304.67,5.05,D,vadodara,VIIRS_SNPP_NRT
22.21607,73.34492,333.63,0.4,0.45,2026-06-07,803,N,VIIRS,n,2.0NRT,302.35,1.85,D,vadodara,VIIRS_SNPP_NRT
22.21074,73.17352,333.64,0.41,0.6,2026-06-08,746,N,VIIRS,n,2.0NRT,297.59,3.71,D,vadodara,VIIRS_SNPP_NRT
22.21208,73.17377,330.35,0.41,0.6,2026-06-08,746,N,VIIRS,n,2.0NRT,297.42,2.97,D,vadodara,VIIRS_SNPP_NRT
22.37701,73.24802,335.95,0.4,0.6,2026-06-08,746,N,VIIRS,n,2.0NRT,297.79,1.4,D,vadodara,VIIRS_SNPP_NRT
22.23131,73.32719,335.11,0.39,0.44,2026-06-10,848,N,VIIRS,l,2.0NRT,305.48,2.95,D,vadodara,VIIRS_SNPP_NRT
22.1884,73.36977,314.03,0.39,0.44,2026-06-10,2116,N,VIIRS,n,2.0NRT,296.05,3.53,N,vadodara,VIIRS_SNPP_NRT
22.2585,73.36123,332.72,0.49,0.65,2026-06-14,913,N,VIIRS,n,2.0NRT,298.71,1.2,D,vadodara,VIIRS_SNPP_NRT
22.25879,73.36234,330.67,0.5,0.65,2026-06-14,913,N,VIIRS,n,2.0NRT,299.02,1.88,D,vadodara,VIIRS_SNPP_NRT
22.22091,73.23485,340.37,0.42,0.37,2026-06-16,837,N,VIIRS,n,2.0NRT,308.89,6.13,D,vadodara,VIIRS_SNPP_NRT
22.43152,73.23392,340.5,0.48,0.4,2026-06-21,841,N,VIIRS,n,2.0NRT,307.09,8.04,D,vadodara,VIIRS_SNPP_NRT
22.43561,73.09082,338.51,0.48,0.4,2026-06-21,841,N,VIIRS,n,2.0NRT,306.95,4.76,D,vadodara,VIIRS_SNPP_NRT
22.16138,73.35177,330.22,0.4,0.6,2026-06-24,746,N,VIIRS,n,2.0NRT,295.05,3.33,D,vadodara,VIIRS_SNPP_NRT
22.44666,73.31448,334.24,0.39,0.59,2026-06-25,907,N,VIIRS,n,2.0NRT,296.22,1.22,D,vadodara,VIIRS_SNPP_NRT
22.32074,73.34248,342.19,0.39,0.44,2026-06-26,848,N,VIIRS,n,2.0NRT,303.53,6.01,D,vadodara,VIIRS_SNPP_NRT
22.3936,73.2639,334.65,0.39,0.44,2026-06-26,848,N,VIIRS,n,2.0NRT,301.7,3.62,D,vadodara,VIIRS_SNPP_NRT
22.38283,73.12825,311.15,0.38,0.36,2026-06-27,2057,N,VIIRS,n,2.0NRT,292.29,3.56,N,vadodara,VIIRS_SNPP_NRT
22.38937,73.11508,295.06,0.43,0.62,2026-08-27,2017,N,VIIRS,n,2.0NRT,272.37,0.59,N,vadodara,VIIRS_SNPP_NRT
21.66479,73.00563,332.89,0.38,0.36,2024-01-17,817,N21,VIIRS,n,2.0NRT,303.1,2.89,D,bharuch,VIIRS_NOAA21_NRT
21.76428,73.10349,337.79,0.53,0.42,2024-01-18,758,N21,VIIRS,n,2.0NRT,307.39,26.55,D,bharuch,VIIRS_NOAA21_NRT
21.62343,72.97357,318.25,0.47,0.64,2024-01-20,2129,N21,VIIRS,n,2.0NRT,286.43,2.76,N,bharuch,VIIRS_NOAA21_NRT
21.62582,72.97398,346.44,0.45,0.47,2024-01-21,841,N21,VIIRS,n,2.0NRT,306.02,7.39,D,bharuch,VIIRS_NOAA21_NRT
21.59033,72.94035,336.8,0.4,0.37,2024-01-22,824,N21,VIIRS,n,2.0NRT,304.86,2.32,D,bharuch,VIIRS_NOAA21_NRT
21.75711,73.02003,333.91,0.4,0.37,2024-01-22,824,N21,VIIRS,n,2.0NRT,305.87,1.96,D,bharuch,VIIRS_NOAA21_NRT
21.62401,72.97421,310.22,0.41,0.37,2024-01-22,2053,N21,VIIRS,n,2.0NRT,287.32,1.35,N,bharuch,VIIRS_NOAA21_NRT
21.64094,72.95773,330.2,0.58,0.7,2024-01-25,909,N21,VIIRS,l,2.0NRT,302.01,6.5,D,bharuch,VIIRS_NOAA21_NRT
21.7097,73.13675,330.06,0.46,0.39,2024-01-27,830,N21,VIIRS,n,2.0NRT,304.04,1.93,D,bharuch,VIIRS_NOAA21_NRT
21.58698,72.96062,334.55,0.55,0.43,2024-02-03,758,N21,VIIRS,n,2.0NRT,306.05,3.87,D,bharuch,VIIRS_NOAA21_NRT
21.55573,73.08161,332.35,0.46,0.39,2024-02-08,805,N21,VIIRS,n,2.0NRT,305.57,2.6,D,bharuch,VIIRS_NOAA21_NRT
21.61181,73.02024,350.06,0.58,0.69,2024-02-10,909,N21,VIIRS,n,2.0NRT,301.14,8.16,D,bharuch,VIIRS_NOAA21_NRT
21.58327,73.10751,338.06,0.54,0.42,2024-02-17,834,N21,VIIRS,n,2.0NRT,312.29,6.69,D,bharuch,VIIRS_NOAA21_NRT
21.79984,73.05294,337.98,0.56,0.51,2024-02-25,745,N21,VIIRS,n,2.0NRT,307.1,3.3,D,bharuch,VIIRS_NOAA21_NRT
21.6258,72.92217,300.15,0.56,0.51,2024-02-25,2014,N21,VIIRS,n,2.0NRT,286.49,0.73,N,bharuch,VIIRS_NOAA21_NRT
21.60315,72.93686,332.62,0.36,0.57,2024-03-07,739,N21,VIIRS,n,2.0NRT,305.25,1.89,D,bharuch,VIIRS_NOAA21_NRT
21.62667,72.94537,331.79,0.36,0.57,2024-03-07,739,N21,VIIRS,n,2.0NRT,303.57,0.9,D,bharuch,VIIRS_NOAA21_NRT
21.56489,73.05753,338.2,0.71,0.75,2024-03-08,722,N21,VIIRS,n,2.0NRT,302.79,7.59,D,bharuch,VIIRS_NOAA21_NRT
21.81828,73.04423,336.03,0.55,0.51,2024-03-12,746,N21,VIIRS,n,2.0NRT,306.91,4.58,D,bharuch,VIIRS_NOAA21_NRT
21.7775,73.07245,336.37,0.44,0.46,2024-03-17,752,N21,VIIRS,n,2.0NRT,310.65,2.51,D,bharuch,VIIRS_NOAA21_NRT
21.73089,72.90878,333.42,0.74,0.76,2024-03-18,913,N21,VIIRS,n,2.0NRT,305.17,3.72,D,bharuch,VIIRS_NOAA21_NRT
21.61974,72.95106,339.49,0.54,0.42,2024-03-20,835,N21,VIIRS,n,2.0NRT,313.71,6.21,D,bharuch,VIIRS_NOAA21_NRT
21.65501,73.1319,304.02,0.34,0.56,2024-03-23,2008,N21,VIIRS,n,2.0NRT,287.13,1.38,N,bharuch,VIIRS_NOAA21_NRT
21.78679,72.9173,338.44,0.46,0.63,2024-03-24,902,N21,VIIRS,l,2.0NRT,313.07,2.43,D,bharuch,VIIRS_NOAA21_NRT
21.80379,72.98217,340.38,0.45,0.47,2024-03-25,843,N21,VIIRS,l,2.0NRT,314.66,5.82,D,bharuch,VIIRS_NOAA21_NRT
21.61367,73.11031,346.76,0.4,0.37,2024-03-26,824,N21,VIIRS,n,2.0NRT,318.85,9.29,D,bharuch,VIIRS_NOAA21_NRT
21.79085,72.90351,343.17,0.4,0.37,2024-03-26,824,N21,VIIRS,l,2.0NRT,316.32,4.22,D,bharuch,VIIRS_NOAA21_NRT
21.79466,72.97871,330.78,0.75,0.77,2024-04-03,913,N21,VIIRS,n,2.0NRT,299.47,2.87,D,bharuch,VIIRS_NOAA21_NRT
21.55064,73.09838,331.92,0.7,0.75,2024-04-09,722,N21,VIIRS,l,2.0NRT,304.34,7.13,D,bharuch,VIIRS_NOAA21_NRT
21.68879,72.91431,340.57,0.46,0.39,2024-04-12,805,N21,VIIRS,n,2.0NRT,311.89,7.6,D,bharuch,VIIRS_NOAA21_NRT
21.64645,73.11371,344.75,0.55,0.51,2024-04-13,746,N21,VIIRS,n,2.0NRT,307.57,11.08,D,bharuch,VIIRS_NOAA21_NRT
21.64729,73.1114,343.33,0.55,0.51,2024-04-13,746,N21,VIIRS,n,2.0NRT,307.78,11.89,D,bharuch,VIIRS_NOAA21_NRT
21.81687,73.03354,341.45,0.55,0.51,2024-04-13,746,N21,VIIRS,n,2.0NRT,305.19,6.08,D,bharuch,VIIRS_NOAA21_NRT
21.82621,72.95325,330.0,0.56,0.69,2024-04-14,729,N21,VIIRS,n,2.0NRT,293.78,3.05,D,bharuch,VIIRS_NOAA21_NRT
21.5686,73.0517,337.46,0.58,0.52,2024-04-15,850,N21,VIIRS,n,2.0NRT,307.21,7.61,D,bharuch,VIIRS_NOAA21_NRT
21.77994,73.01945,339.89,0.4,0.37,2024-04-17,811,N21,VIIRS,l,2.0NRT,314.65,6.59,D,bharuch,VIIRS_NOAA21_NRT
21.84856,73.02531,338.8,0.38,0.36,2024-04-22,818,N21,VIIRS,l,2.0NRT,312.83,3.92,D,bharuch,VIIRS_NOAA21_NRT
21.81128,73.03849,336.55,0.55,0.51,2024-04-29,746,N21,VIIRS,l,2.0NRT,309.93,5.03,D,bharuch,VIIRS_NOAA21_NRT
21.5664,72.95476,367.0,0.58,0.7,2024-04-30,907,N21,VIIRS,h,2.0NRT,307.38,15.73,D,bharuch,VIIRS_NOAA21_NRT
21.57031,72.9517,346.63,0.58,0.7,2024-04-30,907,N21,VIIRS,n,2.0NRT,306.78,12.1,D,bharuch,VIIRS_NOAA21_NRT
21.70761,72.9248,351.63,0.45,0.47,2024-05-04,752,N21,VIIRS,n,2.0NRT,315.63,16.89,D,bharuch,VIIRS_NOAA21_NRT
21.69244,72.93906,337.01,0.45,0.63,2024-05-05,733,N21,VIIRS,n,2.0NRT,304.58,6.78,D,bharuch,VIIRS_NOAA21_NRT
21.61356,72.98598,367.0,0.36,0.57,2024-05-06,856,N21,VIIRS,h,2.0NRT,309.18,7.47,D,bharuch,VIIRS_NOAA21_NRT
21.67043,73.07784,341.12,0.36,0.58,2024-05-06,856,N21,VIIRS,n,2.0NRT,310.3,6.96,D,bharuch,VIIRS_NOAA21_NRT
21.76092,73.01005,339.64,0.38,0.36,2024-05-08,818,N21,VIIRS,l,2.0NRT,312.21,7.22,D,bharuch,VIIRS_NOAA21_NRT
21.73729,72.9564,337.13,0.55,0.43,2024-05-09,758,N21,VIIRS,n,2.0NRT,305.36,3.07,D,bharuch,VIIRS_NOAA21_NRT
21.55246,73.00182,347.33,0.46,0.39,2024-05-14,805,N21,VIIRS,n,2.0NRT,308.56,12.6,D,bharuch,VIIRS_NOAA21_NRT
21.55322,73.00618,343.1,0.46,0.39,2024-05-14,805,N21,VIIRS,n,2.0NRT,308.6,9.04,D,bharuch,VIIRS_NOAA21_NRT
21.56313,72.99971,332.61,0.46,0.39,2024-05-14,805,N21,VIIRS,l,2.0NRT,307.59,4.06,D,bharuch,VIIRS_NOAA21_NRT
21.74219,73.01064,316.75,0.56,0.51,2024-05-15,2017,N21,VIIRS,n,2.0NRT,297.08,2.8,N,bharuch,VIIRS_NOAA21_NRT
21.64723,73.14124,339.5,0.46,0.39,2024-05-18,830,N21,VIIRS,l,2.0NRT,312.26,7.74,D,bharuch,VIIRS_NOAA21_NRT
21.76102,72.96603,340.83,0.45,0.39,2024-05-18,830,N21,VIIRS,l,2.0NRT,314.93,13.36,D,bharuch,VIIRS_NOAA21_NRT
21.75994,73.01009,339.76,0.45,0.47,2024-05-20,752,N21,VIIRS,n,2.0NRT,309.29,4.39,D,bharuch,VIIRS_NOAA21_NRT
21.71258,72.92058,332.74,0.46,0.64,2024-05-21,733,N21,VIIRS,l,2.0NRT,303.51,3.76,D,bharuch,VIIRS_NOAA21_NRT
21.55929,72.90199,338.79,0.56,0.43,2024-05-25,758,N21,VIIRS,n,2.0NRT,306.28,1.99,D,bharuch,VIIRS_NOAA21_NRT
21.70888,73.05397,337.95,0.55,0.42,2024-05-25,758,N21,VIIRS,l,2.0NRT,308.85,5.85,D,bharuch,VIIRS_NOAA21_NRT
21.65195,72.9125,331.8,0.44,0.46,2024-05-28,843,N21,VIIRS,l,2.0NRT,304.66,4.75,D,bharuch,VIIRS_NOAA21_NRT
21.65221,72.91306,332.62,0.44,0.46,2024-05-28,843,N21,VIIRS,l,2.0NRT,304.62,6.4,D,bharuch,VIIRS_NOAA21_NRT
21.64324,72.92262,330.65,0.45,0.39,2024-06-03,830,N21,VIIRS,n,2.0NRT,294.72,3.09,D,bharuch,VIIRS_NOAA21_NRT
21.77419,73.04489,341.95,0.45,0.47,2024-06-05,752,N21,VIIRS,n,2.0NRT,299.63,3.74,D,bharuch,VIIRS_NOAA21_NRT
21.56635,72.91688,338.56,0.35,0.57,2024-06-07,856,N21,VIIRS,n,2.0NRT,295.42,2.75,D,bharuch,VIIRS_NOAA21_NRT
21.56739,72.91788,332.72,0.35,0.57,2024-06-07,856,N21,VIIRS,n,2.0NRT,294.91,2.19,D,bharuch,VIIRS_NOAA21_NRT
21.59054,73.12349,340.13,0.35,0.57,2024-06-11,739,N21,VIIRS,n,2.0NRT,294.62,3.3,D,bharuch,VIIRS_NOAA21_NRT
21.59359,73.12109,342.55,0.35,0.57,2024-06-11,739,N21,VIIRS,n,2.0NRT,295.04,5.06,D,bharuch,VIIRS_NOAA21_NRT
21.84323,73.04753,331.82,0.46,0.64,2024-06-12,902,N21,VIIRS,n,2.0NRT,290.07,3.79,D,bharuch,VIIRS_NOAA21_NRT
21.65696,72.97418,331.67,0.45,0.47,2024-06-13,843,N21,VIIRS,l,2.0NRT,301.96,3.06,D,bharuch,VIIRS_NOAA21_NRT
21.63812,73.03022,313.39,0.41,0.37,2024-11-05,2055,N21,VIIRS,n,2.0NRT,295.18,1.26,N,bharuch,VIIRS_NOAA21_NRT
21.73828,73.01408,310.6,0.44,0.38,2024-11-06,2036,N21,VIIRS,n,2.0NRT,298.06,1.45,N,bharuch,VIIRS_NOAA21_NRT
21.74556,72.96834,337.6,0.37,0.58,2024-11-14,858,N21,VIIRS,n,2.0NRT,306.74,3.19,D,bharuch,VIIRS_NOAA21_NRT
21.56175,73.06082,332.32,0.38,0.36,2024-11-16,820,N21,VIIRS,n,2.0NRT,304.8,1.98,D,bharuch,VIIRS_NOAA21_NRT
21.7323,72.95619,334.64,0.38,0.36,2024-11-16,820,N21,VIIRS,n,2.0NRT,307.71,2.55,D,bharuch,VIIRS_NOAA21_NRT
21.60738,72.9747,331.06,0.46,0.47,2024-11-20,845,N21,VIIRS,n,2.0NRT,299.98,2.77,D,bharuch,VIIRS_NOAA21_NRT
21.60375,72.92898,300.28,0.44,0.38,2024-11-22,2038,N21,VIIRS,n,2.0NRT,289.12,0.6,N,bharuch,VIIRS_NOAA21_NRT
21.5945,72.96166,331.98,0.4,0.37,2024-12-07,826,N21,VIIRS,n,2.0NRT,301.52,2.78,D,bharuch,VIIRS_NOAA21_NRT
21.83743,73.11646,336.23,0.44,0.38,2024-12-08,807,N21,VIIRS,n,2.0NRT,303.22,2.4,D,bharuch,VIIRS_NOAA21_NRT
21.64033,73.03092,297.4,0.43,0.38,2024-12-08,2036,N21,VIIRS,n,2.0NRT,287.14,0.55,N,bharuch,VIIRS_NOAA21_NRT
21.72277,72.92205,339.99,0.37,0.58,2024-12-16,858,N21,VIIRS,n,2.0NRT,306.95,2.71,D,bharuch,VIIRS_NOAA21_NRT
21.81086,73.0656,332.77,0.4,0.37,2025-01-08,826,N21,VIIRS,n,2.0NRT,305.12,1.52,D,bharuch,VIIRS_NOAA21_NRT
21.60338,72.95612,318.37,0.46,0.39,2025-01-29,2059,N21,VIIRS,n,2.0NRT,288.4,2.2,N,bharuch,VIIRS_NOAA21_NRT
21.60113,72.90649,338.56,0.41,0.37,2025-01-30,811,N21,VIIRS,l,2.0NRT,308.95,3.71,D,bharuch,VIIRS_NOAA21_NRT
21.62715,73.14898,337.88,0.4,0.37,2025-01-30,811,N21,VIIRS,n,2.0NRT,306.77,1.43,D,bharuch,VIIRS_NOAA21_NRT
21.80964,73.11179,350.42,0.4,0.37,2025-01-30,811,N21,VIIRS,n,2.0NRT,309.05,5.93,D,bharuch,VIIRS_NOAA21_NRT
21.60601,73.00512,304.25,0.36,0.58,2025-02-02,2127,N21,VIIRS,n,2.0NRT,287.33,0.57,N,bharuch,VIIRS_NOAA21_NRT
21.59359,72.97157,298.62,0.45,0.39,2025-02-10,2036,N21,VIIRS,n,2.0NRT,288.23,0.28,N,bharuch,VIIRS_NOAA21_NRT
21.56292,72.97402,336.56,0.4,0.37,2025-03-03,811,N21,VIIRS,n,2.0NRT,310.76,4.21,D,bharuch,VIIRS_NOAA21_NRT
21.56174,72.98992,300.81,0.44,0.63,2025-03-05,2004,N21,VIIRS,n,2.0NRT,290.32,0.56,N,bharuch,VIIRS_NOAA21_NRT
21.65573,73.00149,336.02,0.36,0.57,2025-03-06,856,N21,VIIRS,n,2.0NRT,308.7,3.11,D,bharuch,VIIRS_NOAA21_NRT
21.6658,73.10613,342.9,0.37,0.58,2025-03-06,856,N21,VIIRS,n,2.0NRT,310.99,3.63,D,bharuch,VIIRS_NOAA21_NRT
21.66614,73.10964,336.53,0.37,0.58,2025-03-06,856,N21,VIIRS,n,2.0NRT,310.45,3.87,D,bharuch,VIIRS_NOAA21_NRT
21.60295,73.00349,314.14,0.44,0.39,2025-03-14,2036,N21,VIIRS,n,2.0NRT,295.11,2.24,N,bharuch,VIIRS_NOAA21_NRT
21.7387,73.01472,317.88,0.44,0.39,2025-03-14,2036,N21,VIIRS,n,2.0NRT,298.22,2.94,N,bharuch,VIIRS_NOAA21_NRT
21.79328,72.93134,331.63,0.58,0.7,2025-03-16,909,N21,VIIRS,l,2.0NRT,306.61,2.82,D,bharuch,VIIRS_NOAA21_NRT
21.60589,72.98257,334.0,0.36,0.57,2025-03-22,856,N21,VIIRS,l,2.0NRT,307.7,1.21,D,bharuch,VIIRS_NOAA21_NRT
21.77474,73.0754,334.87,0.35,0.57,2025-03-26,741,N21,VIIRS,n,2.0NRT,305.54,1.71,D,bharuch,VIIRS_NOAA21_NRT
21.77695,73.07413,340.54,0.35,0.57,2025-03-26,741,N21,VIIRS,n,2.0NRT,307.45,4.47,D,bharuch,VIIRS_NOAA21_NRT
21.64218,72.93866,341.76,0.4,0.37,2025-03-29,826,N21,VIIRS,l,2.0NRT,315.77,3.9,D,bharuch,VIIRS_NOAA21_NRT
21.78281,73.0781,337.77,0.45,0.39,2025-03-30,805,N21,VIIRS,l,2.0NRT,312.21,2.95,D,bharuch,VIIRS_NOAA21_NRT
21.56244,72.91654,327.34,0.4,0.37,2025-04-04,2042,N21,VIIRS,n,2.0NRT,296.52,2.49,N,bharuch,VIIRS_NOAA21_NRT
21.59134,72.99947,312.44,0.4,0.37,2025-04-04,2042,N21,VIIRS,n,2.0NRT,295.87,1.32,N,bharuch,VIIRS_NOAA21_NRT
21.58705,73.10233,337.83,0.54,0.42,2025-04-10,801,N21,VIIRS,l,2.0NRT,310.13,4.73,D,bharuch,VIIRS_NOAA21_NRT
21.58994,73.09637,333.35,0.54,0.42,2025-04-10,801,N21,VIIRS,l,2.0NRT,307.6,4.73,D,bharuch,VIIRS_NOAA21_NRT
21.77669,73.01286,343.8,0.45,0.47,2025-04-13,843,N21,VIIRS,n,2.0NRT,316.9,9.84,D,bharuch,VIIRS_NOAA21_NRT
21.73842,73.01138,308.41,0.57,0.52,2025-04-18,2118,N21,VIIRS,n,2.0NRT,298.06,2.81,N,bharuch,VIIRS_NOAA21_NRT
21.73943,73.01563,317.14,0.46,0.39,2025-04-19,2059,N21,VIIRS,n,2.0NRT,299.84,2.03,N,bharuch,VIIRS_NOAA21_NRT
21.7101,73.14046,336.74,0.36,0.57,2025-04-23,856,N21,VIIRS,l,2.0NRT,310.65,4.68,D,bharuch,VIIRS_NOAA21_NRT
21.66687,72.98366,337.88,0.38,0.36,2025-04-25,818,N21,VIIRS,l,2.0NRT,312.82,3.58,D,bharuch,VIIRS_NOAA21_NRT
21.82521,73.05769,340.4,0.38,0.36,2025-04-25,818,N21,VIIRS,l,2.0NRT,312.65,3.25,D,bharuch,VIIRS_NOAA21_NRT
21.60922,73.07599,336.03,0.45,0.63,2025-04-28,902,N21,VIIRS,n,2.0NRT,304.72,4.04,D,bharuch,VIIRS_NOAA21_NRT
21.60962,73.08033,343.37,0.45,0.63,2025-04-28,902,N21,VIIRS,n,2.0NRT,305.54,5.61,D,bharuch,VIIRS_NOAA21_NRT
21.60978,73.07751,367.0,0.45,0.63,2025-04-28,902,N21,VIIRS,h,2.0NRT,305.46,7.18,D,bharuch,VIIRS_NOAA21_NRT
21.78547,72.96577,345.41,0.57,0.69,2025-05-03,907,N21,VIIRS,n,2.0NRT,314.87,6.38,D,bharuch,VIIRS_NOAA21_NRT
21.82886,73.02853,340.6,0.58,0.7,2025-05-03,907,N21,VIIRS,n,2.0NRT,312.48,3.99,D,bharuch,VIIRS_NOAA21_NRT
21.6709,72.97483,330.03,0.55,0.43,2025-05-12,801,N21,VIIRS,n,2.0NRT,299.29,2.38,D,bharuch,VIIRS_NOAA21_NRT
21.68638,72.92818,333.68,0.55,0.43,2025-05-12,801,N21,VIIRS,n,2.0NRT,301.38,3.12,D,bharuch,VIIRS_NOAA21_NRT
21.58804,73.13519,334.21,0.4,0.37,2025-05-16,826,N21,VIIRS,n,2.0NRT,301.8,3.78,D,bharuch,VIIRS_NOAA21_NRT
21.80049,73.05369,337.71,0.4,0.37,2025-05-16,826,N21,VIIRS,n,2.0NRT,302.83,2.8,D,bharuch,VIIRS_NOAA21_NRT
21.77652,72.97306,331.78,0.46,0.39,2025-05-17,805,N21,VIIRS,l,2.0NRT,298.28,1.72,D,bharuch,VIIRS_NOAA21_NRT
21.77812,73.04843,335.9,0.55,0.43,2025-06-11,837,N21,VIIRS,n,2.0NRT,301.53,2.79,D,bharuch,VIIRS_NOAA21_NRT
21.72827,72.94895,322.99,0.59,0.53,2025-09-09,2121,N21,VIIRS,n,2.0NRT,288.78,5.61,N,bharuch,VIIRS_NOAA21_NRT
21.74004,73.01041,302.16,0.37,0.58,2025-09-30,2125,N21,VIIRS,n,2.0NRT,287.47,0.9,N,bharuch,VIIRS_NOAA21_NRT
21.56265,72.91781,315.39,0.54,0.42,2025-11-02,2105,N21,VIIRS,n,2.0NRT,293.23,2.54,N,bharuch,VIIRS_NOAA21_NRT
21.56159,72.91698,320.6,0.38,0.36,2025-11-03,2046,N21,VIIRS,n,2.0NRT,295.56,1.32,N,bharuch,VIIRS_NOAA21_NRT
21.56266,72.91634,318.23,0.55,0.42,2025-11-04,2027,N21,VIIRS,n,2.0NRT,294.5,2.56,N,bharuch,VIIRS_NOAA21_NRT
21.56392,72.91354,323.67,0.36,0.58,2025-11-05,2010,N21,VIIRS,n,2.0NRT,293.47,2.58,N,bharuch,VIIRS_NOAA21_NRT
21.56614,72.91624,308.3,0.75,0.77,2025-11-06,1951,N21,VIIRS,n,2.0NRT,289.66,2.3,N,bharuch,VIIRS_NOAA21_NRT
21.55962,72.91728,314.31,0.45,0.63,2025-11-06,2131,N21,VIIRS,n,2.0NRT,290.89,2.95,N,bharuch,VIIRS_NOAA21_NRT
21.56057,72.9131,308.65,0.45,0.63,2025-11-06,2131,N21,VIIRS,n,2.0NRT,290.06,2.63,N,bharuch,VIIRS_NOAA21_NRT
21.56317,72.91642,337.22,0.43,0.46,2025-11-07,843,N21,VIIRS,n,2.0NRT,303.81,3.7,D,bharuch,VIIRS_NOAA21_NRT
21.5621,72.91543,325.54,0.45,0.47,2025-11-07,2112,N21,VIIRS,n,2.0NRT,291.15,3.17,N,bharuch,VIIRS_NOAA21_NRT
21.56216,72.91611,333.7,0.4,0.37,2025-11-08,824,N21,VIIRS,n,2.0NRT,305.57,4.56,D,bharuch,VIIRS_NOAA21_NRT
21.56307,72.91569,326.48,0.4,0.37,2025-11-08,2055,N21,VIIRS,n,2.0NRT,290.62,1.74,N,bharuch,VIIRS_NOAA21_NRT
21.56421,72.91442,328.29,0.45,0.39,2025-11-09,2033,N21,VIIRS,n,2.0NRT,289.31,4.34,N,bharuch,VIIRS_NOAA21_NRT
21.56308,72.91598,322.76,0.57,0.52,2025-11-10,2016,N21,VIIRS,n,2.0NRT,290.17,2.47,N,bharuch,VIIRS_NOAA21_NRT
21.56051,72.91673,300.19,0.58,0.7,2025-11-11,1955,N21,VIIRS,n,2.0NRT,289.91,1.25,N,bharuch,VIIRS_NOAA21_NRT
21.56097,72.91113,304.79,0.58,0.7,2025-11-11,1955,N21,VIIRS,n,2.0NRT,288.53,1.25,N,bharuch,VIIRS_NOAA21_NRT
21.56286,72.9157,310.65,0.57,0.69,2025-11-11,2137,N21,VIIRS,n,2.0NRT,289.38,1.33,N,bharuch,VIIRS_NOAA21_NRT
21.56017,72.91752,303.77,0.57,0.52,2025-11-12,2118,N21,VIIRS,n,2.0NRT,290.35,1.08,N,bharuch,VIIRS_NOAA21_NRT
21.56319,72.91457,314.49,0.56,0.52,2025-11-12,2118,N21,VIIRS,n,2.0NRT,289.44,2.21,N,bharuch,VIIRS_NOAA21_NRT
21.56326,72.91637,322.67,0.46,0.39,2025-11-13,2059,N21,VIIRS,n,2.0NRT,290.75,2.58,N,bharuch,VIIRS_NOAA21_NRT
21.56191,72.91485,336.32,0.41,0.37,2025-11-14,811,N21,VIIRS,n,2.0NRT,304.74,5.82,D,bharuch,VIIRS_NOAA21_NRT
21.75748,72.95428,334.15,0.41,0.37,2025-11-14,811,N21,VIIRS,n,2.0NRT,305.96,3.33,D,bharuch,VIIRS_NOAA21_NRT
21.56156,72.91702,305.58,0.4,0.37,2025-11-14,2042,N21,VIIRS,n,2.0NRT,291.22,0.93,N,bharuch,VIIRS_NOAA21_NRT
21.56276,72.91713,306.19,0.38,0.36,2025-11-19,2048,N21,VIIRS,n,2.0NRT,290.05,0.79,N,bharuch,VIIRS_NOAA21_NRT
21.59239,72.99798,367.0,0.35,0.57,2025-11-21,2010,N21,VIIRS,h,2.0NRT,296.09,11.12,N,bharuch,VIIRS_NOAA21_NRT
21.56251,72.91402,332.32,0.58,0.52,2025-11-26,748,N21,VIIRS,n,2.0NRT,296.95,5.25,D,bharuch,VIIRS_NOAA21_NRT
21.56365,72.91583,302.0,0.46,0.47,2025-12-09,2114,N21,VIIRS,n,2.0NRT,287.5,0.75,N,bharuch,VIIRS_NOAA21_NRT
21.63381,73.10432,311.27,0.53,0.5,2025-12-28,2018,N21,VIIRS,n,2.0NRT,288.58,1.48,N,bharuch,VIIRS_NOAA21_NRT
21.64297,72.91116,367.0,0.57,0.69,2025-12-29,730,N21,VIIRS,h,2.0NRT,300.01,16.02,D,bharuch,VIIRS_NOAA21_NRT
21.62208,73.0502,305.55,0.34,0.56,2026-01-08,2010,N21,VIIRS,n,2.0NRT,288.73,1.3,N,bharuch,VIIRS_NOAA21_NRT
21.59414,72.92085,333.59,0.45,0.39,2026-01-16,832,N21,VIIRS,l,2.0NRT,307.76,3.7,D,bharuch,VIIRS_NOAA21_NRT
21.60546,73.14198,336.02,0.4,0.37,2026-01-17,813,N21,VIIRS,n,2.0NRT,305.69,2.1,D,bharuch,VIIRS_NOAA21_NRT
21.5844,72.96568,332.91,0.55,0.43,2026-01-21,837,N21,VIIRS,n,2.0NRT,304.04,5.59,D,bharuch,VIIRS_NOAA21_NRT
21.56264,72.91402,333.05,0.45,0.39,2026-01-28,807,N21,VIIRS,l,2.0NRT,306.24,3.5,D,bharuch,VIIRS_NOAA21_NRT
21.77107,73.10982,331.84,0.44,0.39,2026-01-28,807,N21,VIIRS,n,2.0NRT,305.5,3.03,D,bharuch,VIIRS_NOAA21_NRT
21.56371,72.91547,327.78,0.44,0.38,2026-01-28,2036,N21,VIIRS,n,2.0NRT,288.18,3.96,N,bharuch,VIIRS_NOAA21_NRT
21.68113,73.08376,297.08,0.44,0.38,2026-01-28,2036,N21,VIIRS,n,2.0NRT,286.29,0.48,N,bharuch,VIIRS_NOAA21_NRT
21.69233,73.08086,335.09,0.4,0.37,2026-02-02,813,N21,VIIRS,n,2.0NRT,302.81,4.75,D,bharuch,VIIRS_NOAA21_NRT
21.80962,73.1098,331.82,0.4,0.37,2026-02-02,813,N21,VIIRS,l,2.0NRT,302.93,4.5,D,bharuch,VIIRS_NOAA21_NRT
21.56596,72.93764,335.55,0.55,0.42,2026-02-06,839,N21,VIIRS,n,2.0NRT,308.16,10.16,D,bharuch,VIIRS_NOAA21_NRT
21.5854,72.90281,332.15,0.54,0.42,2026-02-06,839,N21,VIIRS,n,2.0NRT,306.92,3.13,D,bharuch,VIIRS_NOAA21_NRT
21.59141,72.91654,332.69,0.38,0.36,2026-02-07,820,N21,VIIRS,n,2.0NRT,307.58,1.58,D,bharuch,VIIRS_NOAA21_NRT
21.55764,72.90214,346.93,0.54,0.42,2026-02-08,802,N21,VIIRS,n,2.0NRT,309.31,23.53,D,bharuch,VIIRS_NOAA21_NRT
21.5701,72.91263,331.38,0.35,0.57,2026-02-09,741,N21,VIIRS,n,2.0NRT,306.25,2.18,D,bharuch,VIIRS_NOAA21_NRT
21.64155,72.94585,334.23,0.46,0.39,2026-02-17,832,N21,VIIRS,n,2.0NRT,305.41,4.16,D,bharuch,VIIRS_NOAA21_NRT
21.72808,73.12675,331.41,0.34,0.56,2026-02-25,741,N21,VIIRS,n,2.0NRT,299.66,2.52,D,bharuch,VIIRS_NOAA21_NRT
21.70551,73.10236,341.76,0.4,0.37,2026-03-06,813,N21,VIIRS,n,2.0NRT,315.01,6.88,D,bharuch,VIIRS_NOAA21_NRT
21.68547,73.08015,347.24,0.38,0.36,2026-03-11,820,N21,VIIRS,n,2.0NRT,318.97,4.92,D,bharuch,VIIRS_NOAA21_NRT
21.68168,73.06793,339.89,0.46,0.39,2026-03-21,833,N21,VIIRS,l,2.0NRT,313.04,3.6,D,bharuch,VIIRS_NOAA21_NRT
21.77588,73.07086,339.09,0.4,0.37,2026-03-22,813,N21,VIIRS,l,2.0NRT,313.25,9.81,D,bharuch,VIIRS_NOAA21_NRT
21.78996,73.00909,338.9,0.4,0.37,2026-03-22,813,N21,VIIRS,l,2.0NRT,312.4,3.21,D,bharuch,VIIRS_NOAA21_NRT
21.80792,72.91523,343.97,0.4,0.37,2026-03-22,813,N21,VIIRS,n,2.0NRT,312.99,3.72,D,bharuch,VIIRS_NOAA21_NRT
21.79332,73.10912,339.43,0.44,0.46,2026-03-23,756,N21,VIIRS,n,2.0NRT,304.0,4.34,D,bharuch,VIIRS_NOAA21_NRT
21.79841,72.9804,348.01,0.38,0.36,2026-03-27,820,N21,VIIRS,n,2.0NRT,318.06,4.78,D,bharuch,VIIRS_NOAA21_NRT
21.70767,72.93203,337.07,0.55,0.43,2026-03-28,803,N21,VIIRS,l,2.0NRT,311.31,3.54,D,bharuch,VIIRS_NOAA21_NRT
21.83065,73.00607,337.82,0.54,0.42,2026-03-28,803,N21,VIIRS,l,2.0NRT,311.59,6.84,D,bharuch,VIIRS_NOAA21_NRT
21.82179,72.98246,337.07,0.36,0.57,2026-03-29,741,N21,VIIRS,n,2.0NRT,304.9,4.64,D,bharuch,VIIRS_NOAA21_NRT
21.56278,72.9157,311.53,0.73,0.76,2026-03-30,1951,N21,VIIRS,n,2.0NRT,291.06,2.89,N,bharuch,VIIRS_NOAA21_NRT
21.56373,72.91591,308.48,0.73,0.76,2026-03-30,1951,N21,VIIRS,n,2.0NRT,291.04,2.64,N,bharuch,VIIRS_NOAA21_NRT
21.5625,72.91781,315.33,0.46,0.63,2026-03-30,2131,N21,VIIRS,n,2.0NRT,293.14,2.2,N,bharuch,VIIRS_NOAA21_NRT
21.56432,72.91543,316.52,0.46,0.63,2026-03-30,2131,N21,VIIRS,n,2.0NRT,292.82,1.69,N,bharuch,VIIRS_NOAA21_NRT
21.56256,72.91674,339.77,0.44,0.46,2026-03-31,845,N21,VIIRS,n,2.0NRT,306.43,4.15,D,bharuch,VIIRS_NOAA21_NRT
21.80164,72.93757,338.79,0.44,0.46,2026-03-31,845,N21,VIIRS,n,2.0NRT,304.96,3.32,D,bharuch,VIIRS_NOAA21_NRT
21.81964,73.04902,337.1,0.4,0.37,2026-04-01,826,N21,VIIRS,l,2.0NRT,311.66,2.67,D,bharuch,VIIRS_NOAA21_NRT
21.55429,73.01324,334.5,0.46,0.39,2026-04-02,807,N21,VIIRS,l,2.0NRT,308.31,3.29,D,bharuch,VIIRS_NOAA21_NRT
21.61094,73.06962,330.92,0.57,0.52,2026-04-03,748,N21,VIIRS,l,2.0NRT,304.87,3.46,D,bharuch,VIIRS_NOAA21_NRT
21.64436,72.94513,339.68,0.56,0.51,2026-04-05,852,N21,VIIRS,n,2.0NRT,303.51,4.91,D,bharuch,VIIRS_NOAA21_NRT
21.66177,73.12084,348.77,0.45,0.39,2026-04-06,833,N21,VIIRS,n,2.0NRT,314.12,5.72,D,bharuch,VIIRS_NOAA21_NRT
21.66236,73.1252,338.44,0.46,0.39,2026-04-06,833,N21,VIIRS,l,2.0NRT,313.19,5.72,D,bharuch,VIIRS_NOAA21_NRT
21.66533,73.12029,344.83,0.45,0.39,2026-04-06,833,N21,VIIRS,n,2.0NRT,313.11,5.72,D,bharuch,VIIRS_NOAA21_NRT
21.80101,72.92106,338.51,0.45,0.39,2026-04-06,833,N21,VIIRS,l,2.0NRT,313.02,11.15,D,bharuch,VIIRS_NOAA21_NRT
21.56199,72.91678,325.17,0.4,0.37,2026-04-07,2042,N21,VIIRS,n,2.0NRT,293.75,4.01,N,bharuch,VIIRS_NOAA21_NRT
21.5891,73.07921,339.68,0.45,0.47,2026-04-08,756,N21,VIIRS,n,2.0NRT,298.85,4.08,D,bharuch,VIIRS_NOAA21_NRT
21.56242,72.91379,331.26,0.47,0.64,2026-04-09,735,N21,VIIRS,n,2.0NRT,300.78,2.98,D,bharuch,VIIRS_NOAA21_NRT
21.76134,72.90481,332.0,0.46,0.64,2026-04-09,735,N21,VIIRS,l,2.0NRT,303.67,4.0,D,bharuch,VIIRS_NOAA21_NRT
21.68991,72.90667,331.45,0.72,0.76,2026-04-09,915,N21,VIIRS,n,2.0NRT,299.58,7.09,D,bharuch,VIIRS_NOAA21_NRT
21.82119,72.94406,340.91,0.35,0.57,2026-04-10,858,N21,VIIRS,n,2.0NRT,311.81,2.72,D,bharuch,VIIRS_NOAA21_NRT
21.8264,72.94346,367.0,0.35,0.57,2026-04-10,858,N21,VIIRS,h,2.0NRT,312.56,7.99,D,bharuch,VIIRS_NOAA21_NRT
21.70035,72.9258,309.93,0.36,0.57,2026-04-10,2125,N21,VIIRS,n,2.0NRT,292.32,0.79,N,bharuch,VIIRS_NOAA21_NRT
21.70205,72.9253,303.06,0.35,0.57,2026-04-10,2125,N21,VIIRS,n,2.0NRT,291.44,0.69,N,bharuch,VIIRS_NOAA21_NRT
21.67897,73.13623,337.25,0.55,0.42,2026-04-11,837,N21,VIIRS,l,2.0NRT,312.25,3.05,D,bharuch,VIIRS_NOAA21_NRT
21.81866,72.91953,349.13,0.38,0.36,2026-04-12,820,N21,VIIRS,l,2.0NRT,323.8,29.46,D,bharuch,VIIRS_NOAA21_NRT
21.56152,72.91631,337.15,0.37,0.58,2026-04-14,741,N21,VIIRS,n,2.0NRT,311.64,2.61,D,bharuch,VIIRS_NOAA21_NRT
21.56034,72.91502,318.08,0.36,0.57,2026-04-14,2010,N21,VIIRS,n,2.0NRT,297.59,1.78,N,bharuch,VIIRS_NOAA21_NRT
21.83143,73.00284,340.11,0.45,0.63,2026-04-15,905,N21,VIIRS,l,2.0NRT,314.58,4.67,D,bharuch,VIIRS_NOAA21_NRT
21.56017,72.91571,311.55,0.45,0.63,2026-04-15,2131,N21,VIIRS,n,2.0NRT,297.01,1.22,N,bharuch,VIIRS_NOAA21_NRT
21.70574,72.92376,346.43,0.44,0.46,2026-04-16,845,N21,VIIRS,l,2.0NRT,319.45,9.05,D,bharuch,VIIRS_NOAA21_NRT
21.70911,72.92256,346.51,0.43,0.46,2026-04-16,845,N21,VIIRS,n,2.0NRT,316.82,8.07,D,bharuch,VIIRS_NOAA21_NRT
21.70961,72.92673,347.59,0.43,0.46,2026-04-16,845,N21,VIIRS,n,2.0NRT,315.24,8.07,D,bharuch,VIIRS_NOAA21_NRT
21.70995,72.92319,342.37,0.44,0.46,2026-04-16,845,N21,VIIRS,l,2.0NRT,316.14,9.05,D,bharuch,VIIRS_NOAA21_NRT
21.56145,72.91615,313.48,0.45,0.47,2026-04-16,2114,N21,VIIRS,n,2.0NRT,296.61,1.82,N,bharuch,VIIRS_NOAA21_NRT
21.56122,72.91599,308.0,0.4,0.37,2026-04-17,2055,N21,VIIRS,n,2.0NRT,293.65,0.74,N,bharuch,VIIRS_NOAA21_NRT
21.73095,72.959,305.03,0.4,0.37,2026-04-17,2055,N21,VIIRS,n,2.0NRT,292.09,1.08,N,bharuch,VIIRS_NOAA21_NRT
21.73159,72.95515,309.48,0.4,0.37,2026-04-17,2055,N21,VIIRS,n,2.0NRT,292.62,1.3,N,bharuch,VIIRS_NOAA21_NRT
21.73942,73.01225,309.9,0.4,0.37,2026-04-17,2055,N21,VIIRS,n,2.0NRT,294.29,2.35,N,bharuch,VIIRS_NOAA21_NRT
21.55309,73.04776,346.46,0.46,0.39,2026-04-18,807,N21,VIIRS,n,2.0NRT,316.59,11.8,D,bharuch,VIIRS_NOAA21_NRT
21.56151,72.91501,306.18,0.45,0.39,2026-04-18,2036,N21,VIIRS,n,2.0NRT,295.74,1.08,N,bharuch,VIIRS_NOAA21_NRT
21.56713,73.06656,343.22,0.58,0.52,2026-04-19,748,N21,VIIRS,n,2.0NRT,308.78,9.8,D,bharuch,VIIRS_NOAA21_NRT
21.56903,73.06876,334.27,0.58,0.52,2026-04-19,748,N21,VIIRS,l,2.0NRT,308.08,4.64,D,bharuch,VIIRS_NOAA21_NRT
21.72946,73.05273,332.26,0.57,0.52,2026-04-19,748,N21,VIIRS,l,2.0NRT,304.87,5.75,D,bharuch,VIIRS_NOAA21_NRT
21.74051,73.01065,333.7,0.58,0.52,2026-04-19,748,N21,VIIRS,l,2.0NRT,306.71,3.37,D,bharuch,VIIRS_NOAA21_NRT
21.55708,73.08187,343.29,0.58,0.7,2026-04-20,729,N21,VIIRS,n,2.0NRT,304.23,5.04,D,bharuch,VIIRS_NOAA21_NRT
21.56103,73.08203,338.61,0.58,0.7,2026-04-20,729,N21,VIIRS,n,2.0NRT,304.43,5.24,D,bharuch,VIIRS_NOAA21_NRT
21.56032,72.9174,304.2,0.57,0.69,2026-04-20,2138,N21,VIIRS,n,2.0NRT,293.24,1.3,N,bharuch,VIIRS_NOAA21_NRT
21.56147,72.91699,308.62,0.57,0.52,2026-04-21,2121,N21,VIIRS,n,2.0NRT,295.47,1.38,N,bharuch,VIIRS_NOAA21_NRT
21.55932,73.01929,346.92,0.45,0.39,2026-04-22,833,N21,VIIRS,l,2.0NRT,319.36,12.32,D,bharuch,VIIRS_NOAA21_NRT
21.6328,73.10881,342.46,0.45,0.39,2026-04-22,833,N21,VIIRS,l,2.0NRT,317.03,6.44,D,bharuch,VIIRS_NOAA21_NRT
21.64589,72.93848,346.29,0.41,0.37,2026-04-23,813,N21,VIIRS,n,2.0NRT,317.46,8.16,D,bharuch,VIIRS_NOAA21_NRT
21.64738,72.93827,344.36,0.41,0.37,2026-04-23,813,N21,VIIRS,n,2.0NRT,315.91,7.33,D,bharuch,VIIRS_NOAA21_NRT
21.56271,72.91467,311.8,0.4,0.37,2026-04-23,2042,N21,VIIRS,n,2.0NRT,297.72,1.21,N,bharuch,VIIRS_NOAA21_NRT
21.55917,73.06042,344.1,0.46,0.47,2026-04-24,754,N21,VIIRS,n,2.0NRT,313.24,5.55,D,bharuch,VIIRS_NOAA21_NRT
21.5603,73.05961,344.92,0.46,0.47,2026-04-24,754,N21,VIIRS,n,2.0NRT,313.86,14.23,D,bharuch,VIIRS_NOAA21_NRT
21.56256,73.05516,346.02,0.46,0.47,2026-04-24,754,N21,VIIRS,n,2.0NRT,316.38,6.82,D,bharuch,VIIRS_NOAA21_NRT
21.56372,73.05432,344.15,0.46,0.47,2026-04-24,754,N21,VIIRS,l,2.0NRT,316.73,12.23,D,bharuch,VIIRS_NOAA21_NRT
21.56681,73.05422,344.0,0.46,0.47,2026-04-24,754,N21,VIIRS,l,2.0NRT,315.63,6.82,D,bharuch,VIIRS_NOAA21_NRT
21.65587,72.92713,344.94,0.46,0.47,2026-04-24,754,N21,VIIRS,l,2.0NRT,318.56,13.01,D,bharuch,VIIRS_NOAA21_NRT
21.56483,72.91695,309.12,0.45,0.47,2026-04-24,2023,N21,VIIRS,n,2.0NRT,296.1,0.95,N,bharuch,VIIRS_NOAA21_NRT
21.77669,72.91549,338.76,0.72,0.75,2026-04-25,915,N21,VIIRS,l,2.0NRT,310.67,13.19,D,bharuch,VIIRS_NOAA21_NRT
21.78304,72.9095,337.83,0.72,0.75,2026-04-25,915,N21,VIIRS,n,2.0NRT,307.78,8.71,D,bharuch,VIIRS_NOAA21_NRT
21.78356,72.91638,339.31,0.72,0.75,2026-04-25,915,N21,VIIRS,l,2.0NRT,309.39,15.19,D,bharuch,VIIRS_NOAA21_NRT
21.78361,72.91489,339.97,0.72,0.75,2026-04-25,915,N21,VIIRS,n,2.0NRT,309.14,4.17,D,bharuch,VIIRS_NOAA21_NRT
21.56248,72.91577,308.95,0.45,0.63,2026-04-25,2004,N21,VIIRS,n,2.0NRT,295.8,1.46,N,bharuch,VIIRS_NOAA21_NRT
21.56268,72.91579,307.42,0.46,0.63,2026-04-25,2004,N21,VIIRS,n,2.0NRT,295.62,1.25,N,bharuch,VIIRS_NOAA21_NRT
21.58741,72.9258,348.33,0.53,0.42,2026-04-27,837,N21,VIIRS,n,2.0NRT,314.99,24.94,D,bharuch,VIIRS_NOAA21_NRT
21.66309,72.96058,340.03,0.4,0.37,2026-05-03,826,N21,VIIRS,l,2.0NRT,314.54,5.14,D,bharuch,VIIRS_NOAA21_NRT
21.81089,73.00708,342.0,0.46,0.39,2026-05-04,807,N21,VIIRS,n,2.0NRT,308.0,4.43,D,bharuch,VIIRS_NOAA21_NRT
21.69339,72.96227,338.26,0.45,0.39,2026-05-08,833,N21,VIIRS,l,2.0NRT,311.87,8.9,D,bharuch,VIIRS_NOAA21_NRT
21.7006,73.09741,340.04,0.45,0.39,2026-05-08,833,N21,VIIRS,l,2.0NRT,314.59,8.99,D,bharuch,VIIRS_NOAA21_NRT
21.83259,72.92412,342.1,0.45,0.39,2026-05-08,833,N21,VIIRS,l,2.0NRT,315.16,3.23,D,bharuch,VIIRS_NOAA21_NRT
21.58336,73.11151,339.77,0.45,0.47,2026-05-10,754,N21,VIIRS,l,2.0NRT,313.86,4.53,D,bharuch,VIIRS_NOAA21_NRT
21.69922,73.14449,347.44,0.45,0.47,2026-05-10,754,N21,VIIRS,n,2.0NRT,314.48,7.29,D,bharuch,VIIRS_NOAA21_NRT
21.78613,73.09597,342.14,0.45,0.47,2026-05-10,754,N21,VIIRS,l,2.0NRT,317.12,5.95,D,bharuch,VIIRS_NOAA21_NRT
21.63661,73.03111,337.68,0.46,0.63,2026-05-11,735,N21,VIIRS,l,2.0NRT,309.19,3.03,D,bharuch,VIIRS_NOAA21_NRT
21.79346,72.94349,339.34,0.46,0.64,2026-05-11,735,N21,VIIRS,l,2.0NRT,310.41,6.14,D,bharuch,VIIRS_NOAA21_NRT
21.74848,72.93872,340.98,0.72,0.75,2026-05-11,915,N21,VIIRS,n,2.0NRT,306.47,7.38,D,bharuch,VIIRS_NOAA21_NRT
21.83942,73.03636,335.25,0.73,0.76,2026-05-11,915,N21,VIIRS,l,2.0NRT,307.29,5.46,D,bharuch,VIIRS_NOAA21_NRT
21.84554,73.05542,343.11,0.36,0.57,2026-05-12,858,N21,VIIRS,n,2.0NRT,312.68,6.51,D,bharuch,VIIRS_NOAA21_NRT
21.84584,73.05437,343.26,0.36,0.57,2026-05-12,858,N21,VIIRS,n,2.0NRT,313.0,5.13,D,bharuch,VIIRS_NOAA21_NRT
21.65273,73.13239,309.84,0.37,0.58,2026-05-12,2125,N21,VIIRS,n,2.0NRT,296.72,0.99,N,bharuch,VIIRS_NOAA21_NRT
21.66566,73.07374,337.67,0.54,0.42,2026-05-13,837,N21,VIIRS,n,2.0NRT,306.3,3.66,D,bharuch,VIIRS_NOAA21_NRT
21.64645,72.96298,333.0,0.56,0.43,2026-05-15,803,N21,VIIRS,n,2.0NRT,302.41,2.82,D,bharuch,VIIRS_NOAA21_NRT
21.64674,72.9607,331.7,0.56,0.43,2026-05-15,803,N21,VIIRS,l,2.0NRT,302.82,1.57,D,bharuch,VIIRS_NOAA21_NRT
21.65761,73.14606,331.94,0.36,0.57,2026-05-16,741,N21,VIIRS,l,2.0NRT,304.56,1.5,D,bharuch,VIIRS_NOAA21_NRT
21.74969,73.08975,338.47,0.36,0.57,2026-05-16,741,N21,VIIRS,n,2.0NRT,306.16,4.24,D,bharuch,VIIRS_NOAA21_NRT
21.79056,72.90656,353.91,0.44,0.63,2026-05-17,905,N21,VIIRS,n,2.0NRT,309.94,9.22,D,bharuch,VIIRS_NOAA21_NRT
21.80205,72.90534,341.47,0.44,0.63,2026-05-17,905,N21,VIIRS,l,2.0NRT,312.84,8.23,D,bharuch,VIIRS_NOAA21_NRT
21.66501,72.98763,346.24,0.4,0.37,2026-05-19,826,N21,VIIRS,n,2.0NRT,312.11,7.35,D,bharuch,VIIRS_NOAA21_NRT
21.78489,73.11366,348.57,0.4,0.37,2026-05-19,826,N21,VIIRS,n,2.0NRT,314.23,9.36,D,bharuch,VIIRS_NOAA21_NRT
21.65497,73.05914,332.22,0.57,0.69,2026-05-22,909,N21,VIIRS,n,2.0NRT,291.73,3.9,D,bharuch,VIIRS_NOAA21_NRT
21.84967,72.94452,331.4,0.57,0.69,2026-05-22,909,N21,VIIRS,n,2.0NRT,295.91,2.82,D,bharuch,VIIRS_NOAA21_NRT
21.63374,72.96004,336.78,0.55,0.51,2026-05-23,852,N21,VIIRS,n,2.0NRT,300.72,1.49,D,bharuch,VIIRS_NOAA21_NRT
21.8278,73.00684,343.11,0.4,0.37,2026-05-25,813,N21,VIIRS,l,2.0NRT,311.6,5.31,D,bharuch,VIIRS_NOAA21_NRT
21.68804,73.04166,331.13,0.46,0.63,2026-05-27,735,N21,VIIRS,l,2.0NRT,304.75,2.26,D,bharuch,VIIRS_NOAA21_NRT
21.76705,72.9741,338.59,0.38,0.36,2026-05-30,820,N21,VIIRS,l,2.0NRT,310.7,3.14,D,bharuch,VIIRS_NOAA21_NRT
21.55073,73.04121,340.26,0.55,0.43,2026-05-31,801,N21,VIIRS,n,2.0NRT,306.83,6.67,D,bharuch,VIIRS_NOAA21_NRT
21.62184,72.91982,334.81,0.56,0.43,2026-05-31,801,N21,VIIRS,n,2.0NRT,303.72,4.38,D,bharuch,VIIRS_NOAA21_NRT
21.6577,73.09246,338.32,0.4,0.37,2026-06-04,826,N21,VIIRS,n,2.0NRT,306.04,3.88,D,bharuch,VIIRS_NOAA21_NRT
21.59152,72.94992,330.25,0.46,0.39,2026-06-05,807,N21,VIIRS,l,2.0NRT,304.62,2.53,D,bharuch,VIIRS_NOAA21_NRT
21.74205,73.0278,337.99,0.54,0.42,2026-06-14,837,N21,VIIRS,n,2.0NRT,305.26,4.81,D,bharuch,VIIRS_NOAA21_NRT
21.82391,72.95866,332.49,0.44,0.46,2026-06-19,843,N21,VIIRS,n,2.0NRT,302.04,2.03,D,bharuch,VIIRS_NOAA21_NRT
21.57001,72.90147,337.97,0.47,0.4,2026-06-21,805,N21,VIIRS,l,2.0NRT,309.73,6.08,D,bharuch,VIIRS_NOAA21_NRT
21.56169,72.9179,334.9,0.45,0.39,2026-06-01,835,N20,VIIRS,l,2.0NRT,308.11,2.09,D,bharuch,VIIRS_NOAA20_NRT
21.65389,73.04172,338.85,0.45,0.39,2026-06-01,835,N20,VIIRS,n,2.0NRT,306.89,7.36,D,bharuch,VIIRS_NOAA20_NRT
21.65448,73.04608,341.28,0.45,0.39,2026-06-01,835,N20,VIIRS,n,2.0NRT,309.33,7.36,D,bharuch,VIIRS_NOAA20_NRT
21.84522,73.04634,338.56,0.46,0.39,2026-06-01,835,N20,VIIRS,l,2.0NRT,310.93,7.3,D,bharuch,VIIRS_NOAA20_NRT
21.57134,73.02262,337.05,0.36,0.57,2026-06-05,900,N20,VIIRS,n,2.0NRT,303.54,1.41,D,bharuch,VIIRS_NOAA20_NRT
21.67846,73.05608,332.52,0.54,0.42,2026-06-08,805,N20,VIIRS,l,2.0NRT,304.59,2.91,D,bharuch,VIIRS_NOAA20_NRT
21.60849,72.99068,334.08,0.36,0.57,2026-06-09,744,N20,VIIRS,n,2.0NRT,299.62,3.24,D,bharuch,VIIRS_NOAA20_NRT
21.77969,73.11529,331.96,0.4,0.37,2026-06-12,828,N20,VIIRS,l,2.0NRT,304.25,1.18,D,bharuch,VIIRS_NOAA20_NRT
21.71968,72.93808,334.61,0.45,0.39,2026-06-17,837,N20,VIIRS,n,2.0NRT,304.17,2.06,D,bharuch,VIIRS_NOAA20_NRT
21.69371,72.95983,339.29,0.45,0.47,2026-06-19,758,N20,VIIRS,n,2.0NRT,302.4,3.06,D,bharuch,VIIRS_NOAA20_NRT
21.59204,73.06971,342.35,0.36,0.58,2026-06-21,900,N20,VIIRS,n,2.0NRT,298.59,2.88,D,bharuch,VIIRS_NOAA20_NRT
21.64335,72.9491,338.61,0.45,0.47,2026-06-27,848,N20,VIIRS,n,2.0NRT,303.41,1.37,D,bharuch,VIIRS_NOAA20_NRT
21.65222,72.91284,335.37,0.45,0.47,2026-06-27,848,N20,VIIRS,l,2.0NRT,307.4,9.04,D,bharuch,VIIRS_NOAA20_NRT
21.55759,73.02734,342.76,0.4,0.37,2026-06-28,830,N20,VIIRS,n,2.0NRT,306.17,10.28,D,bharuch,VIIRS_NOAA20_NRT
21.74686,73.08656,333.07,0.58,0.52,2026-05-03,858,N,VIIRS,l,2.0NRT,306.98,3.47,D,bharuch,VIIRS_SNPP_NRT
21.75131,72.95946,335.19,0.36,0.57,2026-05-08,907,N,VIIRS,l,2.0NRT,308.62,1.69,D,bharuch,VIIRS_SNPP_NRT
21.56122,73.10378,307.33,0.38,0.43,2026-05-09,2116,N,VIIRS,n,2.0NRT,297.28,0.38,N,bharuch,VIIRS_SNPP_NRT
21.60167,72.99335,341.51,0.38,0.36,2026-05-10,828,N,VIIRS,l,2.0NRT,316.33,7.43,D,bharuch,VIIRS_SNPP_NRT
21.72826,72.9367,347.88,0.38,0.36,2026-05-10,828,N,VIIRS,l,2.0NRT,320.21,14.67,D,bharuch,VIIRS_SNPP_NRT
21.6939,73.14608,335.34,0.33,0.56,2026-05-12,750,N,VIIRS,l,2.0NRT,309.88,2.6,D,bharuch,VIIRS_SNPP_NRT
21.8201,73.02871,344.15,0.34,0.56,2026-05-12,750,N,VIIRS,n,2.0NRT,313.87,5.2,D,bharuch,VIIRS_SNPP_NRT
21.84729,73.05624,337.52,0.34,0.56,2026-05-12,750,N,VIIRS,l,2.0NRT,311.87,4.61,D,bharuch,VIIRS_SNPP_NRT
21.84944,73.05418,340.14,0.34,0.56,2026-05-12,750,N,VIIRS,l,2.0NRT,311.82,4.08,D,bharuch,VIIRS_SNPP_NRT
21.70539,72.93258,342.96,0.45,0.39,2026-05-16,816,N,VIIRS,l,2.0NRT,313.31,9.94,D,bharuch,VIIRS_SNPP_NRT
21.64309,72.96392,339.36,0.46,0.39,2026-05-20,839,N,VIIRS,n,2.0NRT,308.77,2.7,D,bharuch,VIIRS_SNPP_NRT
21.74096,73.11118,336.55,0.47,0.4,2026-05-20,839,N,VIIRS,l,2.0NRT,307.85,4.12,D,bharuch,VIIRS_SNPP_NRT
21.74155,73.11572,338.81,0.47,0.4,2026-05-20,839,N,VIIRS,l,2.0NRT,309.41,5.88,D,bharuch,VIIRS_SNPP_NRT
21.77254,73.01463,339.76,0.46,0.39,2026-05-20,839,N,VIIRS,l,2.0NRT,311.95,5.86,D,bharuch,VIIRS_SNPP_NRT
21.8477,73.05001,347.82,0.47,0.39,2026-05-20,839,N,VIIRS,n,2.0NRT,311.36,10.23,D,bharuch,VIIRS_SNPP_NRT
21.82284,73.03091,349.41,0.4,0.37,2026-05-21,822,N,VIIRS,n,2.0NRT,310.13,7.97,D,bharuch,VIIRS_SNPP_NRT
21.65387,73.05946,333.42,0.43,0.46,2026-05-22,803,N,VIIRS,n,2.0NRT,300.93,2.05,D,bharuch,VIIRS_SNPP_NRT
21.77824,73.02389,335.13,0.37,0.58,2026-05-24,905,N,VIIRS,n,2.0NRT,296.84,1.96,D,bharuch,VIIRS_SNPP_NRT
21.78838,72.9611,332.11,0.36,0.58,2026-05-24,905,N,VIIRS,n,2.0NRT,300.46,1.22,D,bharuch,VIIRS_SNPP_NRT
21.5814,72.90018,331.96,0.55,0.42,2026-05-25,845,N,VIIRS,l,2.0NRT,306.92,2.41,D,bharuch,VIIRS_SNPP_NRT
21.60692,73.10159,339.68,0.38,0.36,2026-05-26,828,N,VIIRS,l,2.0NRT,311.06,2.75,D,bharuch,VIIRS_SNPP_NRT
21.56152,72.95755,330.35,0.4,0.37,2026-05-31,835,N,VIIRS,l,2.0NRT,304.61,1.86,D,bharuch,VIIRS_SNPP_NRT
21.78835,73.05672,346.71,0.41,0.37,2026-05-31,835,N,VIIRS,n,2.0NRT,308.49,6.95,D,bharuch,VIIRS_SNPP_NRT
21.83873,72.96823,340.26,0.46,0.39,2026-06-05,841,N,VIIRS,n,2.0NRT,306.5,3.22,D,bharuch,VIIRS_SNPP_NRT
21.80309,72.9244,335.84,0.4,0.37,2026-06-06,822,N,VIIRS,l,2.0NRT,308.05,1.92,D,bharuch,VIIRS_SNPP_NRT
21.62389,72.9404,337.14,0.43,0.62,2026-06-08,744,N,VIIRS,n,2.0NRT,300.5,2.71,D,bharuch,VIIRS_SNPP_NRT
21.5557,73.1118,337.3,0.41,0.37,2026-06-16,837,N,VIIRS,n,2.0NRT,306.65,5.83,D,bharuch,VIIRS_SNPP_NRT
21.81919,73.04939,343.84,0.59,0.53,2026-06-20,900,N,VIIRS,n,2.0NRT,300.16,5.68,D,bharuch,VIIRS_SNPP_NRT
21.82133,73.05105,343.02,0.59,0.53,2026-06-20,900,N,VIIRS,n,2.0NRT,300.05,5.35,D,bharuch,VIIRS_SNPP_NRT
21.67074,73.01331,340.72,0.38,0.36,2026-06-27,830,N,VIIRS,n,2.0NRT,308.76,3.08,D,bharuch,VIIRS_SNPP_NRT
21.18015,72.99355,300.48,0.39,0.36,2024-01-17,2046,N21,VIIRS,n,2.0NRT,289.38,0.65,N,surat,VIIRS_NOAA21_NRT
21.26011,73.03455,330.96,0.55,0.42,2024-01-18,758,N21,VIIRS,l,2.0NRT,304.01,4.59,D,surat,VIIRS_NOAA21_NRT
21.26384,72.89709,296.13,0.47,0.64,2024-01-20,2129,N21,VIIRS,n,2.0NRT,284.57,0.33,N,surat,VIIRS_NOAA21_NRT
21.28638,72.85329,295.55,0.47,0.64,2024-01-20,2129,N21,VIIRS,n,2.0NRT,284.03,0.46,N,surat,VIIRS_NOAA21_NRT
21.01799,72.78893,344.4,0.39,0.37,2024-01-22,824,N21,VIIRS,n,2.0NRT,304.68,3.64,D,surat,VIIRS_NOAA21_NRT
21.03511,72.88269,337.63,0.4,0.37,2024-01-22,824,N21,VIIRS,n,2.0NRT,304.54,2.62,D,surat,VIIRS_NOAA21_NRT
21.13246,72.80529,334.77,0.4,0.37,2024-01-22,824,N21,VIIRS,n,2.0NRT,304.88,7.3,D,surat,VIIRS_NOAA21_NRT
21.02339,72.85545,331.95,0.47,0.4,2024-01-23,805,N21,VIIRS,n,2.0NRT,305.66,2.04,D,surat,VIIRS_NOAA21_NRT
21.15443,72.76638,338.3,0.47,0.4,2024-01-23,805,N21,VIIRS,n,2.0NRT,305.33,5.35,D,surat,VIIRS_NOAA21_NRT
21.1559,72.76698,333.92,0.47,0.4,2024-01-23,805,N21,VIIRS,n,2.0NRT,305.12,4.27,D,surat,VIIRS_NOAA21_NRT
21.07145,73.03251,332.19,0.57,0.52,2024-01-24,745,N21,VIIRS,n,2.0NRT,302.95,4.52,D,surat,VIIRS_NOAA21_NRT
21.29476,72.78352,338.27,0.54,0.51,2024-01-26,847,N21,VIIRS,n,2.0NRT,309.17,5.88,D,surat,VIIRS_NOAA21_NRT
21.28715,72.83909,304.91,0.58,0.52,2024-01-26,2118,N21,VIIRS,n,2.0NRT,278.83,1.5,N,surat,VIIRS_NOAA21_NRT
21.28905,72.8358,299.77,0.58,0.52,2024-01-26,2118,N21,VIIRS,n,2.0NRT,278.42,0.83,N,surat,VIIRS_NOAA21_NRT
21.24025,73.00366,342.5,0.45,0.39,2024-01-27,830,N21,VIIRS,n,2.0NRT,308.61,12.97,D,surat,VIIRS_NOAA21_NRT
21.34599,72.93143,330.06,0.45,0.39,2024-01-27,830,N21,VIIRS,l,2.0NRT,304.71,2.25,D,surat,VIIRS_NOAA21_NRT
21.33869,72.99699,339.19,0.4,0.37,2024-01-28,809,N21,VIIRS,n,2.0NRT,290.87,6.62,D,surat,VIIRS_NOAA21_NRT
21.34205,72.99638,338.33,0.4,0.37,2024-01-28,809,N21,VIIRS,n,2.0NRT,291.15,8.17,D,surat,VIIRS_NOAA21_NRT
21.31863,72.81348,297.74,0.4,0.37,2024-01-28,2040,N21,VIIRS,n,2.0NRT,280.08,0.53,N,surat,VIIRS_NOAA21_NRT
21.33082,72.91679,303.49,0.4,0.37,2024-01-28,2040,N21,VIIRS,n,2.0NRT,281.03,0.87,N,surat,VIIRS_NOAA21_NRT
21.33251,72.90541,299.25,0.4,0.37,2024-01-28,2040,N21,VIIRS,n,2.0NRT,281.23,0.64,N,surat,VIIRS_NOAA21_NRT
21.25679,72.87929,305.69,0.44,0.46,2024-01-29,2023,N21,VIIRS,n,2.0NRT,287.78,0.56,N,surat,VIIRS_NOAA21_NRT
21.25698,72.87801,303.88,0.44,0.46,2024-01-29,2023,N21,VIIRS,n,2.0NRT,287.44,0.95,N,surat,VIIRS_NOAA21_NRT
21.28286,72.87724,314.24,0.44,0.46,2024-01-29,2023,N21,VIIRS,n,2.0NRT,288.12,1.37,N,surat,VIIRS_NOAA21_NRT
21.33535,72.90569,303.67,0.44,0.46,2024-01-29,2023,N21,VIIRS,n,2.0NRT,287.26,0.43,N,surat,VIIRS_NOAA21_NRT
21.27192,72.81445,299.34,0.45,0.63,2024-01-30,2001,N21,VIIRS,n,2.0NRT,287.13,0.96,N,surat,VIIRS_NOAA21_NRT
21.09924,72.85831,306.53,0.37,0.58,2024-01-31,2125,N21,VIIRS,n,2.0NRT,290.81,0.68,N,surat,VIIRS_NOAA21_NRT
21.08247,72.99979,306.22,0.52,0.42,2024-02-03,2027,N21,VIIRS,n,2.0NRT,289.44,1.18,N,surat,VIIRS_NOAA21_NRT
21.31788,72.82127,306.68,0.36,0.57,2024-02-04,2008,N21,VIIRS,n,2.0NRT,290.22,0.57,N,surat,VIIRS_NOAA21_NRT
21.3365,72.84763,303.4,0.36,0.57,2024-02-04,2008,N21,VIIRS,n,2.0NRT,289.5,1.08,N,surat,VIIRS_NOAA21_NRT
21.33684,72.84422,309.54,0.36,0.57,2024-02-04,2008,N21,VIIRS,n,2.0NRT,289.53,1.08,N,surat,VIIRS_NOAA21_NRT
21.32209,72.88718,351.08,0.44,0.63,2024-02-05,902,N21,VIIRS,n,2.0NRT,301.06,6.61,D,surat,VIIRS_NOAA21_NRT
21.01128,72.97543,334.96,0.4,0.37,2024-02-07,824,N21,VIIRS,n,2.0NRT,304.69,2.31,D,surat,VIIRS_NOAA21_NRT
21.00036,72.75292,341.49,0.48,0.4,2024-02-08,805,N21,VIIRS,n,2.0NRT,306.53,11.05,D,surat,VIIRS_NOAA21_NRT
21.09835,72.83817,341.89,0.47,0.4,2024-02-08,805,N21,VIIRS,n,2.0NRT,306.89,6.4,D,surat,VIIRS_NOAA21_NRT
21.11293,72.97398,298.59,0.44,0.39,2024-02-08,2033,N21,VIIRS,n,2.0NRT,278.05,0.74,N,surat,VIIRS_NOAA21_NRT
21.01604,72.75828,334.82,0.61,0.53,2024-02-09,745,N21,VIIRS,n,2.0NRT,301.71,2.8,D,surat,VIIRS_NOAA21_NRT
21.01685,72.75491,343.11,0.61,0.53,2024-02-09,745,N21,VIIRS,n,2.0NRT,304.48,8.08,D,surat,VIIRS_NOAA21_NRT
21.02085,72.75719,334.08,0.61,0.53,2024-02-09,745,N21,VIIRS,n,2.0NRT,304.86,4.61,D,surat,VIIRS_NOAA21_NRT
21.34025,73.00505,332.53,0.58,0.7,2024-02-10,726,N21,VIIRS,n,2.0NRT,296.3,3.96,D,surat,VIIRS_NOAA21_NRT
21.02864,72.95521,300.53,0.44,0.46,2024-02-14,2021,N21,VIIRS,n,2.0NRT,287.96,0.61,N,surat,VIIRS_NOAA21_NRT
21.3231,72.97596,308.15,0.44,0.46,2024-02-14,2021,N21,VIIRS,n,2.0NRT,289.17,0.85,N,surat,VIIRS_NOAA21_NRT
21.03006,73.0071,337.34,0.47,0.64,2024-02-15,733,N21,VIIRS,n,2.0NRT,304.03,4.51,D,surat,VIIRS_NOAA21_NRT
21.08965,72.97887,327.94,0.45,0.63,2024-02-15,2001,N21,VIIRS,n,2.0NRT,292.44,4.28,N,surat,VIIRS_NOAA21_NRT
21.3438,72.81772,301.09,0.36,0.57,2024-02-16,2125,N21,VIIRS,n,2.0NRT,290.99,0.48,N,surat,VIIRS_NOAA21_NRT
21.07323,72.98644,305.13,0.38,0.36,2024-02-18,2046,N21,VIIRS,n,2.0NRT,288.61,0.61,N,surat,VIIRS_NOAA21_NRT
21.03775,72.8378,344.15,0.38,0.59,2024-02-20,739,N21,VIIRS,n,2.0NRT,303.5,9.55,D,surat,VIIRS_NOAA21_NRT
21.05478,72.85462,332.34,0.44,0.62,2024-02-21,902,N21,VIIRS,n,2.0NRT,298.92,2.19,D,surat,VIIRS_NOAA21_NRT
21.31443,72.8238,310.99,0.45,0.47,2024-02-22,2112,N21,VIIRS,n,2.0NRT,291.26,1.75,N,surat,VIIRS_NOAA21_NRT
21.31814,72.82328,305.98,0.45,0.47,2024-02-22,2112,N21,VIIRS,n,2.0NRT,289.75,0.87,N,surat,VIIRS_NOAA21_NRT
21.03633,72.92309,344.37,0.4,0.37,2024-02-23,824,N21,VIIRS,n,2.0NRT,312.16,5.22,D,surat,VIIRS_NOAA21_NRT
21.09792,72.84865,317.32,0.41,0.37,2024-02-23,2053,N21,VIIRS,n,2.0NRT,293.9,2.25,N,surat,VIIRS_NOAA21_NRT
21.27812,72.9535,302.02,0.41,0.37,2024-02-23,2053,N21,VIIRS,n,2.0NRT,289.08,0.69,N,surat,VIIRS_NOAA21_NRT
21.31708,72.86536,299.12,0.4,0.37,2024-02-23,2053,N21,VIIRS,n,2.0NRT,286.67,0.74,N,surat,VIIRS_NOAA21_NRT
21.03757,72.87836,332.04,0.47,0.4,2024-02-24,805,N21,VIIRS,l,2.0NRT,306.76,2.12,D,surat,VIIRS_NOAA21_NRT
21.0921,72.84917,344.37,0.47,0.4,2024-02-24,805,N21,VIIRS,n,2.0NRT,312.31,5.72,D,surat,VIIRS_NOAA21_NRT
21.15762,72.81799,305.25,0.45,0.39,2024-02-24,2033,N21,VIIRS,n,2.0NRT,292.38,1.21,N,surat,VIIRS_NOAA21_NRT
21.27171,72.98673,309.98,0.44,0.39,2024-02-24,2033,N21,VIIRS,n,2.0NRT,287.56,1.42,N,surat,VIIRS_NOAA21_NRT
21.27523,72.98728,301.95,0.44,0.39,2024-02-24,2033,N21,VIIRS,n,2.0NRT,286.41,0.73,N,surat,VIIRS_NOAA21_NRT
21.29436,72.89587,333.32,0.35,0.57,2024-03-07,2008,N21,VIIRS,n,2.0NRT,290.84,2.94,N,surat,VIIRS_NOAA21_NRT
21.15506,72.81638,305.4,0.46,0.64,2024-03-08,2129,N21,VIIRS,n,2.0NRT,293.14,0.88,N,surat,VIIRS_NOAA21_NRT
21.15571,72.81724,303.49,0.46,0.64,2024-03-08,2129,N21,VIIRS,n,2.0NRT,292.99,0.37,N,surat,VIIRS_NOAA21_NRT
21.27631,72.79018,301.15,0.46,0.63,2024-03-08,2129,N21,VIIRS,n,2.0NRT,288.07,0.39,N,surat,VIIRS_NOAA21_NRT
21.00602,72.85626,307.75,0.47,0.47,2024-03-09,2112,N21,VIIRS,n,2.0NRT,289.9,0.82,N,surat,VIIRS_NOAA21_NRT
21.05907,72.83631,300.69,0.46,0.47,2024-03-09,2112,N21,VIIRS,n,2.0NRT,287.38,0.89,N,surat,VIIRS_NOAA21_NRT
21.07636,72.89235,336.17,0.4,0.37,2024-03-10,824,N21,VIIRS,l,2.0NRT,310.04,4.07,D,surat,VIIRS_NOAA21_NRT
21.10911,72.78877,338.63,0.47,0.4,2024-03-11,803,N21,VIIRS,n,2.0NRT,308.53,3.51,D,surat,VIIRS_NOAA21_NRT
21.20532,73.00272,334.55,0.46,0.39,2024-03-11,803,N21,VIIRS,n,2.0NRT,309.42,2.23,D,surat,VIIRS_NOAA21_NRT
21.07748,72.91982,336.41,0.55,0.51,2024-03-14,850,N21,VIIRS,n,2.0NRT,308.73,4.46,D,surat,VIIRS_NOAA21_NRT
21.34227,72.9034,341.97,0.56,0.51,2024-03-14,850,N21,VIIRS,n,2.0NRT,308.24,4.37,D,surat,VIIRS_NOAA21_NRT
21.05799,72.8529,338.78,0.44,0.39,2024-03-15,830,N21,VIIRS,l,2.0NRT,310.27,6.07,D,surat,VIIRS_NOAA21_NRT
21.058,72.84948,333.19,0.44,0.39,2024-03-15,830,N21,VIIRS,l,2.0NRT,307.59,3.57,D,surat,VIIRS_NOAA21_NRT
21.05857,72.85371,338.08,0.44,0.39,2024-03-15,830,N21,VIIRS,l,2.0NRT,312.04,3.57,D,surat,VIIRS_NOAA21_NRT
21.06151,72.85234,341.29,0.44,0.39,2024-03-15,830,N21,VIIRS,n,2.0NRT,308.17,6.07,D,surat,VIIRS_NOAA21_NRT
21.06152,72.84892,335.58,0.44,0.39,2024-03-15,830,N21,VIIRS,l,2.0NRT,307.5,3.57,D,surat,VIIRS_NOAA21_NRT
21.05181,72.92736,312.4,0.39,0.37,2024-03-16,2040,N21,VIIRS,n,2.0NRT,292.07,9.1,N,surat,VIIRS_NOAA21_NRT
21.05237,72.92359,344.22,0.39,0.37,2024-03-16,2040,N21,VIIRS,n,2.0NRT,308.38,9.1,N,surat,VIIRS_NOAA21_NRT
21.05276,72.92403,306.36,0.43,0.46,2024-03-17,2021,N21,VIIRS,n,2.0NRT,295.93,1.2,N,surat,VIIRS_NOAA21_NRT
21.17627,72.86047,305.91,0.44,0.46,2024-03-17,2021,N21,VIIRS,n,2.0NRT,295.47,0.71,N,surat,VIIRS_NOAA21_NRT
21.26627,72.79144,303.26,0.44,0.46,2024-03-17,2021,N21,VIIRS,n,2.0NRT,292.65,0.31,N,surat,VIIRS_NOAA21_NRT
21.32803,72.83437,341.49,0.35,0.57,2024-03-19,856,N21,VIIRS,n,2.0NRT,310.8,3.22,D,surat,VIIRS_NOAA21_NRT
21.05767,72.84805,300.78,0.37,0.58,2024-03-19,2123,N21,VIIRS,n,2.0NRT,289.66,0.28,N,surat,VIIRS_NOAA21_NRT
21.33841,73.04323,299.14,0.38,0.59,2024-03-19,2123,N21,VIIRS,n,2.0NRT,288.19,0.48,N,surat,VIIRS_NOAA21_NRT
21.05462,72.84165,367.0,0.37,0.58,2024-03-23,739,N21,VIIRS,h,2.0NRT,304.78,8.41,D,surat,VIIRS_NOAA21_NRT
21.05531,72.84316,351.42,0.37,0.58,2024-03-23,739,N21,VIIRS,n,2.0NRT,304.28,7.09,D,surat,VIIRS_NOAA21_NRT
21.05139,72.9314,367.0,0.34,0.56,2024-03-23,2010,N21,VIIRS,h,2.0NRT,299.14,18.66,N,surat,VIIRS_NOAA21_NRT
21.25137,72.99068,306.98,0.48,0.64,2024-03-24,2129,N21,VIIRS,n,2.0NRT,291.87,0.97,N,surat,VIIRS_NOAA21_NRT
21.04766,72.91243,346.4,0.44,0.46,2024-03-25,841,N21,VIIRS,n,2.0NRT,314.75,6.9,D,surat,VIIRS_NOAA21_NRT
21.17557,72.75776,339.97,0.44,0.38,2024-03-31,830,N21,VIIRS,l,2.0NRT,311.32,10.09,D,surat,VIIRS_NOAA21_NRT
21.17636,72.75849,347.36,0.44,0.38,2024-03-31,830,N21,VIIRS,n,2.0NRT,309.87,9.95,D,surat,VIIRS_NOAA21_NRT
21.04851,72.85896,367.0,0.41,0.37,2024-04-01,811,N21,VIIRS,h,2.0NRT,317.26,10.24,D,surat,VIIRS_NOAA21_NRT
21.11483,72.79989,310.28,0.4,0.37,2024-04-01,2040,N21,VIIRS,n,2.0NRT,293.59,1.18,N,surat,VIIRS_NOAA21_NRT
21.2511,72.87149,333.03,0.35,0.57,2024-04-04,856,N21,VIIRS,n,2.0NRT,288.83,1.56,D,surat,VIIRS_NOAA21_NRT
21.27198,72.91152,337.49,0.38,0.36,2024-04-06,818,N21,VIIRS,l,2.0NRT,312.25,6.78,D,surat,VIIRS_NOAA21_NRT
21.09746,72.85751,308.21,0.38,0.36,2024-04-06,2046,N21,VIIRS,n,2.0NRT,297.11,1.91,N,surat,VIIRS_NOAA21_NRT
21.00064,72.90976,333.39,0.44,0.46,2024-04-10,843,N21,VIIRS,l,2.0NRT,306.7,2.13,D,surat,VIIRS_NOAA21_NRT
21.19124,73.03261,333.61,0.45,0.47,2024-04-10,843,N21,VIIRS,l,2.0NRT,307.76,1.84,D,surat,VIIRS_NOAA21_NRT
21.09847,72.84627,330.36,0.44,0.39,2024-04-12,2034,N21,VIIRS,n,2.0NRT,301.76,17.68,N,surat,VIIRS_NOAA21_NRT
21.00648,72.96456,336.39,0.58,0.7,2024-04-14,729,N21,VIIRS,n,2.0NRT,295.65,5.97,D,surat,VIIRS_NOAA21_NRT
21.09889,72.84879,342.09,0.55,0.51,2024-04-15,850,N21,VIIRS,n,2.0NRT,305.44,5.09,D,surat,VIIRS_NOAA21_NRT
21.04025,72.79865,347.2,0.41,0.37,2024-04-17,811,N21,VIIRS,n,2.0NRT,317.5,10.58,D,surat,VIIRS_NOAA21_NRT
21.0241,72.98782,353.19,0.46,0.47,2024-04-18,752,N21,VIIRS,n,2.0NRT,304.31,7.21,D,surat,VIIRS_NOAA21_NRT
21.09757,72.79431,339.31,0.35,0.56,2024-04-20,856,N21,VIIRS,n,2.0NRT,305.89,3.77,D,surat,VIIRS_NOAA21_NRT
21.31835,72.85471,337.05,0.38,0.36,2024-04-22,818,N21,VIIRS,n,2.0NRT,305.82,5.77,D,surat,VIIRS_NOAA21_NRT
21.32951,73.03724,336.02,0.38,0.36,2024-04-22,818,N21,VIIRS,l,2.0NRT,307.2,1.52,D,surat,VIIRS_NOAA21_NRT
21.01329,72.76882,340.82,0.57,0.43,2024-04-23,758,N21,VIIRS,n,2.0NRT,311.14,3.73,D,surat,VIIRS_NOAA21_NRT
21.01336,72.76595,337.65,0.57,0.43,2024-04-23,758,N21,VIIRS,l,2.0NRT,309.53,9.52,D,surat,VIIRS_NOAA21_NRT
21.10308,72.83412,334.36,0.37,0.58,2024-04-24,739,N21,VIIRS,n,2.0NRT,303.34,2.88,D,surat,VIIRS_NOAA21_NRT
21.1277,72.923,330.83,0.37,0.58,2024-04-24,739,N21,VIIRS,l,2.0NRT,304.13,1.12,D,surat,VIIRS_NOAA21_NRT
21.02888,72.83302,334.3,0.43,0.46,2024-04-26,843,N21,VIIRS,n,2.0NRT,304.09,3.63,D,surat,VIIRS_NOAA21_NRT
21.02978,72.8335,330.12,0.43,0.46,2024-04-26,843,N21,VIIRS,l,2.0NRT,303.83,2.16,D,surat,VIIRS_NOAA21_NRT
21.15575,72.77185,336.78,0.43,0.46,2024-04-26,843,N21,VIIRS,n,2.0NRT,304.45,2.76,D,surat,VIIRS_NOAA21_NRT
21.17206,72.76546,344.57,0.43,0.46,2024-04-26,843,N21,VIIRS,n,2.0NRT,307.37,5.87,D,surat,VIIRS_NOAA21_NRT
21.17626,72.76488,338.21,0.43,0.46,2024-04-26,843,N21,VIIRS,n,2.0NRT,305.76,5.87,D,surat,VIIRS_NOAA21_NRT
21.17674,72.76901,338.3,0.43,0.46,2024-04-26,843,N21,VIIRS,n,2.0NRT,304.55,3.59,D,surat,VIIRS_NOAA21_NRT
21.11886,72.76707,341.2,0.47,0.4,2024-04-28,805,N21,VIIRS,l,2.0NRT,307.08,9.4,D,surat,VIIRS_NOAA21_NRT
21.12048,72.76833,345.98,0.47,0.4,2024-04-28,805,N21,VIIRS,n,2.0NRT,309.27,11.51,D,surat,VIIRS_NOAA21_NRT
21.28156,72.83002,342.21,0.47,0.39,2024-04-28,805,N21,VIIRS,n,2.0NRT,306.16,4.9,D,surat,VIIRS_NOAA21_NRT
21.17787,72.76542,348.1,0.44,0.38,2024-05-02,830,N21,VIIRS,l,2.0NRT,318.55,18.47,D,surat,VIIRS_NOAA21_NRT
21.24389,72.93246,339.71,0.45,0.39,2024-05-02,830,N21,VIIRS,l,2.0NRT,311.59,6.73,D,surat,VIIRS_NOAA21_NRT
21.20856,72.82438,315.72,0.46,0.39,2024-05-02,2059,N21,VIIRS,n,2.0NRT,298.09,2.6,N,surat,VIIRS_NOAA21_NRT
21.3205,73.00137,342.16,0.38,0.36,2024-05-08,818,N21,VIIRS,n,2.0NRT,307.93,3.07,D,surat,VIIRS_NOAA21_NRT
21.2575,72.94242,309.02,0.38,0.36,2024-05-08,2046,N21,VIIRS,n,2.0NRT,297.62,1.45,N,surat,VIIRS_NOAA21_NRT
21.16479,72.75039,342.98,0.38,0.43,2024-05-09,758,N21,VIIRS,n,2.0NRT,306.47,5.06,D,surat,VIIRS_NOAA21_NRT
21.06718,72.88479,311.38,0.53,0.42,2024-05-09,2027,N21,VIIRS,n,2.0NRT,295.78,1.67,N,surat,VIIRS_NOAA21_NRT
21.12154,72.79735,342.81,0.39,0.36,2024-05-13,824,N21,VIIRS,n,2.0NRT,312.69,12.57,D,surat,VIIRS_NOAA21_NRT
21.15114,72.76991,337.95,0.39,0.36,2024-05-13,824,N21,VIIRS,n,2.0NRT,306.39,6.09,D,surat,VIIRS_NOAA21_NRT
21.31282,73.00475,332.32,0.46,0.64,2024-05-21,733,N21,VIIRS,n,2.0NRT,300.69,2.64,D,surat,VIIRS_NOAA21_NRT
21.16787,72.98165,336.49,0.38,0.36,2024-05-24,818,N21,VIIRS,l,2.0NRT,311.16,4.83,D,surat,VIIRS_NOAA21_NRT
21.09876,72.84641,342.88,0.38,0.43,2024-05-25,758,N21,VIIRS,n,2.0NRT,308.03,3.31,D,surat,VIIRS_NOAA21_NRT
21.31676,72.89276,308.86,0.46,0.63,2024-05-27,2129,N21,VIIRS,n,2.0NRT,290.99,2.45,N,surat,VIIRS_NOAA21_NRT
21.33871,72.78493,334.7,0.44,0.38,2024-06-03,830,N21,VIIRS,n,2.0NRT,301.41,5.55,D,surat,VIIRS_NOAA21_NRT
21.3393,72.78207,336.58,0.44,0.38,2024-06-03,830,N21,VIIRS,n,2.0NRT,301.18,4.29,D,surat,VIIRS_NOAA21_NRT
21.12485,72.84853,329.72,0.46,0.39,2024-06-03,2059,N21,VIIRS,n,2.0NRT,293.31,6.57,N,surat,VIIRS_NOAA21_NRT
21.12868,72.96922,345.52,0.41,0.37,2024-06-04,811,N21,VIIRS,n,2.0NRT,310.08,6.0,D,surat,VIIRS_NOAA21_NRT
21.0971,72.84613,331.34,0.4,0.37,2024-06-04,2040,N21,VIIRS,n,2.0NRT,295.94,4.42,N,surat,VIIRS_NOAA21_NRT
21.04383,72.8793,334.34,0.43,0.46,2024-06-13,843,N21,VIIRS,n,2.0NRT,301.19,5.1,D,surat,VIIRS_NOAA21_NRT
21.04432,72.88344,341.95,0.43,0.46,2024-06-13,843,N21,VIIRS,n,2.0NRT,301.69,5.1,D,surat,VIIRS_NOAA21_NRT
21.15446,72.94112,331.5,0.44,0.46,2024-06-13,843,N21,VIIRS,l,2.0NRT,303.7,3.66,D,surat,VIIRS_NOAA21_NRT
21.16643,72.75485,332.3,0.43,0.46,2024-06-13,843,N21,VIIRS,n,2.0NRT,301.39,4.88,D,surat,VIIRS_NOAA21_NRT
21.02495,72.98564,334.79,0.4,0.37,2024-06-14,824,N21,VIIRS,n,2.0NRT,299.55,1.87,D,surat,VIIRS_NOAA21_NRT
21.0255,72.98943,341.43,0.4,0.37,2024-06-14,824,N21,VIIRS,n,2.0NRT,302.26,3.11,D,surat,VIIRS_NOAA21_NRT
21.1731,72.93474,308.4,0.41,0.37,2024-06-14,2055,N21,VIIRS,n,2.0NRT,291.27,2.05,N,surat,VIIRS_NOAA21_NRT
21.18524,72.97493,336.15,0.43,0.46,2024-09-17,843,N21,VIIRS,n,2.0NRT,301.14,3.91,D,surat,VIIRS_NOAA21_NRT
21.09387,72.85051,306.35,0.45,0.39,2024-09-19,2036,N21,VIIRS,n,2.0NRT,292.38,2.16,N,surat,VIIRS_NOAA21_NRT
21.26497,72.85757,338.69,0.47,0.48,2024-10-27,754,N21,VIIRS,n,2.0NRT,305.16,2.72,D,surat,VIIRS_NOAA21_NRT
21.20877,72.87865,308.72,0.44,0.46,2024-10-27,2023,N21,VIIRS,n,2.0NRT,296.99,2.09,N,surat,VIIRS_NOAA21_NRT
21.16565,72.83169,308.71,0.38,0.36,2024-10-31,2046,N21,VIIRS,n,2.0NRT,297.09,1.57,N,surat,VIIRS_NOAA21_NRT
21.1189,73.01051,332.62,0.46,0.39,2024-11-06,807,N21,VIIRS,n,2.0NRT,307.37,5.26,D,surat,VIIRS_NOAA21_NRT
21.33875,72.99643,338.38,0.46,0.39,2024-11-06,807,N21,VIIRS,l,2.0NRT,310.88,5.33,D,surat,VIIRS_NOAA21_NRT
21.33949,73.00076,349.83,0.46,0.39,2024-11-06,807,N21,VIIRS,n,2.0NRT,309.52,5.33,D,surat,VIIRS_NOAA21_NRT
21.34304,73.00008,349.43,0.46,0.39,2024-11-06,807,N21,VIIRS,n,2.0NRT,310.37,5.33,D,surat,VIIRS_NOAA21_NRT
21.3466,72.9994,336.88,0.46,0.39,2024-11-06,807,N21,VIIRS,l,2.0NRT,307.58,2.97,D,surat,VIIRS_NOAA21_NRT
21.33749,73.00755,304.27,0.44,0.38,2024-11-06,2036,N21,VIIRS,n,2.0NRT,292.64,0.77,N,surat,VIIRS_NOAA21_NRT
21.0916,72.84975,304.77,0.6,0.71,2024-11-08,2140,N21,VIIRS,n,2.0NRT,292.63,1.9,N,surat,VIIRS_NOAA21_NRT
21.09608,72.85123,302.67,0.6,0.71,2024-11-08,2140,N21,VIIRS,n,2.0NRT,292.56,1.46,N,surat,VIIRS_NOAA21_NRT
21.29591,72.8857,335.61,0.56,0.52,2024-11-09,852,N21,VIIRS,n,2.0NRT,304.94,3.96,D,surat,VIIRS_NOAA21_NRT
21.09859,72.84901,332.96,0.45,0.39,2024-11-10,832,N21,VIIRS,l,2.0NRT,305.78,5.81,D,surat,VIIRS_NOAA21_NRT
21.09476,72.84921,310.72,0.47,0.4,2024-11-10,2101,N21,VIIRS,n,2.0NRT,295.94,1.62,N,surat,VIIRS_NOAA21_NRT
21.34441,73.00359,338.64,0.4,0.37,2024-11-11,813,N21,VIIRS,n,2.0NRT,308.3,2.49,D,surat,VIIRS_NOAA21_NRT
21.20521,72.93116,333.47,0.38,0.36,2024-11-16,820,N21,VIIRS,n,2.0NRT,303.26,2.94,D,surat,VIIRS_NOAA21_NRT
21.158,73.0345,303.66,0.39,0.36,2024-11-16,2050,N21,VIIRS,n,2.0NRT,293.1,0.27,N,surat,VIIRS_NOAA21_NRT
21.29176,72.92248,303.2,0.39,0.36,2024-11-16,2050,N21,VIIRS,n,2.0NRT,292.91,0.51,N,surat,VIIRS_NOAA21_NRT
21.22935,73.04831,316.34,0.51,0.41,2024-11-17,2029,N21,VIIRS,n,2.0NRT,291.78,2.36,N,surat,VIIRS_NOAA21_NRT
21.26835,72.89439,309.9,0.52,0.41,2024-11-17,2029,N21,VIIRS,n,2.0NRT,292.07,1.6,N,surat,VIIRS_NOAA21_NRT
21.14482,72.98619,333.36,0.36,0.57,2024-11-18,743,N21,VIIRS,n,2.0NRT,303.25,3.89,D,surat,VIIRS_NOAA21_NRT
21.2404,72.76993,330.41,0.37,0.58,2024-11-18,743,N21,VIIRS,n,2.0NRT,303.47,1.94,D,surat,VIIRS_NOAA21_NRT
21.26945,73.01385,303.02,0.33,0.55,2024-11-18,2012,N21,VIIRS,n,2.0NRT,290.1,1.17,N,surat,VIIRS_NOAA21_NRT
21.27624,72.99845,300.99,0.33,0.56,2024-11-18,2012,N21,VIIRS,n,2.0NRT,289.64,0.3,N,surat,VIIRS_NOAA21_NRT
21.22988,72.93519,304.11,0.49,0.65,2024-11-19,2133,N21,VIIRS,n,2.0NRT,290.62,0.93,N,surat,VIIRS_NOAA21_NRT
21.07945,72.98013,331.23,0.45,0.47,2024-11-20,845,N21,VIIRS,l,2.0NRT,303.49,2.89,D,surat,VIIRS_NOAA21_NRT
21.32983,72.93711,302.05,0.48,0.48,2024-11-20,2114,N21,VIIRS,n,2.0NRT,290.14,0.72,N,surat,VIIRS_NOAA21_NRT
21.2171,73.01756,301.01,0.42,0.37,2024-11-21,2055,N21,VIIRS,n,2.0NRT,289.92,0.69,N,surat,VIIRS_NOAA21_NRT
21.24663,72.7796,302.68,0.41,0.37,2024-11-21,2055,N21,VIIRS,n,2.0NRT,289.99,0.59,N,surat,VIIRS_NOAA21_NRT
21.11825,72.82812,341.34,0.46,0.39,2024-11-22,807,N21,VIIRS,n,2.0NRT,306.01,6.76,D,surat,VIIRS_NOAA21_NRT
21.34082,72.99706,338.88,0.45,0.39,2024-11-22,807,N21,VIIRS,n,2.0NRT,305.91,5.05,D,surat,VIIRS_NOAA21_NRT
21.248,73.0415,305.15,0.43,0.38,2024-11-22,2038,N21,VIIRS,n,2.0NRT,289.35,0.86,N,surat,VIIRS_NOAA21_NRT
21.28191,72.85184,306.09,0.44,0.38,2024-11-22,2038,N21,VIIRS,n,2.0NRT,289.5,1.06,N,surat,VIIRS_NOAA21_NRT
21.21821,72.9458,302.28,0.53,0.5,2024-11-23,2018,N21,VIIRS,n,2.0NRT,290.29,0.7,N,surat,VIIRS_NOAA21_NRT
21.21609,72.94427,298.8,0.54,0.68,2024-11-24,1959,N21,VIIRS,n,2.0NRT,283.65,0.44,N,surat,VIIRS_NOAA21_NRT
21.21754,72.94518,299.18,0.54,0.68,2024-11-24,1959,N21,VIIRS,n,2.0NRT,283.46,0.8,N,surat,VIIRS_NOAA21_NRT
21.23209,72.97827,305.29,0.48,0.4,2024-11-26,2101,N21,VIIRS,n,2.0NRT,287.67,1.21,N,surat,VIIRS_NOAA21_NRT
21.2987,73.00618,304.68,0.48,0.4,2024-11-26,2101,N21,VIIRS,n,2.0NRT,288.21,0.92,N,surat,VIIRS_NOAA21_NRT
21.05992,72.9439,301.64,0.39,0.36,2024-11-27,2044,N21,VIIRS,n,2.0NRT,289.04,0.35,N,surat,VIIRS_NOAA21_NRT
21.22738,72.77912,310.87,0.39,0.37,2024-11-27,2044,N21,VIIRS,n,2.0NRT,291.93,1.04,N,surat,VIIRS_NOAA21_NRT
21.32448,72.85732,298.45,0.39,0.36,2024-11-27,2044,N21,VIIRS,n,2.0NRT,287.7,0.42,N,surat,VIIRS_NOAA21_NRT
21.18882,72.87589,330.55,0.42,0.45,2024-11-28,2023,N21,VIIRS,n,2.0NRT,292.43,3.19,N,surat,VIIRS_NOAA21_NRT
21.1893,72.87183,309.96,0.42,0.45,2024-11-28,2023,N21,VIIRS,n,2.0NRT,292.03,3.19,N,surat,VIIRS_NOAA21_NRT
21.24704,72.95358,301.52,0.42,0.45,2024-11-28,2023,N21,VIIRS,n,2.0NRT,290.0,0.65,N,surat,VIIRS_NOAA21_NRT
21.27047,72.98921,307.07,0.42,0.45,2024-11-28,2023,N21,VIIRS,n,2.0NRT,289.72,0.59,N,surat,VIIRS_NOAA21_NRT
21.19597,72.98318,332.49,0.37,0.58,2024-11-30,858,N21,VIIRS,n,2.0NRT,302.62,3.52,D,surat,VIIRS_NOAA21_NRT
21.19689,72.98379,337.96,0.37,0.58,2024-11-30,858,N21,VIIRS,n,2.0NRT,302.33,3.31,D,surat,VIIRS_NOAA21_NRT
21.11388,72.89751,331.3,0.54,0.42,2024-12-01,839,N21,VIIRS,n,2.0NRT,302.9,4.15,D,surat,VIIRS_NOAA21_NRT
21.33605,73.00414,300.58,0.39,0.44,2024-12-01,2108,N21,VIIRS,n,2.0NRT,289.12,0.47,N,surat,VIIRS_NOAA21_NRT
21.3439,72.80978,305.05,0.57,0.43,2024-12-01,2108,N21,VIIRS,n,2.0NRT,289.27,1.13,N,surat,VIIRS_NOAA21_NRT
21.23898,73.00948,320.19,0.33,0.55,2024-12-04,2012,N21,VIIRS,n,2.0NRT,292.29,1.64,N,surat,VIIRS_NOAA21_NRT
21.21177,73.03085,297.77,0.42,0.37,2024-12-07,2055,N21,VIIRS,n,2.0NRT,286.17,0.32,N,surat,VIIRS_NOAA21_NRT
21.26584,72.8373,298.15,0.41,0.37,2024-12-07,2055,N21,VIIRS,n,2.0NRT,287.47,0.46,N,surat,VIIRS_NOAA21_NRT
21.29558,72.82683,297.0,0.41,0.37,2024-12-07,2055,N21,VIIRS,n,2.0NRT,286.29,0.45,N,surat,VIIRS_NOAA21_NRT
21.31949,72.87187,303.06,0.41,0.37,2024-12-07,2055,N21,VIIRS,n,2.0NRT,289.68,0.57,N,surat,VIIRS_NOAA21_NRT
21.28799,73.0135,331.26,0.45,0.39,2024-12-08,807,N21,VIIRS,n,2.0NRT,304.71,2.91,D,surat,VIIRS_NOAA21_NRT
21.32199,72.86948,307.76,0.44,0.38,2024-12-08,2038,N21,VIIRS,n,2.0NRT,285.05,1.27,N,surat,VIIRS_NOAA21_NRT
21.32316,72.86893,312.85,0.44,0.38,2024-12-08,2038,N21,VIIRS,n,2.0NRT,284.79,1.39,N,surat,VIIRS_NOAA21_NRT
21.1908,73.0488,304.12,0.62,0.72,2024-12-10,2140,N21,VIIRS,n,2.0NRT,286.43,1.34,N,surat,VIIRS_NOAA21_NRT
21.19103,73.04844,304.12,0.62,0.72,2024-12-10,2140,N21,VIIRS,n,2.0NRT,286.4,1.93,N,surat,VIIRS_NOAA21_NRT
21.33395,72.92564,299.62,0.6,0.53,2024-12-11,2120,N21,VIIRS,n,2.0NRT,288.28,0.8,N,surat,VIIRS_NOAA21_NRT
21.08995,72.85722,302.98,0.48,0.4,2024-12-12,2101,N21,VIIRS,n,2.0NRT,290.37,0.51,N,surat,VIIRS_NOAA21_NRT
21.34922,72.92459,308.79,0.48,0.4,2024-12-12,2101,N21,VIIRS,n,2.0NRT,286.08,1.05,N,surat,VIIRS_NOAA21_NRT
21.07892,72.97099,296.06,0.39,0.36,2024-12-13,2044,N21,VIIRS,n,2.0NRT,280.27,0.5,N,surat,VIIRS_NOAA21_NRT
21.17225,72.93709,295.8,0.39,0.36,2024-12-13,2044,N21,VIIRS,n,2.0NRT,284.82,0.29,N,surat,VIIRS_NOAA21_NRT
21.21936,72.94121,307.41,0.39,0.36,2024-12-13,2044,N21,VIIRS,n,2.0NRT,286.07,0.9,N,surat,VIIRS_NOAA21_NRT
21.24118,72.97572,313.11,0.42,0.45,2024-12-14,2023,N21,VIIRS,n,2.0NRT,285.84,1.75,N,surat,VIIRS_NOAA21_NRT
21.28025,72.83389,298.57,0.44,0.62,2024-12-15,2006,N21,VIIRS,n,2.0NRT,284.89,0.49,N,surat,VIIRS_NOAA21_NRT
21.28351,72.83596,300.82,0.43,0.62,2024-12-15,2006,N21,VIIRS,n,2.0NRT,285.03,0.54,N,surat,VIIRS_NOAA21_NRT
21.31376,72.84578,295.32,0.43,0.62,2024-12-15,2006,N21,VIIRS,n,2.0NRT,285.14,0.37,N,surat,VIIRS_NOAA21_NRT
21.34268,72.84451,295.66,0.44,0.62,2024-12-15,2006,N21,VIIRS,n,2.0NRT,285.11,0.44,N,surat,VIIRS_NOAA21_NRT
21.33921,73.00848,328.89,0.35,0.57,2024-12-20,741,N21,VIIRS,n,2.0NRT,293.26,4.11,D,surat,VIIRS_NOAA21_NRT
21.04849,72.90902,307.72,0.34,0.56,2024-12-20,2012,N21,VIIRS,n,2.0NRT,290.0,0.77,N,surat,VIIRS_NOAA21_NRT
21.23107,73.00772,295.88,0.33,0.56,2024-12-20,2012,N21,VIIRS,n,2.0NRT,285.54,0.38,N,surat,VIIRS_NOAA21_NRT
21.23285,73.00734,301.38,0.33,0.56,2024-12-20,2012,N21,VIIRS,n,2.0NRT,285.94,0.41,N,surat,VIIRS_NOAA21_NRT
21.31819,73.01436,298.33,0.33,0.56,2024-12-20,2012,N21,VIIRS,n,2.0NRT,279.42,0.46,N,surat,VIIRS_NOAA21_NRT
21.21114,73.01304,331.12,0.4,0.37,2024-12-23,826,N21,VIIRS,n,2.0NRT,295.98,2.56,D,surat,VIIRS_NOAA21_NRT
21.31192,72.81871,300.9,0.41,0.37,2024-12-23,2055,N21,VIIRS,n,2.0NRT,286.34,0.55,N,surat,VIIRS_NOAA21_NRT
21.23935,72.96568,332.26,0.45,0.39,2024-12-24,807,N21,VIIRS,n,2.0NRT,298.25,4.0,D,surat,VIIRS_NOAA21_NRT
21.10542,72.84427,304.28,0.44,0.38,2024-12-24,2036,N21,VIIRS,n,2.0NRT,289.96,3.5,N,surat,VIIRS_NOAA21_NRT
21.10601,72.84008,328.06,0.44,0.38,2024-12-24,2036,N21,VIIRS,n,2.0NRT,291.67,5.5,N,surat,VIIRS_NOAA21_NRT
21.20568,72.75989,339.83,0.44,0.39,2024-12-28,832,N21,VIIRS,n,2.0NRT,296.94,11.04,D,surat,VIIRS_NOAA21_NRT
21.33462,72.79208,303.36,0.47,0.39,2024-12-28,2101,N21,VIIRS,n,2.0NRT,289.93,0.76,N,surat,VIIRS_NOAA21_NRT
21.06569,72.90218,333.3,0.4,0.37,2024-12-29,813,N21,VIIRS,n,2.0NRT,303.53,3.81,D,surat,VIIRS_NOAA21_NRT
21.25774,72.99772,309.49,0.39,0.36,2024-12-29,2042,N21,VIIRS,n,2.0NRT,291.3,1.1,N,surat,VIIRS_NOAA21_NRT
21.25505,73.00092,353.25,0.45,0.47,2024-12-30,754,N21,VIIRS,n,2.0NRT,302.68,12.47,D,surat,VIIRS_NOAA21_NRT
21.23356,72.77269,324.77,0.44,0.46,2024-12-30,2023,N21,VIIRS,n,2.0NRT,291.97,3.32,N,surat,VIIRS_NOAA21_NRT
21.24016,73.01486,337.07,0.36,0.58,2025-01-01,858,N21,VIIRS,n,2.0NRT,302.91,4.59,D,surat,VIIRS_NOAA21_NRT
21.2405,73.01834,341.74,0.36,0.58,2025-01-01,858,N21,VIIRS,n,2.0NRT,301.97,4.59,D,surat,VIIRS_NOAA21_NRT
21.28648,73.00182,331.26,0.36,0.58,2025-01-01,858,N21,VIIRS,n,2.0NRT,303.08,2.98,D,surat,VIIRS_NOAA21_NRT
21.33634,72.85689,337.74,0.36,0.57,2025-01-01,858,N21,VIIRS,n,2.0NRT,301.17,2.86,D,surat,VIIRS_NOAA21_NRT
21.30077,72.8874,308.69,0.37,0.58,2025-01-01,2127,N21,VIIRS,n,2.0NRT,291.1,1.04,N,surat,VIIRS_NOAA21_NRT
21.28687,72.89679,297.8,0.38,0.36,2025-01-03,2048,N21,VIIRS,n,2.0NRT,287.2,0.41,N,surat,VIIRS_NOAA21_NRT
21.31734,73.03014,305.35,0.39,0.36,2025-01-03,2048,N21,VIIRS,n,2.0NRT,287.61,0.96,N,surat,VIIRS_NOAA21_NRT
21.32063,73.03073,308.41,0.39,0.36,2025-01-03,2048,N21,VIIRS,n,2.0NRT,288.16,0.96,N,surat,VIIRS_NOAA21_NRT
21.06785,72.96708,301.91,0.39,0.36,2025-01-03,2050,N21,VIIRS,n,2.0NRT,287.32,0.38,N,surat,VIIRS_NOAA21_NRT
21.28773,73.00575,303.91,0.48,0.48,2025-01-07,2114,N21,VIIRS,n,2.0NRT,285.21,1.12,N,surat,VIIRS_NOAA21_NRT
21.28831,73.00798,303.84,0.48,0.48,2025-01-07,2114,N21,VIIRS,n,2.0NRT,285.39,0.86,N,surat,VIIRS_NOAA21_NRT
21.09707,73.01532,323.82,0.41,0.37,2025-01-08,2055,N21,VIIRS,n,2.0NRT,288.63,2.38,N,surat,VIIRS_NOAA21_NRT
21.09774,73.0114,302.5,0.41,0.37,2025-01-08,2055,N21,VIIRS,n,2.0NRT,287.5,0.88,N,surat,VIIRS_NOAA21_NRT
21.27794,72.85939,331.65,0.41,0.37,2025-01-08,2055,N21,VIIRS,n,2.0NRT,289.83,7.45,N,surat,VIIRS_NOAA21_NRT
21.32749,72.83019,308.25,0.57,0.69,2025-01-11,1957,N21,VIIRS,n,2.0NRT,287.65,2.5,N,surat,VIIRS_NOAA21_NRT
21.09609,72.80653,302.22,0.58,0.52,2025-01-12,2120,N21,VIIRS,n,2.0NRT,290.54,19.24,N,surat,VIIRS_NOAA21_NRT
21.09721,72.80104,338.53,0.58,0.52,2025-01-12,2120,N21,VIIRS,n,2.0NRT,298.13,19.24,N,surat,VIIRS_NOAA21_NRT
21.23699,72.96921,302.15,0.59,0.53,2025-01-12,2120,N21,VIIRS,n,2.0NRT,288.51,1.16,N,surat,VIIRS_NOAA21_NRT
21.09758,72.803,349.45,0.44,0.38,2025-01-13,832,N21,VIIRS,n,2.0NRT,315.83,19.89,D,surat,VIIRS_NOAA21_NRT
21.14405,73.02216,334.87,0.4,0.37,2025-01-14,813,N21,VIIRS,n,2.0NRT,303.28,2.1,D,surat,VIIRS_NOAA21_NRT
21.17047,73.02519,332.94,0.4,0.37,2025-01-14,813,N21,VIIRS,n,2.0NRT,303.14,2.11,D,surat,VIIRS_NOAA21_NRT
21.17398,72.93655,303.0,0.4,0.37,2025-01-14,2042,N21,VIIRS,n,2.0NRT,290.38,0.73,N,surat,VIIRS_NOAA21_NRT
21.09696,72.80544,309.39,0.44,0.46,2025-01-15,2025,N21,VIIRS,n,2.0NRT,291.81,1.58,N,surat,VIIRS_NOAA21_NRT
21.23612,72.93427,301.32,0.43,0.46,2025-01-15,2025,N21,VIIRS,n,2.0NRT,289.89,0.74,N,surat,VIIRS_NOAA21_NRT
21.09746,72.80206,300.66,0.45,0.63,2025-01-16,2004,N21,VIIRS,n,2.0NRT,289.16,0.95,N,surat,VIIRS_NOAA21_NRT
21.19754,72.99236,331.22,0.35,0.57,2025-01-17,856,N21,VIIRS,n,2.0NRT,297.6,2.41,D,surat,VIIRS_NOAA21_NRT
21.27173,72.84956,305.07,0.37,0.58,2025-01-17,2127,N21,VIIRS,n,2.0NRT,289.51,0.54,N,surat,VIIRS_NOAA21_NRT
21.27197,72.8501,306.06,0.37,0.58,2025-01-17,2127,N21,VIIRS,n,2.0NRT,289.39,0.65,N,surat,VIIRS_NOAA21_NRT
21.2521,72.97124,299.85,0.38,0.36,2025-01-19,2048,N21,VIIRS,n,2.0NRT,289.49,0.28,N,surat,VIIRS_NOAA21_NRT
21.2927,72.91689,302.57,0.53,0.42,2025-01-20,2029,N21,VIIRS,n,2.0NRT,290.14,0.67,N,surat,VIIRS_NOAA21_NRT
21.01066,72.8199,331.55,0.38,0.59,2025-01-21,741,N21,VIIRS,n,2.0NRT,306.42,2.82,D,surat,VIIRS_NOAA21_NRT
21.05623,72.92118,331.53,0.43,0.46,2025-01-23,843,N21,VIIRS,l,2.0NRT,305.39,1.68,D,surat,VIIRS_NOAA21_NRT
21.17481,72.93481,309.71,0.46,0.47,2025-01-23,2114,N21,VIIRS,n,2.0NRT,290.31,1.03,N,surat,VIIRS_NOAA21_NRT
21.34867,72.99459,299.8,0.46,0.47,2025-01-23,2114,N21,VIIRS,n,2.0NRT,289.29,0.92,N,surat,VIIRS_NOAA21_NRT
21.25053,72.97146,334.15,0.4,0.37,2025-01-24,826,N21,VIIRS,n,2.0NRT,307.05,1.33,D,surat,VIIRS_NOAA21_NRT
21.3486,72.78083,332.4,0.39,0.36,2025-01-24,826,N21,VIIRS,n,2.0NRT,305.58,1.84,D,surat,VIIRS_NOAA21_NRT
21.10296,72.86757,303.65,0.41,0.37,2025-01-24,2053,N21,VIIRS,n,2.0NRT,292.52,0.32,N,surat,VIIRS_NOAA21_NRT
21.04721,72.90825,299.13,0.57,0.69,2025-01-27,1957,N21,VIIRS,n,2.0NRT,289.05,0.88,N,surat,VIIRS_NOAA21_NRT
21.32727,73.02109,335.66,0.41,0.37,2025-01-30,811,N21,VIIRS,n,2.0NRT,309.28,6.66,D,surat,VIIRS_NOAA21_NRT
21.3376,72.99916,355.58,0.41,0.37,2025-01-30,811,N21,VIIRS,l,2.0NRT,311.09,8.34,D,surat,VIIRS_NOAA21_NRT
21.33823,73.00304,335.51,0.41,0.37,2025-01-30,811,N21,VIIRS,l,2.0NRT,309.06,8.34,D,surat,VIIRS_NOAA21_NRT
21.34097,72.99854,355.53,0.41,0.37,2025-01-30,811,N21,VIIRS,l,2.0NRT,311.22,11.61,D,surat,VIIRS_NOAA21_NRT
21.34161,73.00242,352.03,0.41,0.37,2025-01-30,811,N21,VIIRS,n,2.0NRT,310.05,11.61,D,surat,VIIRS_NOAA21_NRT
21.34372,72.99403,346.11,0.41,0.37,2025-01-30,811,N21,VIIRS,n,2.0NRT,308.21,22.13,D,surat,VIIRS_NOAA21_NRT
21.34435,72.99791,355.64,0.41,0.37,2025-01-30,811,N21,VIIRS,l,2.0NRT,310.6,11.61,D,surat,VIIRS_NOAA21_NRT
21.34499,73.0018,350.71,0.41,0.37,2025-01-30,811,N21,VIIRS,n,2.0NRT,309.01,11.61,D,surat,VIIRS_NOAA21_NRT
21.34562,73.00568,345.75,0.41,0.37,2025-01-30,811,N21,VIIRS,n,2.0NRT,309.73,3.87,D,surat,VIIRS_NOAA21_NRT
21.34773,72.99729,340.24,0.41,0.37,2025-01-30,811,N21,VIIRS,n,2.0NRT,307.6,3.8,D,surat,VIIRS_NOAA21_NRT
21.08931,72.97687,304.6,0.44,0.46,2025-01-31,2023,N21,VIIRS,n,2.0NRT,289.71,1.08,N,surat,VIIRS_NOAA21_NRT
21.03293,72.96569,337.12,0.34,0.56,2025-02-02,856,N21,VIIRS,n,2.0NRT,299.23,2.4,D,surat,VIIRS_NOAA21_NRT
21.08334,72.94654,333.9,0.34,0.56,2025-02-02,856,N21,VIIRS,n,2.0NRT,299.45,1.83,D,surat,VIIRS_NOAA21_NRT
21.14447,73.01376,305.84,0.37,0.58,2025-02-02,2127,N21,VIIRS,n,2.0NRT,286.96,1.47,N,surat,VIIRS_NOAA21_NRT
21.34626,72.81594,299.05,0.36,0.57,2025-02-02,2127,N21,VIIRS,n,2.0NRT,285.91,0.46,N,surat,VIIRS_NOAA21_NRT
21.04517,72.9167,316.4,0.56,0.43,2025-02-03,2105,N21,VIIRS,n,2.0NRT,290.89,2.79,N,surat,VIIRS_NOAA21_NRT
21.12796,73.00923,331.38,0.38,0.36,2025-02-04,817,N21,VIIRS,n,2.0NRT,302.1,1.91,D,surat,VIIRS_NOAA21_NRT
21.18542,72.93921,330.64,0.38,0.36,2025-02-04,817,N21,VIIRS,l,2.0NRT,303.01,2.67,D,surat,VIIRS_NOAA21_NRT
21.30042,72.84684,348.84,0.38,0.36,2025-02-04,817,N21,VIIRS,n,2.0NRT,307.43,5.27,D,surat,VIIRS_NOAA21_NRT
21.0467,72.91688,301.49,0.38,0.36,2025-02-04,2048,N21,VIIRS,n,2.0NRT,291.15,0.62,N,surat,VIIRS_NOAA21_NRT
21.11995,72.85855,302.02,0.38,0.36,2025-02-04,2048,N21,VIIRS,n,2.0NRT,290.9,0.62,N,surat,VIIRS_NOAA21_NRT
21.13858,73.00484,298.37,0.38,0.36,2025-02-04,2048,N21,VIIRS,n,2.0NRT,288.09,0.34,N,surat,VIIRS_NOAA21_NRT
21.33505,72.79131,299.86,0.38,0.36,2025-02-04,2048,N21,VIIRS,n,2.0NRT,287.06,0.57,N,surat,VIIRS_NOAA21_NRT
21.30828,72.93505,325.13,0.53,0.42,2025-02-05,2027,N21,VIIRS,n,2.0NRT,289.61,3.41,N,surat,VIIRS_NOAA21_NRT
21.01224,72.7564,332.44,0.39,0.59,2025-02-06,739,N21,VIIRS,n,2.0NRT,299.41,3.27,D,surat,VIIRS_NOAA21_NRT
21.01416,72.75438,330.05,0.39,0.59,2025-02-06,739,N21,VIIRS,n,2.0NRT,298.92,2.54,D,surat,VIIRS_NOAA21_NRT
21.04515,73.00188,305.51,0.35,0.57,2025-02-06,2010,N21,VIIRS,n,2.0NRT,290.6,1.02,N,surat,VIIRS_NOAA21_NRT
21.33418,72.77143,311.2,0.36,0.58,2025-02-06,2010,N21,VIIRS,n,2.0NRT,289.26,1.05,N,surat,VIIRS_NOAA21_NRT
21.06807,72.88674,335.0,0.76,0.77,2025-02-07,722,N21,VIIRS,n,2.0NRT,296.4,6.77,D,surat,VIIRS_NOAA21_NRT
21.27283,72.83128,298.3,0.46,0.63,2025-02-07,2131,N21,VIIRS,n,2.0NRT,287.87,0.23,N,surat,VIIRS_NOAA21_NRT
21.06758,72.88654,331.82,0.39,0.37,2025-02-09,826,N21,VIIRS,n,2.0NRT,304.2,1.5,D,surat,VIIRS_NOAA21_NRT
21.28182,73.03387,306.45,0.41,0.37,2025-02-09,2053,N21,VIIRS,n,2.0NRT,289.78,0.79,N,surat,VIIRS_NOAA21_NRT
21.02675,72.93489,333.69,0.47,0.4,2025-02-10,805,N21,VIIRS,n,2.0NRT,307.93,3.84,D,surat,VIIRS_NOAA21_NRT
21.31267,72.92199,298.36,0.59,0.7,2025-02-12,2137,N21,VIIRS,n,2.0NRT,288.29,1.06,N,surat,VIIRS_NOAA21_NRT
21.01661,72.81528,331.3,0.54,0.51,2025-02-13,849,N21,VIIRS,l,2.0NRT,306.04,5.26,D,surat,VIIRS_NOAA21_NRT
21.2712,72.85581,298.77,0.58,0.52,2025-02-13,2120,N21,VIIRS,n,2.0NRT,288.16,1.33,N,surat,VIIRS_NOAA21_NRT
21.06088,72.85583,338.62,0.44,0.38,2025-02-14,832,N21,VIIRS,n,2.0NRT,309.19,3.99,D,surat,VIIRS_NOAA21_NRT
21.27282,72.8496,299.69,0.46,0.39,2025-02-14,2059,N21,VIIRS,n,2.0NRT,288.99,0.32,N,surat,VIIRS_NOAA21_NRT
21.3007,72.85297,305.26,0.46,0.39,2025-02-14,2059,N21,VIIRS,n,2.0NRT,287.92,0.51,N,surat,VIIRS_NOAA21_NRT
21.30203,72.85101,301.19,0.46,0.39,2025-02-14,2059,N21,VIIRS,n,2.0NRT,288.52,0.83,N,surat,VIIRS_NOAA21_NRT
21.20806,72.97802,308.92,0.4,0.37,2025-02-15,2042,N21,VIIRS,n,2.0NRT,291.01,1.05,N,surat,VIIRS_NOAA21_NRT
21.29761,72.89941,311.91,0.4,0.37,2025-02-15,2042,N21,VIIRS,n,2.0NRT,290.21,0.61,N,surat,VIIRS_NOAA21_NRT
21.01975,72.75423,346.32,0.48,0.48,2025-02-16,754,N21,VIIRS,n,2.0NRT,309.5,13.2,D,surat,VIIRS_NOAA21_NRT
21.31719,73.04219,334.61,0.46,0.47,2025-02-16,754,N21,VIIRS,l,2.0NRT,307.52,3.95,D,surat,VIIRS_NOAA21_NRT
21.15028,72.97857,336.39,0.53,0.42,2025-02-19,837,N21,VIIRS,n,2.0NRT,309.04,4.07,D,surat,VIIRS_NOAA21_NRT
21.34836,72.87321,299.53,0.38,0.36,2025-02-20,2048,N21,VIIRS,n,2.0NRT,289.3,0.41,N,surat,VIIRS_NOAA21_NRT
21.09116,72.99776,321.07,0.52,0.42,2025-02-21,2029,N21,VIIRS,n,2.0NRT,289.54,2.24,N,surat,VIIRS_NOAA21_NRT
21.21027,72.97019,312.8,0.35,0.56,2025-02-22,2010,N21,VIIRS,n,2.0NRT,291.92,1.9,N,surat,VIIRS_NOAA21_NRT
21.24627,72.77414,337.02,0.44,0.62,2025-02-23,904,N21,VIIRS,n,2.0NRT,308.02,2.98,D,surat,VIIRS_NOAA21_NRT
21.33116,72.83868,322.02,0.46,0.64,2025-02-23,2131,N21,VIIRS,n,2.0NRT,290.09,2.65,N,surat,VIIRS_NOAA21_NRT
21.33684,72.8402,309.37,0.46,0.64,2025-02-23,2131,N21,VIIRS,n,2.0NRT,288.65,1.26,N,surat,VIIRS_NOAA21_NRT
21.25706,72.87267,347.46,0.43,0.46,2025-02-24,843,N21,VIIRS,n,2.0NRT,312.25,8.27,D,surat,VIIRS_NOAA21_NRT
21.04673,72.9098,312.44,0.47,0.48,2025-02-24,2114,N21,VIIRS,n,2.0NRT,291.61,1.6,N,surat,VIIRS_NOAA21_NRT
21.25634,72.9301,342.15,0.4,0.37,2025-02-25,826,N21,VIIRS,n,2.0NRT,315.35,4.32,D,surat,VIIRS_NOAA21_NRT
21.20863,72.87888,309.45,0.44,0.39,2025-02-26,2036,N21,VIIRS,n,2.0NRT,295.55,2.17,N,surat,VIIRS_NOAA21_NRT
21.21327,72.81865,314.94,0.45,0.39,2025-02-26,2036,N21,VIIRS,n,2.0NRT,296.99,2.28,N,surat,VIIRS_NOAA21_NRT
21.17767,72.95902,332.42,0.57,0.69,2025-02-28,911,N21,VIIRS,n,2.0NRT,301.26,3.57,D,surat,VIIRS_NOAA21_NRT
21.27921,72.81103,305.94,0.4,0.37,2025-03-03,2042,N21,VIIRS,n,2.0NRT,290.85,0.45,N,surat,VIIRS_NOAA21_NRT
21.04609,72.882,331.5,0.47,0.48,2025-03-04,754,N21,VIIRS,l,2.0NRT,305.73,3.35,D,surat,VIIRS_NOAA21_NRT
21.23339,72.76546,339.28,0.47,0.48,2025-03-04,754,N21,VIIRS,n,2.0NRT,303.09,7.21,D,surat,VIIRS_NOAA21_NRT
21.09681,72.8483,340.02,0.44,0.46,2025-03-04,2023,N21,VIIRS,n,2.0NRT,304.89,14.22,N,surat,VIIRS_NOAA21_NRT
21.09705,72.84736,306.41,0.45,0.63,2025-03-05,2004,N21,VIIRS,n,2.0NRT,295.24,1.19,N,surat,VIIRS_NOAA21_NRT
21.28119,72.82997,367.0,0.35,0.57,2025-03-06,856,N21,VIIRS,h,2.0NRT,313.73,4.86,D,surat,VIIRS_NOAA21_NRT
21.28153,72.8333,334.31,0.35,0.57,2025-03-06,856,N21,VIIRS,n,2.0NRT,309.18,4.86,D,surat,VIIRS_NOAA21_NRT
21.28265,72.82878,367.0,0.35,0.57,2025-03-06,856,N21,VIIRS,h,2.0NRT,313.52,5.12,D,surat,VIIRS_NOAA21_NRT
21.28297,72.83212,345.03,0.35,0.57,2025-03-06,856,N21,VIIRS,n,2.0NRT,311.75,5.12,D,surat,VIIRS_NOAA21_NRT
21.21123,73.02158,300.48,0.38,0.59,2025-03-06,2127,N21,VIIRS,n,2.0NRT,287.28,0.61,N,surat,VIIRS_NOAA21_NRT
21.21198,73.02351,299.21,0.38,0.59,2025-03-06,2127,N21,VIIRS,n,2.0NRT,288.05,0.51,N,surat,VIIRS_NOAA21_NRT
21.27035,72.9249,340.87,0.53,0.42,2025-03-07,837,N21,VIIRS,n,2.0NRT,312.89,5.12,D,surat,VIIRS_NOAA21_NRT
21.34484,72.8227,341.86,0.38,0.36,2025-03-08,820,N21,VIIRS,l,2.0NRT,315.12,7.61,D,surat,VIIRS_NOAA21_NRT
21.02725,72.8121,345.73,0.38,0.59,2025-03-10,741,N21,VIIRS,n,2.0NRT,313.87,5.7,D,surat,VIIRS_NOAA21_NRT
21.04516,72.90736,306.57,0.47,0.64,2025-03-11,2131,N21,VIIRS,n,2.0NRT,293.61,0.79,N,surat,VIIRS_NOAA21_NRT
21.10674,72.85036,343.13,0.47,0.64,2025-03-11,2131,N21,VIIRS,n,2.0NRT,297.37,8.75,N,surat,VIIRS_NOAA21_NRT
21.10773,72.846,310.12,0.47,0.64,2025-03-11,2131,N21,VIIRS,n,2.0NRT,295.05,6.38,N,surat,VIIRS_NOAA21_NRT
21.12241,72.7615,347.79,0.39,0.36,2025-03-13,826,N21,VIIRS,n,2.0NRT,316.9,8.39,D,surat,VIIRS_NOAA21_NRT
21.12296,72.76527,343.17,0.39,0.36,2025-03-13,826,N21,VIIRS,n,2.0NRT,317.94,8.92,D,surat,VIIRS_NOAA21_NRT
21.09739,72.84365,336.17,0.44,0.39,2025-03-14,2036,N21,VIIRS,n,2.0NRT,301.25,11.7,N,surat,VIIRS_NOAA21_NRT
21.12331,72.79981,337.16,0.59,0.53,2025-03-15,748,N21,VIIRS,n,2.0NRT,307.49,5.46,D,surat,VIIRS_NOAA21_NRT
21.09905,72.84154,302.88,0.55,0.51,2025-03-15,2017,N21,VIIRS,n,2.0NRT,291.12,2.04,N,surat,VIIRS_NOAA21_NRT
21.33858,73.01682,334.04,0.58,0.7,2025-03-16,909,N21,VIIRS,n,2.0NRT,302.23,5.18,D,surat,VIIRS_NOAA21_NRT
21.09332,72.83887,318.61,0.57,0.69,2025-03-16,1957,N21,VIIRS,n,2.0NRT,291.54,5.49,N,surat,VIIRS_NOAA21_NRT
21.09377,72.8334,317.05,0.57,0.69,2025-03-16,1957,N21,VIIRS,n,2.0NRT,291.26,4.65,N,surat,VIIRS_NOAA21_NRT
21.09812,72.83568,313.26,0.59,0.7,2025-03-16,2138,N21,VIIRS,n,2.0NRT,290.68,3.49,N,surat,VIIRS_NOAA21_NRT
21.09398,72.84813,305.2,0.4,0.37,2025-03-19,2042,N21,VIIRS,n,2.0NRT,294.33,1.33,N,surat,VIIRS_NOAA21_NRT
21.09565,72.83677,303.32,0.4,0.37,2025-03-19,2042,N21,VIIRS,n,2.0NRT,291.96,0.53,N,surat,VIIRS_NOAA21_NRT
21.18939,72.75903,312.02,0.4,0.37,2025-03-19,2042,N21,VIIRS,n,2.0NRT,291.82,0.93,N,surat,VIIRS_NOAA21_NRT
21.26752,72.80334,305.17,0.4,0.37,2025-03-19,2042,N21,VIIRS,n,2.0NRT,292.46,1.01,N,surat,VIIRS_NOAA21_NRT
21.25912,72.94199,306.29,0.43,0.46,2025-03-20,2021,N21,VIIRS,n,2.0NRT,295.39,1.29,N,surat,VIIRS_NOAA21_NRT
21.07895,72.92435,330.63,0.35,0.57,2025-03-22,856,N21,VIIRS,n,2.0NRT,301.8,4.37,D,surat,VIIRS_NOAA21_NRT
21.07927,72.9277,334.69,0.35,0.57,2025-03-22,856,N21,VIIRS,n,2.0NRT,301.54,4.23,D,surat,VIIRS_NOAA21_NRT
21.08415,72.92372,341.77,0.35,0.57,2025-03-22,856,N21,VIIRS,n,2.0NRT,302.36,10.98,D,surat,VIIRS_NOAA21_NRT
21.08447,72.92709,367.0,0.35,0.57,2025-03-22,856,N21,VIIRS,h,2.0NRT,301.01,13.98,D,surat,VIIRS_NOAA21_NRT
21.3486,72.7781,347.15,0.52,0.42,2025-03-23,837,N21,VIIRS,n,2.0NRT,315.82,10.72,D,surat,VIIRS_NOAA21_NRT
21.09707,72.83792,331.43,0.44,0.62,2025-03-27,902,N21,VIIRS,l,2.0NRT,301.75,1.97,D,surat,VIIRS_NOAA21_NRT
21.06764,72.85226,329.03,0.41,0.37,2025-03-29,2053,N21,VIIRS,n,2.0NRT,296.19,3.11,N,surat,VIIRS_NOAA21_NRT
21.07102,72.8529,309.54,0.41,0.37,2025-03-29,2053,N21,VIIRS,n,2.0NRT,295.76,1.64,N,surat,VIIRS_NOAA21_NRT
21.27356,72.80242,310.65,0.4,0.37,2025-03-29,2053,N21,VIIRS,n,2.0NRT,292.51,1.06,N,surat,VIIRS_NOAA21_NRT
21.14688,72.98387,310.95,0.44,0.38,2025-03-30,2036,N21,VIIRS,n,2.0NRT,292.58,1.33,N,surat,VIIRS_NOAA21_NRT
21.14754,72.98333,314.14,0.44,0.38,2025-03-30,2036,N21,VIIRS,n,2.0NRT,293.48,1.51,N,surat,VIIRS_NOAA21_NRT
21.1661,72.82213,307.42,0.45,0.39,2025-03-30,2036,N21,VIIRS,n,2.0NRT,295.1,1.99,N,surat,VIIRS_NOAA21_NRT
21.0506,72.8547,304.53,0.57,0.69,2025-04-01,1957,N21,VIIRS,n,2.0NRT,286.23,2.47,N,surat,VIIRS_NOAA21_NRT
21.05695,72.85527,302.65,0.57,0.69,2025-04-01,1957,N21,VIIRS,n,2.0NRT,286.42,3.85,N,surat,VIIRS_NOAA21_NRT
21.20644,72.97535,306.29,0.56,0.69,2025-04-01,1957,N21,VIIRS,n,2.0NRT,291.05,1.47,N,surat,VIIRS_NOAA21_NRT
21.05261,72.85234,306.85,0.59,0.7,2025-04-01,2138,N21,VIIRS,n,2.0NRT,290.79,1.65,N,surat,VIIRS_NOAA21_NRT
21.05511,72.85279,307.03,0.59,0.7,2025-04-01,2138,N21,VIIRS,n,2.0NRT,290.6,1.01,N,surat,VIIRS_NOAA21_NRT
21.09707,72.84731,338.62,0.41,0.37,2025-04-04,811,N21,VIIRS,l,2.0NRT,312.37,3.54,D,surat,VIIRS_NOAA21_NRT
21.09824,72.84721,340.35,0.41,0.37,2025-04-04,811,N21,VIIRS,l,2.0NRT,312.73,5.5,D,surat,VIIRS_NOAA21_NRT
21.23214,72.87435,323.56,0.4,0.37,2025-04-04,2042,N21,VIIRS,n,2.0NRT,297.17,3.56,N,surat,VIIRS_NOAA21_NRT
21.34146,72.83575,303.16,0.44,0.46,2025-04-05,2021,N21,VIIRS,n,2.0NRT,292.91,0.49,N,surat,VIIRS_NOAA21_NRT
21.33371,72.76481,343.77,0.7,0.75,2025-04-06,915,N21,VIIRS,n,2.0NRT,308.06,8.5,D,surat,VIIRS_NOAA21_NRT
21.33451,72.76354,336.97,0.71,0.75,2025-04-06,915,N21,VIIRS,n,2.0NRT,307.81,8.45,D,surat,VIIRS_NOAA21_NRT
21.05533,72.85381,311.61,0.37,0.58,2025-04-07,2125,N21,VIIRS,n,2.0NRT,292.64,1.38,N,surat,VIIRS_NOAA21_NRT
21.06501,72.88527,304.58,0.37,0.58,2025-04-07,2125,N21,VIIRS,n,2.0NRT,293.09,0.66,N,surat,VIIRS_NOAA21_NRT
21.0472,72.90714,318.02,0.38,0.36,2025-04-09,2049,N21,VIIRS,n,2.0NRT,295.37,1.85,N,surat,VIIRS_NOAA21_NRT
21.22927,72.87207,308.95,0.38,0.36,2025-04-09,2049,N21,VIIRS,n,2.0NRT,297.46,1.84,N,surat,VIIRS_NOAA21_NRT
21.28724,72.97958,334.01,0.37,0.58,2025-04-11,739,N21,VIIRS,n,2.0NRT,304.41,2.15,D,surat,VIIRS_NOAA21_NRT
21.32965,72.97322,339.81,0.37,0.58,2025-04-11,739,N21,VIIRS,n,2.0NRT,307.27,4.78,D,surat,VIIRS_NOAA21_NRT
21.34585,72.87626,346.22,0.47,0.4,2025-04-15,805,N21,VIIRS,n,2.0NRT,313.88,10.4,D,surat,VIIRS_NOAA21_NRT
21.04529,72.90982,306.2,0.57,0.69,2025-04-17,1957,N21,VIIRS,n,2.0NRT,294.93,2.27,N,surat,VIIRS_NOAA21_NRT
21.04811,72.9083,313.36,0.57,0.69,2025-04-17,1957,N21,VIIRS,n,2.0NRT,294.85,2.28,N,surat,VIIRS_NOAA21_NRT
21.20941,72.87809,312.61,0.4,0.37,2025-04-20,2040,N21,VIIRS,n,2.0NRT,298.45,1.24,N,surat,VIIRS_NOAA21_NRT
21.0515,72.92517,337.05,0.52,0.41,2025-04-24,837,N21,VIIRS,l,2.0NRT,308.55,5.66,D,surat,VIIRS_NOAA21_NRT
21.06733,72.88442,316.98,0.55,0.43,2025-04-24,2106,N21,VIIRS,n,2.0NRT,294.81,2.35,N,surat,VIIRS_NOAA21_NRT
21.14819,72.98174,310.42,0.55,0.51,2025-05-02,2017,N21,VIIRS,n,2.0NRT,296.54,1.34,N,surat,VIIRS_NOAA21_NRT
21.34318,72.97377,336.21,0.36,0.58,2025-05-13,739,N21,VIIRS,n,2.0NRT,293.11,2.67,D,surat,VIIRS_NOAA21_NRT
21.34328,72.97577,333.71,0.37,0.58,2025-05-13,739,N21,VIIRS,n,2.0NRT,291.41,2.62,D,surat,VIIRS_NOAA21_NRT
21.22052,72.77231,333.86,0.43,0.62,2025-05-14,902,N21,VIIRS,n,2.0NRT,296.1,3.02,D,surat,VIIRS_NOAA21_NRT
21.10308,72.97511,339.61,0.4,0.37,2025-05-16,826,N21,VIIRS,n,2.0NRT,303.83,4.73,D,surat,VIIRS_NOAA21_NRT
21.0249,72.98895,331.53,0.4,0.37,2025-06-01,826,N21,VIIRS,n,2.0NRT,301.38,1.58,D,surat,VIIRS_NOAA21_NRT
21.12224,72.75756,334.33,0.44,0.38,2025-06-06,833,N21,VIIRS,l,2.0NRT,305.15,2.2,D,surat,VIIRS_NOAA21_NRT
21.24242,72.76555,332.48,0.44,0.38,2025-06-06,833,N21,VIIRS,l,2.0NRT,304.98,0.85,D,surat,VIIRS_NOAA21_NRT
21.16104,72.97846,331.63,0.38,0.36,2025-06-12,820,N21,VIIRS,l,2.0NRT,303.31,1.97,D,surat,VIIRS_NOAA21_NRT
21.06588,72.88776,306.22,0.44,0.38,2025-08-05,2036,N21,VIIRS,n,2.0NRT,293.16,2.19,N,surat,VIIRS_NOAA21_NRT
21.25796,72.90011,307.84,0.57,0.69,2025-10-10,1957,N21,VIIRS,n,2.0NRT,291.19,1.22,N,surat,VIIRS_NOAA21_NRT
21.13127,73.04765,333.23,0.45,0.39,2025-10-12,833,N21,VIIRS,n,2.0NRT,305.62,2.59,D,surat,VIIRS_NOAA21_NRT
21.13987,72.8054,342.69,0.41,0.37,2025-10-13,811,N21,VIIRS,n,2.0NRT,303.97,10.49,D,surat,VIIRS_NOAA21_NRT
21.15426,72.81965,305.28,0.36,0.57,2025-10-20,2010,N21,VIIRS,n,2.0NRT,292.06,1.15,N,surat,VIIRS_NOAA21_NRT
21.25937,72.94025,312.82,0.35,0.57,2025-10-20,2010,N21,VIIRS,n,2.0NRT,292.33,1.24,N,surat,VIIRS_NOAA21_NRT
21.05358,72.85325,301.35,0.4,0.37,2025-11-08,2055,N21,VIIRS,n,2.0NRT,289.54,0.41,N,surat,VIIRS_NOAA21_NRT
21.33796,72.9998,342.22,0.47,0.4,2025-11-09,807,N21,VIIRS,n,2.0NRT,306.86,5.01,D,surat,VIIRS_NOAA21_NRT
21.34155,72.99911,343.53,0.47,0.4,2025-11-09,807,N21,VIIRS,n,2.0NRT,307.82,5.01,D,surat,VIIRS_NOAA21_NRT
21.34514,72.99841,335.26,0.47,0.4,2025-11-09,807,N21,VIIRS,l,2.0NRT,307.09,3.32,D,surat,VIIRS_NOAA21_NRT
21.05372,72.85521,302.67,0.57,0.52,2025-11-10,2016,N21,VIIRS,n,2.0NRT,288.95,1.12,N,surat,VIIRS_NOAA21_NRT
21.05236,72.85427,302.57,0.58,0.7,2025-11-11,1957,N21,VIIRS,n,2.0NRT,288.85,1.52,N,surat,VIIRS_NOAA21_NRT
21.05303,72.85355,304.64,0.46,0.39,2025-11-13,2059,N21,VIIRS,n,2.0NRT,289.42,0.64,N,surat,VIIRS_NOAA21_NRT
21.04509,72.98568,335.29,0.41,0.37,2025-11-14,811,N21,VIIRS,n,2.0NRT,307.4,3.17,D,surat,VIIRS_NOAA21_NRT
21.34415,73.00292,339.58,0.41,0.37,2025-11-14,811,N21,VIIRS,n,2.0NRT,306.21,4.78,D,surat,VIIRS_NOAA21_NRT
21.22552,72.95993,298.56,0.4,0.37,2025-11-14,2042,N21,VIIRS,n,2.0NRT,288.06,0.5,N,surat,VIIRS_NOAA21_NRT
21.26354,72.96348,339.24,0.47,0.48,2025-11-15,754,N21,VIIRS,n,2.0NRT,303.94,4.56,D,surat,VIIRS_NOAA21_NRT
21.19722,72.95963,336.55,0.53,0.42,2025-11-18,837,N21,VIIRS,n,2.0NRT,305.53,4.31,D,surat,VIIRS_NOAA21_NRT
21.1742,72.93722,304.45,0.56,0.43,2025-11-18,2105,N21,VIIRS,n,2.0NRT,288.09,1.44,N,surat,VIIRS_NOAA21_NRT
21.07765,72.85551,314.44,0.41,0.37,2025-11-24,2053,N21,VIIRS,n,2.0NRT,293.81,1.44,N,surat,VIIRS_NOAA21_NRT
21.05321,72.85161,337.7,0.56,0.51,2025-11-26,2016,N21,VIIRS,n,2.0NRT,291.94,8.79,N,surat,VIIRS_NOAA21_NRT
21.25979,72.93874,305.09,0.4,0.37,2025-11-30,2042,N21,VIIRS,n,2.0NRT,291.76,1.27,N,surat,VIIRS_NOAA21_NRT
21.06617,72.88503,303.9,0.44,0.46,2025-12-01,2023,N21,VIIRS,n,2.0NRT,289.61,0.7,N,surat,VIIRS_NOAA21_NRT
21.25765,72.93916,302.13,0.44,0.46,2025-12-01,2023,N21,VIIRS,n,2.0NRT,291.8,1.15,N,surat,VIIRS_NOAA21_NRT
21.26176,72.9404,310.49,0.37,0.58,2025-12-03,2127,N21,VIIRS,n,2.0NRT,290.85,0.97,N,surat,VIIRS_NOAA21_NRT
21.11458,73.0351,302.1,0.39,0.36,2025-12-05,2048,N21,VIIRS,n,2.0NRT,290.07,0.45,N,surat,VIIRS_NOAA21_NRT
21.07205,72.85263,345.97,0.37,0.58,2025-12-07,741,N21,VIIRS,n,2.0NRT,303.95,2.96,D,surat,VIIRS_NOAA21_NRT
21.06771,72.88577,302.08,0.35,0.57,2025-12-07,2010,N21,VIIRS,n,2.0NRT,289.29,0.57,N,surat,VIIRS_NOAA21_NRT
21.27265,73.03699,303.32,0.47,0.4,2025-12-15,2101,N21,VIIRS,n,2.0NRT,285.87,0.83,N,surat,VIIRS_NOAA21_NRT
21.24868,72.85309,303.87,0.44,0.63,2025-12-18,2004,N21,VIIRS,n,2.0NRT,291.29,0.97,N,surat,VIIRS_NOAA21_NRT
21.0537,72.85371,304.61,0.57,0.43,2025-12-20,2108,N21,VIIRS,n,2.0NRT,280.77,1.11,N,surat,VIIRS_NOAA21_NRT
21.10847,72.83827,328.75,0.53,0.42,2025-12-22,2029,N21,VIIRS,n,2.0NRT,291.03,8.26,N,surat,VIIRS_NOAA21_NRT
21.099,72.88007,298.87,0.35,0.56,2025-12-23,2010,N21,VIIRS,n,2.0NRT,288.2,0.76,N,surat,VIIRS_NOAA21_NRT
21.14863,73.00885,299.38,0.34,0.56,2025-12-23,2010,N21,VIIRS,n,2.0NRT,288.53,0.35,N,surat,VIIRS_NOAA21_NRT
21.10322,72.93979,334.67,0.4,0.37,2025-12-26,826,N21,VIIRS,n,2.0NRT,305.48,2.62,D,surat,VIIRS_NOAA21_NRT
21.16133,73.0253,331.89,0.46,0.39,2025-12-27,807,N21,VIIRS,n,2.0NRT,304.67,4.55,D,surat,VIIRS_NOAA21_NRT
21.18253,72.99122,306.99,0.44,0.38,2025-12-27,2036,N21,VIIRS,n,2.0NRT,290.82,1.13,N,surat,VIIRS_NOAA21_NRT
21.29037,73.00742,298.56,0.54,0.5,2025-12-28,2018,N21,VIIRS,n,2.0NRT,288.12,0.79,N,surat,VIIRS_NOAA21_NRT
21.25308,72.76288,331.28,0.55,0.51,2025-12-30,852,N21,VIIRS,n,2.0NRT,304.42,17.99,D,surat,VIIRS_NOAA21_NRT
21.25365,72.76814,340.11,0.55,0.51,2025-12-30,852,N21,VIIRS,n,2.0NRT,304.99,17.99,D,surat,VIIRS_NOAA21_NRT
21.33204,73.02496,304.94,0.43,0.62,2026-01-03,2004,N21,VIIRS,n,2.0NRT,289.3,0.89,N,surat,VIIRS_NOAA21_NRT
21.3348,73.02388,303.53,0.43,0.62,2026-01-03,2004,N21,VIIRS,n,2.0NRT,289.27,0.85,N,surat,VIIRS_NOAA21_NRT
21.08758,72.94957,331.41,0.36,0.57,2026-01-04,858,N21,VIIRS,n,2.0NRT,299.47,2.52,D,surat,VIIRS_NOAA21_NRT
21.0995,72.84753,327.32,0.34,0.56,2026-01-08,2012,N21,VIIRS,n,2.0NRT,292.97,2.51,N,surat,VIIRS_NOAA21_NRT
21.02696,73.03137,299.58,0.49,0.65,2026-01-09,2131,N21,VIIRS,n,2.0NRT,285.54,0.84,N,surat,VIIRS_NOAA21_NRT
21.25675,72.98737,303.68,0.48,0.48,2026-01-10,2114,N21,VIIRS,n,2.0NRT,288.38,1.82,N,surat,VIIRS_NOAA21_NRT
21.06624,72.88609,299.95,0.41,0.37,2026-01-11,2055,N21,VIIRS,n,2.0NRT,289.6,0.38,N,surat,VIIRS_NOAA21_NRT
21.09849,72.80456,334.7,0.47,0.39,2026-01-12,807,N21,VIIRS,n,2.0NRT,309.62,6.58,D,surat,VIIRS_NOAA21_NRT
21.09978,72.80058,333.26,0.47,0.39,2026-01-12,807,N21,VIIRS,n,2.0NRT,305.54,6.02,D,surat,VIIRS_NOAA21_NRT
21.10057,72.80499,333.9,0.47,0.39,2026-01-12,807,N21,VIIRS,n,2.0NRT,308.83,6.02,D,surat,VIIRS_NOAA21_NRT
21.10207,72.80386,340.64,0.47,0.39,2026-01-12,807,N21,VIIRS,n,2.0NRT,306.44,6.58,D,surat,VIIRS_NOAA21_NRT
21.26607,72.94051,298.78,0.6,0.71,2026-01-14,2140,N21,VIIRS,n,2.0NRT,286.26,1.19,N,surat,VIIRS_NOAA21_NRT
21.04,73.03465,299.49,0.48,0.4,2026-01-16,2101,N21,VIIRS,n,2.0NRT,287.37,0.43,N,surat,VIIRS_NOAA21_NRT
21.14929,72.84912,312.52,0.47,0.4,2026-01-16,2101,N21,VIIRS,n,2.0NRT,292.62,1.2,N,surat,VIIRS_NOAA21_NRT
21.22174,73.03512,367.0,0.45,0.63,2026-01-19,735,N21,VIIRS,h,2.0NRT,298.1,8.97,D,surat,VIIRS_NOAA21_NRT
21.13284,72.93417,310.35,0.48,0.65,2026-01-25,2131,N21,VIIRS,n,2.0NRT,288.39,1.37,N,surat,VIIRS_NOAA21_NRT
21.13862,72.93572,300.52,0.48,0.65,2026-01-25,2131,N21,VIIRS,n,2.0NRT,288.3,1.37,N,surat,VIIRS_NOAA21_NRT
21.18485,72.78873,333.34,0.4,0.37,2026-01-27,826,N21,VIIRS,n,2.0NRT,301.56,2.91,D,surat,VIIRS_NOAA21_NRT
21.3378,72.8981,336.12,0.46,0.39,2026-01-28,807,N21,VIIRS,n,2.0NRT,306.22,3.76,D,surat,VIIRS_NOAA21_NRT
21.00488,72.86785,335.63,0.58,0.52,2026-01-29,748,N21,VIIRS,n,2.0NRT,301.39,4.87,D,surat,VIIRS_NOAA21_NRT
21.20918,73.02583,335.34,0.46,0.39,2026-02-01,832,N21,VIIRS,n,2.0NRT,304.68,15.16,D,surat,VIIRS_NOAA21_NRT
21.09439,72.80317,335.55,0.41,0.37,2026-02-02,813,N21,VIIRS,n,2.0NRT,302.59,16.14,D,surat,VIIRS_NOAA21_NRT
21.09777,72.80254,336.17,0.41,0.37,2026-02-02,813,N21,VIIRS,n,2.0NRT,310.72,16.14,D,surat,VIIRS_NOAA21_NRT
21.33693,72.99288,340.62,0.4,0.37,2026-02-02,813,N21,VIIRS,n,2.0NRT,305.83,6.24,D,surat,VIIRS_NOAA21_NRT
21.33818,73.00053,355.53,0.4,0.37,2026-02-02,813,N21,VIIRS,n,2.0NRT,307.23,31.11,D,surat,VIIRS_NOAA21_NRT
21.34029,72.99227,345.94,0.4,0.37,2026-02-02,813,N21,VIIRS,n,2.0NRT,306.59,6.24,D,surat,VIIRS_NOAA21_NRT
21.34154,72.99991,355.8,0.4,0.37,2026-02-02,813,N21,VIIRS,l,2.0NRT,307.45,31.11,D,surat,VIIRS_NOAA21_NRT
21.34216,73.00373,349.66,0.4,0.37,2026-02-02,813,N21,VIIRS,n,2.0NRT,307.76,12.3,D,surat,VIIRS_NOAA21_NRT
21.34489,72.9993,355.86,0.4,0.37,2026-02-02,813,N21,VIIRS,l,2.0NRT,307.9,23.73,D,surat,VIIRS_NOAA21_NRT
21.34551,73.00313,344.34,0.4,0.37,2026-02-02,813,N21,VIIRS,n,2.0NRT,306.06,2.43,D,surat,VIIRS_NOAA21_NRT
21.34614,73.00694,330.95,0.4,0.37,2026-02-02,813,N21,VIIRS,n,2.0NRT,304.02,2.43,D,surat,VIIRS_NOAA21_NRT
21.34762,72.99485,349.01,0.4,0.37,2026-02-02,813,N21,VIIRS,n,2.0NRT,305.99,23.73,D,surat,VIIRS_NOAA21_NRT
21.09766,72.80133,348.63,0.46,0.47,2026-02-03,756,N21,VIIRS,n,2.0NRT,317.87,52.49,D,surat,VIIRS_NOAA21_NRT
21.09851,72.80571,340.04,0.46,0.47,2026-02-03,756,N21,VIIRS,n,2.0NRT,304.73,23.59,D,surat,VIIRS_NOAA21_NRT
21.09752,72.80414,321.19,0.43,0.46,2026-02-03,2023,N21,VIIRS,n,2.0NRT,295.2,3.41,N,surat,VIIRS_NOAA21_NRT
21.21647,72.81996,301.63,0.44,0.63,2026-02-04,2006,N21,VIIRS,n,2.0NRT,291.38,0.52,N,surat,VIIRS_NOAA21_NRT
21.26126,72.9418,305.42,0.38,0.59,2026-02-05,2127,N21,VIIRS,n,2.0NRT,290.79,1.13,N,surat,VIIRS_NOAA21_NRT
21.08227,72.90431,336.27,0.38,0.36,2026-02-07,820,N21,VIIRS,n,2.0NRT,310.63,3.81,D,surat,VIIRS_NOAA21_NRT
21.25882,72.94001,315.26,0.39,0.36,2026-02-07,2050,N21,VIIRS,n,2.0NRT,293.36,1.17,N,surat,VIIRS_NOAA21_NRT
21.34464,72.95939,302.45,0.39,0.36,2026-02-07,2050,N21,VIIRS,n,2.0NRT,292.03,0.54,N,surat,VIIRS_NOAA21_NRT
21.10298,72.86774,303.64,0.47,0.48,2026-02-11,2114,N21,VIIRS,n,2.0NRT,292.04,0.58,N,surat,VIIRS_NOAA21_NRT
21.19107,72.97655,341.54,0.57,0.52,2026-02-14,748,N21,VIIRS,n,2.0NRT,305.31,11.16,D,surat,VIIRS_NOAA21_NRT
21.07529,72.84612,338.02,0.59,0.7,2026-02-15,730,N21,VIIRS,n,2.0NRT,300.9,6.71,D,surat,VIIRS_NOAA21_NRT
21.13958,72.81229,335.82,0.55,0.51,2026-02-16,852,N21,VIIRS,n,2.0NRT,304.56,3.18,D,surat,VIIRS_NOAA21_NRT
21.01876,72.85502,330.2,0.41,0.37,2026-02-18,813,N21,VIIRS,l,2.0NRT,304.81,2.5,D,surat,VIIRS_NOAA21_NRT
21.03023,72.98803,341.01,0.4,0.37,2026-02-18,813,N21,VIIRS,n,2.0NRT,303.5,161.41,D,surat,VIIRS_NOAA21_NRT
21.20104,72.86301,311.9,0.4,0.37,2026-02-18,2044,N21,VIIRS,n,2.0NRT,293.32,1.04,N,surat,VIIRS_NOAA21_NRT
21.23937,72.85787,320.82,0.4,0.37,2026-02-18,2044,N21,VIIRS,n,2.0NRT,288.83,1.94,N,surat,VIIRS_NOAA21_NRT
21.27188,72.97009,333.04,0.36,0.57,2026-02-21,858,N21,VIIRS,n,2.0NRT,305.96,2.61,D,surat,VIIRS_NOAA21_NRT
21.16128,72.88554,307.05,0.38,0.58,2026-02-21,2127,N21,VIIRS,n,2.0NRT,292.97,0.64,N,surat,VIIRS_NOAA21_NRT
21.18637,72.96562,307.07,0.39,0.36,2026-02-23,2050,N21,VIIRS,n,2.0NRT,292.46,0.36,N,surat,VIIRS_NOAA21_NRT
21.27168,72.87173,302.87,0.35,0.57,2026-02-25,2012,N21,VIIRS,n,2.0NRT,291.71,1.75,N,surat,VIIRS_NOAA21_NRT
21.27201,72.86839,327.29,0.35,0.57,2026-02-25,2012,N21,VIIRS,n,2.0NRT,293.41,3.01,N,surat,VIIRS_NOAA21_NRT
21.22918,73.02632,339.73,0.72,0.75,2026-02-26,724,N21,VIIRS,n,2.0NRT,297.56,7.7,D,surat,VIIRS_NOAA21_NRT
21.23051,73.02544,338.2,0.72,0.75,2026-02-26,724,N21,VIIRS,n,2.0NRT,297.08,6.28,D,surat,VIIRS_NOAA21_NRT
21.09029,72.94988,331.73,0.45,0.63,2026-02-26,904,N21,VIIRS,n,2.0NRT,302.98,3.23,D,surat,VIIRS_NOAA21_NRT
21.21309,73.02618,339.68,0.45,0.39,2026-03-05,832,N21,VIIRS,n,2.0NRT,311.53,2.63,D,surat,VIIRS_NOAA21_NRT
21.00113,72.85988,340.55,0.41,0.37,2026-03-06,813,N21,VIIRS,n,2.0NRT,311.05,4.95,D,surat,VIIRS_NOAA21_NRT
21.1971,72.9845,341.85,0.45,0.47,2026-03-07,756,N21,VIIRS,n,2.0NRT,313.85,6.69,D,surat,VIIRS_NOAA21_NRT
21.29993,72.77231,348.93,0.35,0.56,2026-03-09,858,N21,VIIRS,n,2.0NRT,309.98,6.08,D,surat,VIIRS_NOAA21_NRT
21.07854,72.89374,346.91,0.38,0.36,2026-03-11,820,N21,VIIRS,n,2.0NRT,321.09,12.42,D,surat,VIIRS_NOAA21_NRT
21.12196,72.80328,343.75,0.38,0.36,2026-03-11,820,N21,VIIRS,n,2.0NRT,316.18,3.99,D,surat,VIIRS_NOAA21_NRT
21.15663,72.81443,318.4,0.38,0.36,2026-03-11,2049,N21,VIIRS,n,2.0NRT,298.37,2.26,N,surat,VIIRS_NOAA21_NRT
21.12824,72.75676,342.71,0.44,0.62,2026-03-14,905,N21,VIIRS,n,2.0NRT,310.45,3.09,D,surat,VIIRS_NOAA21_NRT
21.12314,72.79157,343.61,0.43,0.46,2026-03-15,845,N21,VIIRS,n,2.0NRT,312.72,4.64,D,surat,VIIRS_NOAA21_NRT
21.20443,72.82053,306.94,0.41,0.37,2026-03-16,2055,N21,VIIRS,n,2.0NRT,295.99,1.34,N,surat,VIIRS_NOAA21_NRT
21.33803,72.85258,331.23,0.58,0.52,2026-03-18,748,N21,VIIRS,n,2.0NRT,304.58,3.1,D,surat,VIIRS_NOAA21_NRT
21.10731,72.81139,333.92,0.54,0.51,2026-03-20,852,N21,VIIRS,l,2.0NRT,304.22,4.05,D,surat,VIIRS_NOAA21_NRT
21.29647,72.99394,332.05,0.56,0.52,2026-03-20,852,N21,VIIRS,n,2.0NRT,301.3,2.7,D,surat,VIIRS_NOAA21_NRT
21.29849,72.99668,332.47,0.56,0.52,2026-03-20,852,N21,VIIRS,n,2.0NRT,300.92,4.19,D,surat,VIIRS_NOAA21_NRT
21.25788,72.93787,307.72,0.47,0.39,2026-03-21,2101,N21,VIIRS,n,2.0NRT,293.67,1.22,N,surat,VIIRS_NOAA21_NRT
21.10501,72.80172,337.09,0.71,0.75,2026-03-24,915,N21,VIIRS,n,2.0NRT,302.84,57.75,D,surat,VIIRS_NOAA21_NRT
21.1055,72.80849,367.0,0.71,0.75,2026-03-24,915,N21,VIIRS,h,2.0NRT,303.04,57.75,D,surat,VIIRS_NOAA21_NRT
21.11189,72.80109,342.26,0.71,0.75,2026-03-24,915,N21,VIIRS,n,2.0NRT,305.41,50.13,D,surat,VIIRS_NOAA21_NRT
21.11239,72.80788,367.0,0.71,0.75,2026-03-24,915,N21,VIIRS,h,2.0NRT,303.1,50.13,D,surat,VIIRS_NOAA21_NRT
21.10881,72.80364,340.22,0.45,0.63,2026-03-24,2006,N21,VIIRS,n,2.0NRT,302.71,9.0,N,surat,VIIRS_NOAA21_NRT
21.10509,72.8067,312.01,0.73,0.76,2026-03-24,2146,N21,VIIRS,n,2.0NRT,293.91,4.36,N,surat,VIIRS_NOAA21_NRT
21.10524,72.80469,316.58,0.73,0.76,2026-03-24,2146,N21,VIIRS,n,2.0NRT,294.76,4.37,N,surat,VIIRS_NOAA21_NRT
21.1534,72.76168,334.81,0.34,0.56,2026-03-25,858,N21,VIIRS,n,2.0NRT,304.37,2.02,D,surat,VIIRS_NOAA21_NRT
21.06519,72.88463,310.96,0.37,0.58,2026-03-25,2125,N21,VIIRS,n,2.0NRT,292.73,1.46,N,surat,VIIRS_NOAA21_NRT
21.10962,72.8054,307.15,0.36,0.58,2026-03-25,2125,N21,VIIRS,n,2.0NRT,296.17,1.79,N,surat,VIIRS_NOAA21_NRT
21.15793,72.88657,313.95,0.37,0.58,2026-03-25,2125,N21,VIIRS,n,2.0NRT,293.46,1.62,N,surat,VIIRS_NOAA21_NRT
21.08739,72.82037,335.69,0.52,0.42,2026-03-26,837,N21,VIIRS,l,2.0NRT,307.62,5.61,D,surat,VIIRS_NOAA21_NRT
21.11082,72.82199,337.8,0.52,0.42,2026-03-26,837,N21,VIIRS,l,2.0NRT,309.14,5.65,D,surat,VIIRS_NOAA21_NRT
21.33238,72.78601,339.21,0.57,0.43,2026-03-28,803,N21,VIIRS,n,2.0NRT,311.4,8.2,D,surat,VIIRS_NOAA21_NRT
21.0074,72.96613,336.85,0.37,0.58,2026-03-29,741,N21,VIIRS,n,2.0NRT,299.62,4.19,D,surat,VIIRS_NOAA21_NRT
21.23061,72.87337,338.22,0.43,0.46,2026-03-31,845,N21,VIIRS,n,2.0NRT,307.84,2.08,D,surat,VIIRS_NOAA21_NRT
21.25891,72.93906,307.72,0.41,0.37,2026-04-01,2055,N21,VIIRS,n,2.0NRT,289.25,0.8,N,surat,VIIRS_NOAA21_NRT
21.27045,72.8696,330.42,0.4,0.37,2026-04-01,2055,N21,VIIRS,n,2.0NRT,289.11,3.46,N,surat,VIIRS_NOAA21_NRT
21.03761,72.91897,333.79,0.47,0.4,2026-04-02,807,N21,VIIRS,l,2.0NRT,306.13,4.06,D,surat,VIIRS_NOAA21_NRT
21.10814,72.80425,346.29,0.47,0.4,2026-04-02,807,N21,VIIRS,n,2.0NRT,315.09,7.19,D,surat,VIIRS_NOAA21_NRT
21.02133,72.94945,335.97,0.55,0.51,2026-04-05,852,N21,VIIRS,n,2.0NRT,302.77,4.62,D,surat,VIIRS_NOAA21_NRT
21.01485,72.96106,332.75,0.44,0.38,2026-04-06,833,N21,VIIRS,l,2.0NRT,305.36,1.76,D,surat,VIIRS_NOAA21_NRT
21.02863,72.81877,338.97,0.44,0.38,2026-04-06,833,N21,VIIRS,n,2.0NRT,308.0,4.51,D,surat,VIIRS_NOAA21_NRT
21.30011,72.95801,337.4,0.44,0.39,2026-04-06,833,N21,VIIRS,l,2.0NRT,309.45,6.75,D,surat,VIIRS_NOAA21_NRT
21.03889,72.83414,355.28,0.48,0.65,2026-04-09,735,N21,VIIRS,n,2.0NRT,303.73,13.16,D,surat,VIIRS_NOAA21_NRT
21.03993,72.83459,367.0,0.48,0.65,2026-04-09,735,N21,VIIRS,h,2.0NRT,304.47,13.21,D,surat,VIIRS_NOAA21_NRT
21.03587,72.8356,338.48,0.7,0.75,2026-04-09,915,N21,VIIRS,n,2.0NRT,301.7,6.84,D,surat,VIIRS_NOAA21_NRT
21.25644,72.94067,314.43,0.46,0.63,2026-04-15,2131,N21,VIIRS,n,2.0NRT,296.45,2.52,N,surat,VIIRS_NOAA21_NRT
21.29313,72.81722,338.17,0.42,0.45,2026-04-16,843,N21,VIIRS,l,2.0NRT,311.67,4.23,D,surat,VIIRS_NOAA21_NRT
21.25812,72.94012,308.84,0.46,0.47,2026-04-16,2114,N21,VIIRS,n,2.0NRT,297.6,1.98,N,surat,VIIRS_NOAA21_NRT
21.04658,72.8401,343.95,0.43,0.38,2026-04-22,833,N21,VIIRS,n,2.0NRT,316.97,7.11,D,surat,VIIRS_NOAA21_NRT
21.0609,72.92513,342.63,0.48,0.48,2026-04-24,754,N21,VIIRS,n,2.0NRT,311.12,8.0,D,surat,VIIRS_NOAA21_NRT
21.34829,72.97382,342.78,0.47,0.64,2026-04-25,735,N21,VIIRS,n,2.0NRT,309.53,3.54,D,surat,VIIRS_NOAA21_NRT
21.02036,72.75562,334.82,0.33,0.56,2026-04-26,858,N21,VIIRS,l,2.0NRT,308.65,4.72,D,surat,VIIRS_NOAA21_NRT
21.02068,72.75881,349.35,0.33,0.56,2026-04-26,858,N21,VIIRS,n,2.0NRT,307.78,4.72,D,surat,VIIRS_NOAA21_NRT
21.32497,72.95746,325.1,0.53,0.42,2026-04-29,2029,N21,VIIRS,n,2.0NRT,297.45,5.89,N,surat,VIIRS_NOAA21_NRT
21.09617,72.80368,316.26,0.45,0.47,2026-05-02,2114,N21,VIIRS,n,2.0NRT,297.75,4.13,N,surat,VIIRS_NOAA21_NRT
21.04607,72.8764,311.36,0.4,0.37,2026-05-03,2055,N21,VIIRS,n,2.0NRT,297.84,2.79,N,surat,VIIRS_NOAA21_NRT
21.0994,72.84979,337.68,0.53,0.5,2026-05-07,852,N21,VIIRS,n,2.0NRT,303.23,2.99,D,surat,VIIRS_NOAA21_NRT
21.09855,72.80712,310.97,0.4,0.37,2026-05-09,2042,N21,VIIRS,n,2.0NRT,298.58,0.67,N,surat,VIIRS_NOAA21_NRT
21.06093,72.97558,337.84,0.47,0.48,2026-05-10,754,N21,VIIRS,l,2.0NRT,310.16,4.68,D,surat,VIIRS_NOAA21_NRT
21.03208,72.83774,310.04,0.45,0.63,2026-05-11,2004,N21,VIIRS,n,2.0NRT,296.29,1.12,N,surat,VIIRS_NOAA21_NRT
21.25765,72.9426,307.43,0.45,0.63,2026-05-11,2004,N21,VIIRS,n,2.0NRT,296.19,1.23,N,surat,VIIRS_NOAA21_NRT
21.06497,72.86002,339.79,0.39,0.36,2026-05-14,820,N21,VIIRS,l,2.0NRT,310.14,5.45,D,surat,VIIRS_NOAA21_NRT
21.09706,72.80531,339.15,0.39,0.36,2026-05-14,820,N21,VIIRS,l,2.0NRT,311.97,6.25,D,surat,VIIRS_NOAA21_NRT
21.05424,72.85445,309.78,0.38,0.36,2026-05-14,2046,N21,VIIRS,n,2.0NRT,297.27,0.24,N,surat,VIIRS_NOAA21_NRT
21.00798,72.81928,330.16,0.39,0.44,2026-05-15,801,N21,VIIRS,n,2.0NRT,296.5,1.33,D,surat,VIIRS_NOAA21_NRT
21.16931,72.75928,338.97,0.39,0.59,2026-05-16,741,N21,VIIRS,n,2.0NRT,308.36,4.85,D,surat,VIIRS_NOAA21_NRT
21.05602,72.85232,307.02,0.36,0.57,2026-05-16,2010,N21,VIIRS,n,2.0NRT,296.81,0.37,N,surat,VIIRS_NOAA21_NRT
21.08986,72.97285,352.68,0.44,0.62,2026-05-17,905,N21,VIIRS,n,2.0NRT,311.95,10.51,D,surat,VIIRS_NOAA21_NRT
21.11657,72.76507,333.05,0.39,0.36,2026-05-19,826,N21,VIIRS,n,2.0NRT,300.69,1.25,D,surat,VIIRS_NOAA21_NRT
21.28374,72.86271,336.44,0.47,0.4,2026-05-20,807,N21,VIIRS,l,2.0NRT,306.39,4.06,D,surat,VIIRS_NOAA21_NRT
21.05249,72.85519,311.71,0.45,0.39,2026-05-20,2036,N21,VIIRS,n,2.0NRT,294.86,1.54,N,surat,VIIRS_NOAA21_NRT
21.05309,72.85091,316.66,0.45,0.39,2026-05-20,2036,N21,VIIRS,n,2.0NRT,294.76,1.67,N,surat,VIIRS_NOAA21_NRT
21.11639,72.98357,340.26,0.44,0.38,2026-05-24,833,N21,VIIRS,n,2.0NRT,306.84,5.85,D,surat,VIIRS_NOAA21_NRT
21.2942,72.96198,336.83,0.44,0.39,2026-05-24,833,N21,VIIRS,n,2.0NRT,305.22,3.68,D,surat,VIIRS_NOAA21_NRT
21.06963,72.97847,337.27,0.41,0.37,2026-05-25,813,N21,VIIRS,l,2.0NRT,310.57,5.35,D,surat,VIIRS_NOAA21_NRT
21.17318,72.76154,330.14,0.49,0.65,2026-05-27,735,N21,VIIRS,l,2.0NRT,304.05,5.82,D,surat,VIIRS_NOAA21_NRT
21.17464,72.76149,330.52,0.49,0.65,2026-05-27,735,N21,VIIRS,l,2.0NRT,303.88,6.42,D,surat,VIIRS_NOAA21_NRT
21.10651,72.80592,305.72,0.73,0.76,2026-05-27,2144,N21,VIIRS,n,2.0NRT,294.07,4.65,N,surat,VIIRS_NOAA21_NRT
21.11616,72.98301,338.01,0.52,0.42,2026-05-29,837,N21,VIIRS,n,2.0NRT,304.61,4.95,D,surat,VIIRS_NOAA21_NRT
21.07907,72.9542,308.58,0.38,0.36,2026-05-30,2046,N21,VIIRS,n,2.0NRT,296.83,3.43,N,surat,VIIRS_NOAA21_NRT
21.29711,72.93909,330.1,0.57,0.43,2026-05-31,801,N21,VIIRS,l,2.0NRT,304.7,2.69,D,surat,VIIRS_NOAA21_NRT
21.11986,72.99519,331.69,0.47,0.4,2026-06-05,805,N21,VIIRS,l,2.0NRT,305.09,2.91,D,surat,VIIRS_NOAA21_NRT
21.15932,72.97932,332.71,0.47,0.4,2026-06-05,805,N21,VIIRS,l,2.0NRT,304.04,4.01,D,surat,VIIRS_NOAA21_NRT
21.11311,72.81007,330.14,0.61,0.53,2026-06-06,748,N21,VIIRS,l,2.0NRT,300.97,4.25,D,surat,VIIRS_NOAA21_NRT
21.06294,72.94107,334.64,0.44,0.38,2026-06-09,833,N21,VIIRS,n,2.0NRT,299.65,4.32,D,surat,VIIRS_NOAA21_NRT
21.16559,73.00392,336.57,0.44,0.39,2026-06-09,833,N21,VIIRS,n,2.0NRT,300.81,4.32,D,surat,VIIRS_NOAA21_NRT
21.16911,73.00338,338.71,0.44,0.39,2026-06-09,833,N21,VIIRS,n,2.0NRT,304.36,4.32,D,surat,VIIRS_NOAA21_NRT
21.00576,72.81909,340.29,0.34,0.56,2026-06-13,856,N21,VIIRS,n,2.0NRT,297.56,4.04,D,surat,VIIRS_NOAA21_NRT
21.1207,72.85013,331.59,0.34,0.56,2026-06-13,856,N21,VIIRS,n,2.0NRT,297.48,1.24,D,surat,VIIRS_NOAA21_NRT
21.03976,72.79787,310.94,0.54,0.42,2026-06-16,2029,N21,VIIRS,n,2.0NRT,296.76,4.54,N,surat,VIIRS_NOAA21_NRT
21.26538,72.93906,307.17,0.46,0.39,2026-06-25,2059,N21,VIIRS,n,2.0NRT,291.57,4.0,N,surat,VIIRS_NOAA21_NRT
21.16999,72.75337,342.48,0.49,0.48,2026-06-27,754,N21,VIIRS,n,2.0NRT,301.33,9.42,D,surat,VIIRS_NOAA21_NRT
21.12215,72.76595,339.42,0.44,0.38,2026-06-01,835,N20,VIIRS,n,2.0NRT,309.39,3.95,D,surat,VIIRS_NOAA20_NRT
21.12293,72.76644,339.59,0.44,0.38,2026-06-01,835,N20,VIIRS,n,2.0NRT,309.1,5.15,D,surat,VIIRS_NOAA20_NRT
21.27349,72.87022,308.42,0.36,0.58,2026-06-05,2127,N20,VIIRS,n,2.0NRT,292.63,1.06,N,surat,VIIRS_NOAA20_NRT
21.12321,72.86747,337.57,0.52,0.42,2026-06-06,839,N20,VIIRS,n,2.0NRT,306.2,4.14,D,surat,VIIRS_NOAA20_NRT
21.06237,72.94379,341.52,0.37,0.58,2026-06-09,744,N20,VIIRS,n,2.0NRT,297.8,4.35,D,surat,VIIRS_NOAA20_NRT
21.0526,72.85437,338.03,0.59,0.7,2026-06-15,2142,N20,VIIRS,n,2.0NRT,292.86,7.63,N,surat,VIIRS_NOAA20_NRT
21.05567,72.85198,344.06,0.59,0.7,2026-06-15,2142,N20,VIIRS,n,2.0NRT,292.93,8.57,N,surat,VIIRS_NOAA20_NRT
21.07619,72.85633,313.14,0.58,0.52,2026-06-16,2123,N20,VIIRS,n,2.0NRT,294.79,5.37,N,surat,VIIRS_NOAA20_NRT
21.25727,72.94133,305.62,0.59,0.53,2026-06-16,2123,N20,VIIRS,n,2.0NRT,294.22,4.42,N,surat,VIIRS_NOAA20_NRT
21.26562,72.94264,308.51,0.47,0.4,2026-06-17,2104,N20,VIIRS,n,2.0NRT,294.55,2.4,N,surat,VIIRS_NOAA20_NRT
21.11314,72.96664,337.16,0.36,0.58,2026-06-25,746,N20,VIIRS,n,2.0NRT,298.12,1.65,D,surat,VIIRS_NOAA20_NRT
21.00102,72.90402,336.93,0.44,0.63,2026-06-26,905,N20,VIIRS,n,2.0NRT,295.22,2.36,D,surat,VIIRS_NOAA20_NRT
21.0448,72.92223,335.08,0.4,0.37,2026-06-28,830,N20,VIIRS,n,2.0NRT,300.64,1.36,D,surat,VIIRS_NOAA20_NRT
21.05456,72.85148,304.19,0.57,0.43,2026-08-09,2112,N20,VIIRS,n,2.0NRT,282.65,0.7,N,surat,VIIRS_NOAA20_NRT
21.05469,72.85502,306.21,0.57,0.43,2026-08-09,2112,N20,VIIRS,n,2.0NRT,282.14,0.79,N,surat,VIIRS_NOAA20_NRT
21.03813,72.91778,344.86,0.38,0.36,2026-05-10,828,N,VIIRS,n,2.0NRT,314.51,7.15,D,surat,VIIRS_SNPP_NRT
21.09898,72.8278,342.11,0.38,0.36,2026-05-10,828,N,VIIRS,l,2.0NRT,314.02,7.15,D,surat,VIIRS_SNPP_NRT
21.03524,72.83838,312.23,0.52,0.42,2026-05-11,2038,N,VIIRS,n,2.0NRT,298.31,1.21,N,surat,VIIRS_SNPP_NRT
21.00509,72.81883,333.94,0.4,0.37,2026-05-15,835,N,VIIRS,n,2.0NRT,297.12,2.23,D,surat,VIIRS_SNPP_NRT
21.16934,72.76089,352.14,0.46,0.39,2026-05-16,816,N,VIIRS,n,2.0NRT,313.88,10.62,D,surat,VIIRS_SNPP_NRT
21.25829,72.94191,312.53,0.44,0.38,2026-05-16,2044,N,VIIRS,n,2.0NRT,299.61,0.86,N,surat,VIIRS_SNPP_NRT
21.28122,72.86385,339.31,0.45,0.39,2026-05-20,839,N,VIIRS,n,2.0NRT,307.93,4.32,D,surat,VIIRS_SNPP_NRT
21.05298,72.85163,313.05,0.47,0.4,2026-05-20,2110,N,VIIRS,n,2.0NRT,294.04,1.06,N,surat,VIIRS_SNPP_NRT
21.25897,72.93421,310.53,0.39,0.36,2026-05-21,2051,N,VIIRS,n,2.0NRT,295.97,0.62,N,surat,VIIRS_SNPP_NRT
21.29998,72.98735,334.53,0.44,0.46,2026-05-22,801,N,VIIRS,n,2.0NRT,296.58,2.73,D,surat,VIIRS_SNPP_NRT
21.24687,72.78374,331.0,0.35,0.57,2026-05-24,905,N,VIIRS,n,2.0NRT,300.33,2.04,D,surat,VIIRS_SNPP_NRT
21.08603,73.03615,331.26,0.55,0.43,2026-05-25,845,N,VIIRS,l,2.0NRT,304.62,1.3,D,surat,VIIRS_SNPP_NRT
21.0667,72.97672,336.74,0.38,0.36,2026-05-26,828,N,VIIRS,l,2.0NRT,310.88,3.89,D,surat,VIIRS_SNPP_NRT
21.31636,72.83803,335.11,0.38,0.36,2026-05-26,828,N,VIIRS,l,2.0NRT,310.08,1.35,D,surat,VIIRS_SNPP_NRT
21.31693,72.84171,338.68,0.38,0.36,2026-05-26,828,N,VIIRS,n,2.0NRT,310.84,2.41,D,surat,VIIRS_SNPP_NRT
21.32169,72.97182,309.28,0.33,0.56,2026-05-28,2019,N,VIIRS,n,2.0NRT,296.37,1.96,N,surat,VIIRS_SNPP_NRT
21.12341,72.76467,340.6,0.4,0.37,2026-05-31,835,N,VIIRS,n,2.0NRT,305.25,1.26,D,surat,VIIRS_SNPP_NRT
21.29788,72.94031,332.59,0.4,0.37,2026-05-31,835,N,VIIRS,l,2.0NRT,305.77,1.63,D,surat,VIIRS_SNPP_NRT
21.05433,72.85259,312.58,0.41,0.37,2026-05-31,2104,N,VIIRS,n,2.0NRT,296.27,2.78,N,surat,VIIRS_SNPP_NRT
21.26367,72.94025,311.78,0.41,0.37,2026-05-31,2104,N,VIIRS,n,2.0NRT,294.82,2.05,N,surat,VIIRS_SNPP_NRT
21.06759,72.95792,332.02,0.45,0.39,2026-06-05,839,N,VIIRS,l,2.0NRT,304.07,1.09,D,surat,VIIRS_SNPP_NRT
21.11281,72.8094,333.62,0.4,0.37,2026-06-06,822,N,VIIRS,l,2.0NRT,306.47,3.12,D,surat,VIIRS_SNPP_NRT
21.26503,72.94192,314.94,0.41,0.37,2026-06-16,2104,N,VIIRS,n,2.0NRT,297.02,2.93,N,surat,VIIRS_SNPP_NRT
21.17132,72.7569,331.77,0.57,0.52,2026-06-18,758,N,VIIRS,n,2.0NRT,295.47,6.88,D,surat,VIIRS_SNPP_NRT
21.17134,72.75373,333.52,0.57,0.52,2026-06-18,758,N,VIIRS,n,2.0NRT,295.28,6.35,D,surat,VIIRS_SNPP_NRT
21.1574,72.96446,338.64,0.46,0.39,2026-06-21,841,N,VIIRS,n,2.0NRT,305.75,6.66,D,surat,VIIRS_SNPP_NRT
21.20535,73.04711,334.47,0.46,0.39,2026-06-21,841,N,VIIRS,n,2.0NRT,303.41,1.63,D,surat,VIIRS_SNPP_NRT
21.0774,72.93099,335.77,0.38,0.36,2026-06-27,830,N,VIIRS,l,2.0NRT,307.23,2.11,D,surat,VIIRS_SNPP_NRT
21.17204,72.7553,337.61,0.38,0.36,2026-06-27,830,N,VIIRS,n,2.0NRT,307.08,6.21,D,surat,VIIRS_SNPP_NRT
21.05272,72.85251,305.92,0.39,0.37,2026-08-09,2053,N,VIIRS,n,2.0NRT,281.49,0.73,N,surat,VIIRS_SNPP_NRT
21.05607,72.85309,308.76,0.39,0.37,2026-08-09,2053,N,VIIRS,n,2.0NRT,281.79,0.73,N,surat,VIIRS_SNPP_NRT
