latitude,longitude,bright_ti4,scan,track,acq_date,acq_time,satellite,instrument,confidence,version,bright_ti5,frp,daynight,cluster,satellite_source
22.57472,70.22886,301.36,0.43,0.38,2024-01-17,2046,N21,VIIRS,n,2.0NRT,290.51,0.85,N,jamnagar,VIIRS_NOAA21_NRT
22.33588,69.86827,302.66,0.46,0.39,2024-01-21,2112,N21,VIIRS,n,2.0NRT,288.87,2.26,N,jamnagar,VIIRS_NOAA21_NRT
22.33821,69.85509,303.19,0.46,0.39,2024-01-21,2112,N21,VIIRS,n,2.0NRT,287.22,2.8,N,jamnagar,VIIRS_NOAA21_NRT
22.33513,69.86758,309.77,0.4,0.37,2024-01-22,2053,N21,VIIRS,n,2.0NRT,296.98,2.54,N,jamnagar,VIIRS_NOAA21_NRT
22.40527,70.03604,297.96,0.4,0.37,2024-01-22,2053,N21,VIIRS,n,2.0NRT,285.87,0.4,N,jamnagar,VIIRS_NOAA21_NRT
22.33468,69.86802,312.58,0.38,0.36,2024-01-27,2057,N21,VIIRS,n,2.0NRT,297.27,3.37,N,jamnagar,VIIRS_NOAA21_NRT
22.34027,69.85386,309.59,0.38,0.36,2024-01-27,2057,N21,VIIRS,n,2.0NRT,295.39,1.56,N,jamnagar,VIIRS_NOAA21_NRT
22.40093,70.20692,338.34,0.51,0.41,2024-01-28,811,N21,VIIRS,n,2.0NRT,301.42,5.23,D,jamnagar,VIIRS_NOAA21_NRT
22.33781,69.85523,298.13,0.35,0.57,2024-01-29,2021,N21,VIIRS,n,2.0NRT,281.81,1.82,N,jamnagar,VIIRS_NOAA21_NRT
22.33552,69.86745,309.23,0.4,0.37,2024-02-01,2103,N21,VIIRS,n,2.0NRT,296.43,2.71,N,jamnagar,VIIRS_NOAA21_NRT
22.33482,69.86697,301.81,0.57,0.69,2024-02-04,2008,N21,VIIRS,n,2.0NRT,291.53,2.63,N,jamnagar,VIIRS_NOAA21_NRT
22.26617,70.25596,340.53,0.48,0.4,2024-02-06,841,N21,VIIRS,n,2.0NRT,307.21,4.26,D,jamnagar,VIIRS_NOAA21_NRT
22.29241,70.215,338.29,0.39,0.36,2024-02-07,824,N21,VIIRS,n,2.0NRT,304.95,3.71,D,jamnagar,VIIRS_NOAA21_NRT
22.30672,70.25389,331.02,0.42,0.45,2024-02-08,805,N21,VIIRS,n,2.0NRT,292.38,3.28,D,jamnagar,VIIRS_NOAA21_NRT
22.32175,69.87984,302.12,0.45,0.47,2024-02-08,2033,N21,VIIRS,n,2.0NRT,285.72,1.1,N,jamnagar,VIIRS_NOAA21_NRT
22.36818,69.84513,336.64,0.45,0.47,2024-02-08,2033,N21,VIIRS,n,2.0NRT,282.96,4.45,N,jamnagar,VIIRS_NOAA21_NRT
22.36867,69.8408,308.53,0.45,0.47,2024-02-08,2033,N21,VIIRS,n,2.0NRT,281.67,4.45,N,jamnagar,VIIRS_NOAA21_NRT
22.36959,69.84222,338.28,0.45,0.47,2024-02-08,2033,N21,VIIRS,n,2.0NRT,286.92,8.94,N,jamnagar,VIIRS_NOAA21_NRT
22.32258,69.87849,310.75,0.45,0.63,2024-02-09,2014,N21,VIIRS,n,2.0NRT,289.34,2.54,N,jamnagar,VIIRS_NOAA21_NRT
22.3191,69.88147,297.61,0.71,0.75,2024-02-09,2154,N21,VIIRS,n,2.0NRT,286.93,2.28,N,jamnagar,VIIRS_NOAA21_NRT
22.26368,70.25771,330.66,0.39,0.59,2024-02-10,909,N21,VIIRS,l,2.0NRT,303.99,2.24,D,jamnagar,VIIRS_NOAA21_NRT
22.26706,70.25746,331.82,0.39,0.59,2024-02-10,909,N21,VIIRS,n,2.0NRT,305.14,1.8,D,jamnagar,VIIRS_NOAA21_NRT
22.31969,69.88351,312.66,0.35,0.57,2024-02-10,2135,N21,VIIRS,n,2.0NRT,289.73,1.6,N,jamnagar,VIIRS_NOAA21_NRT
22.32139,69.88319,317.16,0.35,0.57,2024-02-10,2135,N21,VIIRS,n,2.0NRT,290.03,1.82,N,jamnagar,VIIRS_NOAA21_NRT
22.33823,69.85574,305.89,0.35,0.57,2024-02-10,2135,N21,VIIRS,n,2.0NRT,295.33,3.07,N,jamnagar,VIIRS_NOAA21_NRT
22.32313,69.88324,336.64,0.55,0.43,2024-02-11,847,N21,VIIRS,n,2.0NRT,309.62,3.65,D,jamnagar,VIIRS_NOAA21_NRT
22.40177,70.26519,338.53,0.39,0.44,2024-02-11,847,N21,VIIRS,n,2.0NRT,309.28,4.07,D,jamnagar,VIIRS_NOAA21_NRT
22.32139,69.88075,336.04,0.54,0.42,2024-02-11,2118,N21,VIIRS,n,2.0NRT,280.85,6.84,N,jamnagar,VIIRS_NOAA21_NRT
22.3213,69.88052,314.75,0.36,0.57,2024-02-14,2021,N21,VIIRS,n,2.0NRT,291.0,2.27,N,jamnagar,VIIRS_NOAA21_NRT
22.3214,69.88082,302.45,0.36,0.57,2024-02-14,2021,N21,VIIRS,n,2.0NRT,290.5,1.81,N,jamnagar,VIIRS_NOAA21_NRT
22.32165,69.8771,321.73,0.36,0.57,2024-02-14,2021,N21,VIIRS,n,2.0NRT,290.78,2.27,N,jamnagar,VIIRS_NOAA21_NRT
22.32172,69.87738,324.19,0.36,0.57,2024-02-14,2021,N21,VIIRS,n,2.0NRT,290.92,1.81,N,jamnagar,VIIRS_NOAA21_NRT
22.43263,69.83253,299.83,0.36,0.58,2024-02-14,2021,N21,VIIRS,n,2.0NRT,289.2,0.79,N,jamnagar,VIIRS_NOAA21_NRT
22.32193,69.87608,322.85,0.73,0.76,2024-02-15,2001,N21,VIIRS,n,2.0NRT,292.33,5.71,N,jamnagar,VIIRS_NOAA21_NRT
22.32301,69.87685,320.75,0.73,0.76,2024-02-15,2001,N21,VIIRS,n,2.0NRT,292.11,6.42,N,jamnagar,VIIRS_NOAA21_NRT
22.32349,69.88464,302.88,0.45,0.63,2024-02-15,2142,N21,VIIRS,n,2.0NRT,291.61,1.08,N,jamnagar,VIIRS_NOAA21_NRT
22.32011,69.88168,299.46,0.45,0.47,2024-02-16,2125,N21,VIIRS,n,2.0NRT,289.21,1.4,N,jamnagar,VIIRS_NOAA21_NRT
22.33847,69.85487,306.79,0.44,0.46,2024-02-16,2125,N21,VIIRS,n,2.0NRT,295.98,2.2,N,jamnagar,VIIRS_NOAA21_NRT
22.32107,69.88248,313.66,0.4,0.37,2024-02-17,2103,N21,VIIRS,n,2.0NRT,294.57,1.12,N,jamnagar,VIIRS_NOAA21_NRT
22.33958,69.85426,310.86,0.4,0.37,2024-02-17,2103,N21,VIIRS,n,2.0NRT,298.89,2.22,N,jamnagar,VIIRS_NOAA21_NRT
22.37716,70.04816,338.2,0.44,0.38,2024-02-18,817,N21,VIIRS,n,2.0NRT,312.69,3.24,D,jamnagar,VIIRS_NOAA21_NRT
22.33458,69.86736,306.17,0.45,0.39,2024-02-18,2046,N21,VIIRS,n,2.0NRT,294.82,2.51,N,jamnagar,VIIRS_NOAA21_NRT
22.33993,69.85483,306.25,0.45,0.39,2024-02-18,2046,N21,VIIRS,n,2.0NRT,294.46,1.75,N,jamnagar,VIIRS_NOAA21_NRT
22.32156,69.88788,344.66,0.55,0.51,2024-02-19,758,N21,VIIRS,n,2.0NRT,296.36,18.54,D,jamnagar,VIIRS_NOAA21_NRT
22.28884,70.22568,340.95,0.39,0.36,2024-02-23,824,N21,VIIRS,l,2.0NRT,315.94,4.11,D,jamnagar,VIIRS_NOAA21_NRT
22.29276,70.22884,354.97,0.39,0.36,2024-02-23,824,N21,VIIRS,n,2.0NRT,314.63,6.86,D,jamnagar,VIIRS_NOAA21_NRT
22.3361,69.86774,309.92,0.4,0.37,2024-02-23,2053,N21,VIIRS,n,2.0NRT,297.98,2.68,N,jamnagar,VIIRS_NOAA21_NRT
22.3378,69.85617,308.97,0.4,0.37,2024-02-23,2053,N21,VIIRS,n,2.0NRT,297.52,3.3,N,jamnagar,VIIRS_NOAA21_NRT
22.57463,70.22853,308.47,0.39,0.37,2024-02-23,2053,N21,VIIRS,n,2.0NRT,287.21,0.72,N,jamnagar,VIIRS_NOAA21_NRT
22.33453,69.86755,308.98,0.46,0.39,2024-03-09,2112,N21,VIIRS,n,2.0NRT,297.97,2.97,N,jamnagar,VIIRS_NOAA21_NRT
22.3404,69.85513,307.74,0.46,0.39,2024-03-09,2112,N21,VIIRS,n,2.0NRT,295.96,3.29,N,jamnagar,VIIRS_NOAA21_NRT
22.33495,69.8693,307.82,0.4,0.37,2024-03-10,2053,N21,VIIRS,n,2.0NRT,297.63,3.37,N,jamnagar,VIIRS_NOAA21_NRT
22.34056,69.85452,308.12,0.4,0.37,2024-03-10,2053,N21,VIIRS,n,2.0NRT,296.17,1.51,N,jamnagar,VIIRS_NOAA21_NRT
22.36481,69.93446,330.58,0.77,0.77,2024-03-12,928,N21,VIIRS,l,2.0NRT,303.93,6.43,D,jamnagar,VIIRS_NOAA21_NRT
22.28065,69.9313,339.39,0.37,0.58,2024-03-13,907,N21,VIIRS,l,2.0NRT,311.12,3.37,D,jamnagar,VIIRS_NOAA21_NRT
22.33848,69.85483,315.42,0.38,0.36,2024-03-15,2057,N21,VIIRS,n,2.0NRT,300.64,3.57,N,jamnagar,VIIRS_NOAA21_NRT
22.54492,70.21075,343.68,0.32,0.55,2024-03-17,752,N21,VIIRS,l,2.0NRT,314.64,4.17,D,jamnagar,VIIRS_NOAA21_NRT
22.54611,70.21026,339.81,0.32,0.55,2024-03-17,752,N21,VIIRS,l,2.0NRT,314.4,2.84,D,jamnagar,VIIRS_NOAA21_NRT
22.20739,70.25624,338.51,0.65,0.73,2024-03-18,733,N21,VIIRS,n,2.0NRT,312.21,7.34,D,jamnagar,VIIRS_NOAA21_NRT
22.2125,70.25433,338.46,0.65,0.73,2024-03-18,733,N21,VIIRS,n,2.0NRT,312.8,7.55,D,jamnagar,VIIRS_NOAA21_NRT
22.36656,69.93098,353.86,0.48,0.64,2024-03-18,913,N21,VIIRS,n,2.0NRT,314.76,6.34,D,jamnagar,VIIRS_NOAA21_NRT
22.35038,69.94054,298.68,0.46,0.63,2024-03-18,2144,N21,VIIRS,n,2.0NRT,288.01,0.74,N,jamnagar,VIIRS_NOAA21_NRT
22.21297,70.16289,349.6,0.41,0.37,2024-03-20,837,N21,VIIRS,l,2.0NRT,323.35,12.75,D,jamnagar,VIIRS_NOAA21_NRT
22.31848,70.00185,348.21,0.53,0.5,2024-03-22,801,N21,VIIRS,n,2.0NRT,319.3,16.94,D,jamnagar,VIIRS_NOAA21_NRT
22.34951,70.05142,336.85,0.62,0.71,2024-03-23,922,N21,VIIRS,n,2.0NRT,288.11,5.33,D,jamnagar,VIIRS_NOAA21_NRT
22.53314,70.21236,343.43,0.62,0.54,2024-03-24,902,N21,VIIRS,l,2.0NRT,313.94,7.41,D,jamnagar,VIIRS_NOAA21_NRT
22.25227,70.02267,341.79,0.47,0.4,2024-03-25,843,N21,VIIRS,l,2.0NRT,315.74,8.75,D,jamnagar,VIIRS_NOAA21_NRT
22.20041,70.10086,343.25,0.42,0.45,2024-03-27,805,N21,VIIRS,n,2.0NRT,311.24,6.45,D,jamnagar,VIIRS_NOAA21_NRT
22.20148,70.09972,343.81,0.42,0.45,2024-03-27,805,N21,VIIRS,n,2.0NRT,311.63,4.39,D,jamnagar,VIIRS_NOAA21_NRT
22.34209,70.26624,338.2,0.41,0.45,2024-03-27,805,N21,VIIRS,l,2.0NRT,312.03,5.17,D,jamnagar,VIIRS_NOAA21_NRT
22.39915,70.03585,337.16,0.78,0.78,2024-03-28,928,N21,VIIRS,n,2.0NRT,300.59,7.17,D,jamnagar,VIIRS_NOAA21_NRT
22.40273,70.03674,335.55,0.78,0.78,2024-03-28,928,N21,VIIRS,n,2.0NRT,299.94,7.5,D,jamnagar,VIIRS_NOAA21_NRT
22.21395,70.08104,338.42,0.38,0.59,2024-03-29,907,N21,VIIRS,l,2.0NRT,308.94,2.71,D,jamnagar,VIIRS_NOAA21_NRT
22.45336,70.02015,341.98,0.38,0.43,2024-03-30,850,N21,VIIRS,n,2.0NRT,311.18,3.37,D,jamnagar,VIIRS_NOAA21_NRT
22.25309,70.26323,346.57,0.39,0.36,2024-03-31,830,N21,VIIRS,l,2.0NRT,320.57,12.28,D,jamnagar,VIIRS_NOAA21_NRT
22.33666,69.86721,304.11,0.38,0.36,2024-03-31,2059,N21,VIIRS,n,2.0NRT,289.09,1.24,N,jamnagar,VIIRS_NOAA21_NRT
22.3384,69.85613,304.3,0.38,0.36,2024-03-31,2059,N21,VIIRS,n,2.0NRT,289.76,0.87,N,jamnagar,VIIRS_NOAA21_NRT
22.34323,69.8684,297.69,0.38,0.36,2024-03-31,2059,N21,VIIRS,n,2.0NRT,283.66,0.1,N,jamnagar,VIIRS_NOAA21_NRT
22.43057,69.83497,302.84,0.38,0.36,2024-03-31,2059,N21,VIIRS,n,2.0NRT,290.67,0.26,N,jamnagar,VIIRS_NOAA21_NRT
22.57263,70.22926,308.38,0.39,0.36,2024-03-31,2059,N21,VIIRS,n,2.0NRT,293.61,0.89,N,jamnagar,VIIRS_NOAA21_NRT
22.21699,70.12606,337.5,0.33,0.55,2024-04-02,754,N21,VIIRS,n,2.0NRT,297.17,4.34,D,jamnagar,VIIRS_NOAA21_NRT
22.26846,70.17193,337.96,0.33,0.55,2024-04-02,754,N21,VIIRS,n,2.0NRT,297.6,3.08,D,jamnagar,VIIRS_NOAA21_NRT
22.2865,70.05986,367.0,0.33,0.55,2024-04-02,754,N21,VIIRS,h,2.0NRT,305.4,7.12,D,jamnagar,VIIRS_NOAA21_NRT
22.2865,70.06055,350.54,0.33,0.55,2024-04-02,754,N21,VIIRS,n,2.0NRT,305.05,3.71,D,jamnagar,VIIRS_NOAA21_NRT
22.29148,70.05936,339.41,0.33,0.55,2024-04-02,754,N21,VIIRS,n,2.0NRT,300.12,3.71,D,jamnagar,VIIRS_NOAA21_NRT
22.40185,70.19467,337.03,0.65,0.73,2024-04-03,733,N21,VIIRS,n,2.0NRT,301.31,7.4,D,jamnagar,VIIRS_NOAA21_NRT
22.40336,70.20073,330.23,0.64,0.72,2024-04-03,733,N21,VIIRS,l,2.0NRT,303.41,7.4,D,jamnagar,VIIRS_NOAA21_NRT
22.20659,69.93524,337.07,0.48,0.65,2024-04-03,913,N21,VIIRS,l,2.0NRT,307.53,2.16,D,jamnagar,VIIRS_NOAA21_NRT
22.20812,69.93401,335.37,0.48,0.64,2024-04-03,913,N21,VIIRS,l,2.0NRT,307.26,2.26,D,jamnagar,VIIRS_NOAA21_NRT
22.26921,70.18512,332.58,0.5,0.66,2024-04-03,913,N21,VIIRS,l,2.0NRT,306.75,3.23,D,jamnagar,VIIRS_NOAA21_NRT
22.32876,70.10271,340.12,0.49,0.65,2024-04-03,913,N21,VIIRS,n,2.0NRT,305.55,3.78,D,jamnagar,VIIRS_NOAA21_NRT
22.33162,70.10203,339.78,0.49,0.65,2024-04-03,913,N21,VIIRS,n,2.0NRT,306.07,2.23,D,jamnagar,VIIRS_NOAA21_NRT
22.39151,70.09628,349.95,0.49,0.65,2024-04-03,913,N21,VIIRS,n,2.0NRT,306.5,4.67,D,jamnagar,VIIRS_NOAA21_NRT
22.32972,70.08623,336.76,0.41,0.37,2024-04-05,837,N21,VIIRS,n,2.0NRT,298.41,2.99,D,jamnagar,VIIRS_NOAA21_NRT
22.56005,70.2627,341.25,0.5,0.66,2024-04-08,739,N21,VIIRS,n,2.0NRT,310.99,3.53,D,jamnagar,VIIRS_NOAA21_NRT
22.48466,70.03506,337.23,0.62,0.71,2024-04-08,922,N21,VIIRS,l,2.0NRT,307.42,5.52,D,jamnagar,VIIRS_NOAA21_NRT
22.29297,69.98158,347.68,0.47,0.4,2024-04-10,843,N21,VIIRS,n,2.0NRT,314.65,14.63,D,jamnagar,VIIRS_NOAA21_NRT
22.33916,69.85577,310.12,0.4,0.37,2024-04-11,2053,N21,VIIRS,n,2.0NRT,298.8,1.65,N,jamnagar,VIIRS_NOAA21_NRT
22.25673,70.01974,337.95,0.42,0.45,2024-04-12,805,N21,VIIRS,l,2.0NRT,310.71,7.89,D,jamnagar,VIIRS_NOAA21_NRT
22.25806,70.01876,341.59,0.42,0.45,2024-04-12,805,N21,VIIRS,n,2.0NRT,311.13,9.25,D,jamnagar,VIIRS_NOAA21_NRT
22.32974,70.13244,336.6,0.41,0.45,2024-04-12,805,N21,VIIRS,l,2.0NRT,310.21,7.95,D,jamnagar,VIIRS_NOAA21_NRT
22.32623,70.0185,332.39,0.42,0.61,2024-04-13,746,N21,VIIRS,n,2.0NRT,298.8,1.67,D,jamnagar,VIIRS_NOAA21_NRT
22.59,70.25755,344.9,0.4,0.44,2024-04-15,850,N21,VIIRS,n,2.0NRT,312.48,11.03,D,jamnagar,VIIRS_NOAA21_NRT
22.33646,69.8671,312.75,0.38,0.36,2024-04-16,2059,N21,VIIRS,n,2.0NRT,300.79,3.11,N,jamnagar,VIIRS_NOAA21_NRT
22.33821,69.85603,311.89,0.38,0.36,2024-04-16,2059,N21,VIIRS,n,2.0NRT,301.18,2.54,N,jamnagar,VIIRS_NOAA21_NRT
22.29408,70.20144,345.63,0.51,0.41,2024-04-17,811,N21,VIIRS,l,2.0NRT,316.61,19.15,D,jamnagar,VIIRS_NOAA21_NRT
22.31694,69.8608,330.14,0.53,0.42,2024-04-17,2040,N21,VIIRS,n,2.0NRT,299.1,3.62,N,jamnagar,VIIRS_NOAA21_NRT
22.38246,69.93834,338.09,0.34,0.56,2024-04-18,754,N21,VIIRS,n,2.0NRT,308.44,2.09,D,jamnagar,VIIRS_NOAA21_NRT
22.43328,70.03096,343.58,0.33,0.55,2024-04-18,754,N21,VIIRS,n,2.0NRT,308.34,4.25,D,jamnagar,VIIRS_NOAA21_NRT
22.46965,69.95609,351.83,0.33,0.56,2024-04-18,754,N21,VIIRS,n,2.0NRT,309.91,4.96,D,jamnagar,VIIRS_NOAA21_NRT
22.33456,69.8532,295.99,0.72,0.75,2024-04-19,2002,N21,VIIRS,n,2.0NRT,282.85,2.22,N,jamnagar,VIIRS_NOAA21_NRT
22.49562,70.03041,343.38,0.41,0.37,2024-04-21,837,N21,VIIRS,l,2.0NRT,317.82,11.68,D,jamnagar,VIIRS_NOAA21_NRT
22.55341,70.26771,344.73,0.42,0.38,2024-04-21,837,N21,VIIRS,n,2.0NRT,318.25,16.42,D,jamnagar,VIIRS_NOAA21_NRT
22.33838,69.85474,311.81,0.4,0.37,2024-04-21,2106,N21,VIIRS,n,2.0NRT,301.15,3.1,N,jamnagar,VIIRS_NOAA21_NRT
22.36475,70.19473,347.45,0.43,0.38,2024-04-22,818,N21,VIIRS,n,2.0NRT,316.97,9.76,D,jamnagar,VIIRS_NOAA21_NRT
22.57557,70.22807,307.39,0.43,0.38,2024-04-22,2046,N21,VIIRS,n,2.0NRT,296.24,1.35,N,jamnagar,VIIRS_NOAA21_NRT
22.36592,70.22326,340.22,0.62,0.54,2024-04-25,902,N21,VIIRS,n,2.0NRT,308.98,12.73,D,jamnagar,VIIRS_NOAA21_NRT
22.36769,70.22169,342.88,0.62,0.54,2024-04-25,902,N21,VIIRS,n,2.0NRT,307.38,5.9,D,jamnagar,VIIRS_NOAA21_NRT
22.33489,69.86836,302.83,0.44,0.46,2024-04-28,2034,N21,VIIRS,n,2.0NRT,291.66,2.24,N,jamnagar,VIIRS_NOAA21_NRT
22.27613,70.29829,353.43,0.39,0.6,2024-04-30,907,N21,VIIRS,n,2.0NRT,317.22,13.15,D,jamnagar,VIIRS_NOAA21_NRT
22.27715,70.298,353.04,0.39,0.6,2024-04-30,907,N21,VIIRS,n,2.0NRT,316.84,13.12,D,jamnagar,VIIRS_NOAA21_NRT
22.33913,69.85586,311.96,0.38,0.36,2024-05-02,2059,N21,VIIRS,n,2.0NRT,300.95,4.75,N,jamnagar,VIIRS_NOAA21_NRT
22.46565,70.14216,333.3,0.33,0.55,2024-05-04,754,N21,VIIRS,n,2.0NRT,301.12,1.8,D,jamnagar,VIIRS_NOAA21_NRT
22.33968,69.86713,307.07,0.45,0.63,2024-05-05,2144,N21,VIIRS,n,2.0NRT,296.99,3.54,N,jamnagar,VIIRS_NOAA21_NRT
22.33481,69.867,312.2,0.4,0.37,2024-05-07,2106,N21,VIIRS,n,2.0NRT,300.94,2.82,N,jamnagar,VIIRS_NOAA21_NRT
22.34008,69.85606,310.28,0.4,0.37,2024-05-07,2106,N21,VIIRS,n,2.0NRT,300.24,1.29,N,jamnagar,VIIRS_NOAA21_NRT
22.25014,70.09785,343.54,0.44,0.38,2024-05-08,818,N21,VIIRS,l,2.0NRT,310.49,13.3,D,jamnagar,VIIRS_NOAA21_NRT
22.4369,69.8532,314.54,0.56,0.52,2024-05-09,2027,N21,VIIRS,n,2.0NRT,296.66,1.74,N,jamnagar,VIIRS_NOAA21_NRT
22.26911,69.82388,335.86,0.59,0.7,2024-05-10,922,N21,VIIRS,n,2.0NRT,302.2,7.26,D,jamnagar,VIIRS_NOAA21_NRT
22.44139,69.85273,330.43,0.59,0.7,2024-05-10,922,N21,VIIRS,n,2.0NRT,297.44,5.86,D,jamnagar,VIIRS_NOAA21_NRT
22.43597,69.85391,316.68,0.56,0.69,2024-05-10,2150,N21,VIIRS,n,2.0NRT,296.45,3.83,N,jamnagar,VIIRS_NOAA21_NRT
22.44042,69.85123,320.48,0.56,0.51,2024-05-11,2129,N21,VIIRS,n,2.0NRT,297.88,1.62,N,jamnagar,VIIRS_NOAA21_NRT
22.45015,70.09676,332.91,0.42,0.61,2024-05-15,746,N21,VIIRS,n,2.0NRT,301.06,2.41,D,jamnagar,VIIRS_NOAA21_NRT
22.33622,69.86855,313.58,0.38,0.36,2024-05-18,2057,N21,VIIRS,n,2.0NRT,299.46,4.79,N,jamnagar,VIIRS_NOAA21_NRT
22.33853,69.85379,312.05,0.38,0.36,2024-05-18,2057,N21,VIIRS,n,2.0NRT,299.46,3.73,N,jamnagar,VIIRS_NOAA21_NRT
22.26619,70.25795,334.68,0.33,0.55,2024-05-20,752,N21,VIIRS,l,2.0NRT,308.42,0.97,D,jamnagar,VIIRS_NOAA21_NRT
22.48727,70.09623,321.16,0.35,0.57,2024-05-20,2021,N21,VIIRS,n,2.0NRT,297.32,1.7,N,jamnagar,VIIRS_NOAA21_NRT
22.34103,69.88425,311.12,0.74,0.76,2024-05-21,2002,N21,VIIRS,n,2.0NRT,297.04,13.12,N,jamnagar,VIIRS_NOAA21_NRT
22.34149,69.87724,347.44,0.74,0.76,2024-05-21,2002,N21,VIIRS,n,2.0NRT,299.44,28.45,N,jamnagar,VIIRS_NOAA21_NRT
22.34196,69.87019,351.55,0.74,0.76,2024-05-21,2002,N21,VIIRS,n,2.0NRT,297.25,28.45,N,jamnagar,VIIRS_NOAA21_NRT
22.34239,69.88111,328.93,0.73,0.76,2024-05-21,2002,N21,VIIRS,n,2.0NRT,297.74,38.8,N,jamnagar,VIIRS_NOAA21_NRT
22.34289,69.87408,367.0,0.74,0.76,2024-05-21,2002,N21,VIIRS,h,2.0NRT,299.97,38.8,N,jamnagar,VIIRS_NOAA21_NRT
22.34339,69.86707,306.99,0.74,0.76,2024-05-21,2002,N21,VIIRS,n,2.0NRT,296.51,25.97,N,jamnagar,VIIRS_NOAA21_NRT
22.3485,69.87767,306.79,0.74,0.76,2024-05-21,2002,N21,VIIRS,n,2.0NRT,296.75,28.45,N,jamnagar,VIIRS_NOAA21_NRT
22.33796,69.88534,317.84,0.44,0.63,2024-05-21,2142,N21,VIIRS,n,2.0NRT,298.67,7.19,N,jamnagar,VIIRS_NOAA21_NRT
22.33892,69.88113,367.0,0.44,0.63,2024-05-21,2142,N21,VIIRS,h,2.0NRT,300.24,7.19,N,jamnagar,VIIRS_NOAA21_NRT
22.33988,69.87693,318.25,0.44,0.63,2024-05-21,2142,N21,VIIRS,n,2.0NRT,298.38,7.11,N,jamnagar,VIIRS_NOAA21_NRT
22.34353,69.88694,324.99,0.44,0.63,2024-05-21,2142,N21,VIIRS,n,2.0NRT,298.15,37.21,N,jamnagar,VIIRS_NOAA21_NRT
22.34449,69.88273,367.0,0.44,0.63,2024-05-21,2142,N21,VIIRS,h,2.0NRT,303.79,37.21,N,jamnagar,VIIRS_NOAA21_NRT
22.34544,69.87855,323.0,0.44,0.63,2024-05-21,2142,N21,VIIRS,n,2.0NRT,298.73,27.24,N,jamnagar,VIIRS_NOAA21_NRT
22.33572,69.86784,314.55,0.4,0.37,2024-05-23,2106,N21,VIIRS,n,2.0NRT,304.14,2.75,N,jamnagar,VIIRS_NOAA21_NRT
22.31506,69.86189,313.06,0.57,0.52,2024-05-25,2027,N21,VIIRS,n,2.0NRT,297.89,2.54,N,jamnagar,VIIRS_NOAA21_NRT
22.31566,69.85639,308.75,0.57,0.52,2024-05-25,2027,N21,VIIRS,n,2.0NRT,297.47,2.54,N,jamnagar,VIIRS_NOAA21_NRT
22.34184,69.86917,343.89,0.54,0.42,2024-06-02,2118,N21,VIIRS,n,2.0NRT,298.59,16.51,N,jamnagar,VIIRS_NOAA21_NRT
22.33969,69.8552,315.35,0.38,0.36,2024-06-03,2059,N21,VIIRS,n,2.0NRT,303.39,2.98,N,jamnagar,VIIRS_NOAA21_NRT
22.44863,70.01355,310.32,0.53,0.42,2024-06-04,2040,N21,VIIRS,n,2.0NRT,298.46,0.94,N,jamnagar,VIIRS_NOAA21_NRT
22.25706,70.11945,332.38,0.67,0.73,2024-06-06,733,N21,VIIRS,n,2.0NRT,298.28,7.83,D,jamnagar,VIIRS_NOAA21_NRT
22.32051,69.88264,313.15,0.45,0.63,2024-06-06,2144,N21,VIIRS,n,2.0NRT,295.92,4.58,N,jamnagar,VIIRS_NOAA21_NRT
22.33812,69.85617,306.05,0.45,0.39,2024-06-09,2046,N21,VIIRS,n,2.0NRT,288.88,3.05,N,jamnagar,VIIRS_NOAA21_NRT
22.33902,69.85352,305.51,0.45,0.39,2024-06-09,2046,N21,VIIRS,n,2.0NRT,289.4,2.87,N,jamnagar,VIIRS_NOAA21_NRT
22.31191,69.85419,312.73,0.57,0.69,2024-06-11,2010,N21,VIIRS,n,2.0NRT,296.11,5.22,N,jamnagar,VIIRS_NOAA21_NRT
22.316,69.85362,310.84,0.57,0.69,2024-06-11,2010,N21,VIIRS,n,2.0NRT,296.22,5.36,N,jamnagar,VIIRS_NOAA21_NRT
22.33404,69.86903,311.39,0.46,0.39,2024-06-13,2112,N21,VIIRS,n,2.0NRT,300.39,5.45,N,jamnagar,VIIRS_NOAA21_NRT
22.3352,69.86602,310.98,0.4,0.37,2024-06-14,2055,N21,VIIRS,n,2.0NRT,298.54,5.2,N,jamnagar,VIIRS_NOAA21_NRT
22.34025,69.85504,312.29,0.4,0.37,2024-06-14,2055,N21,VIIRS,n,2.0NRT,299.14,4.5,N,jamnagar,VIIRS_NOAA21_NRT
22.43099,69.92185,332.46,0.43,0.46,2024-06-15,805,N21,VIIRS,n,2.0NRT,299.88,1.63,D,jamnagar,VIIRS_NOAA21_NRT
22.33476,69.86745,305.93,0.36,0.57,2024-06-17,2138,N21,VIIRS,n,2.0NRT,289.68,3.5,N,jamnagar,VIIRS_NOAA21_NRT
22.33768,69.85397,308.22,0.36,0.57,2024-06-17,2138,N21,VIIRS,n,2.0NRT,290.44,3.66,N,jamnagar,VIIRS_NOAA21_NRT
22.33552,69.86884,312.4,0.38,0.36,2024-06-19,2059,N21,VIIRS,n,2.0NRT,296.24,1.9,N,jamnagar,VIIRS_NOAA21_NRT
22.33784,69.8541,311.67,0.38,0.36,2024-06-19,2059,N21,VIIRS,n,2.0NRT,296.61,2.41,N,jamnagar,VIIRS_NOAA21_NRT
22.32173,69.8831,331.62,0.46,0.47,2024-06-23,856,N21,VIIRS,n,2.0NRT,297.43,2.16,D,jamnagar,VIIRS_NOAA21_NRT
22.33905,69.88082,334.5,0.46,0.47,2024-06-23,856,N21,VIIRS,n,2.0NRT,298.36,2.75,D,jamnagar,VIIRS_NOAA21_NRT
22.33958,69.88531,332.09,0.46,0.47,2024-06-23,856,N21,VIIRS,n,2.0NRT,298.54,2.75,D,jamnagar,VIIRS_NOAA21_NRT
22.34053,69.87745,337.45,0.46,0.47,2024-06-23,856,N21,VIIRS,n,2.0NRT,299.34,5.09,D,jamnagar,VIIRS_NOAA21_NRT
22.34152,69.88644,337.08,0.46,0.47,2024-06-23,856,N21,VIIRS,n,2.0NRT,299.17,122.53,D,jamnagar,VIIRS_NOAA21_NRT
22.34286,69.87579,332.28,0.46,0.47,2024-06-23,856,N21,VIIRS,n,2.0NRT,298.87,5.36,D,jamnagar,VIIRS_NOAA21_NRT
22.34391,69.88475,350.63,0.46,0.47,2024-06-23,856,N21,VIIRS,n,2.0NRT,301.26,61.08,D,jamnagar,VIIRS_NOAA21_NRT
22.34486,69.8769,336.03,0.46,0.47,2024-06-23,856,N21,VIIRS,n,2.0NRT,299.27,5.87,D,jamnagar,VIIRS_NOAA21_NRT
22.34536,69.88139,355.14,0.46,0.47,2024-06-23,856,N21,VIIRS,n,2.0NRT,301.34,13.25,D,jamnagar,VIIRS_NOAA21_NRT
22.34585,69.88586,338.34,0.46,0.47,2024-06-23,856,N21,VIIRS,n,2.0NRT,299.78,13.25,D,jamnagar,VIIRS_NOAA21_NRT
22.34772,69.87971,335.11,0.46,0.47,2024-06-23,856,N21,VIIRS,n,2.0NRT,300.13,61.08,D,jamnagar,VIIRS_NOAA21_NRT
22.34824,69.88419,334.57,0.46,0.47,2024-06-23,856,N21,VIIRS,n,2.0NRT,300.47,61.08,D,jamnagar,VIIRS_NOAA21_NRT
22.33877,69.85458,307.84,0.4,0.37,2024-06-30,2055,N21,VIIRS,n,2.0NRT,287.63,1.8,N,jamnagar,VIIRS_NOAA21_NRT
22.33429,69.86685,307.39,0.4,0.37,2024-07-10,2106,N21,VIIRS,n,2.0NRT,292.85,3.14,N,jamnagar,VIIRS_NOAA21_NRT
22.33958,69.85588,309.43,0.4,0.37,2024-07-10,2106,N21,VIIRS,n,2.0NRT,292.86,3.16,N,jamnagar,VIIRS_NOAA21_NRT
22.33909,69.8543,307.35,0.4,0.37,2024-08-17,2053,N21,VIIRS,n,2.0NRT,289.49,1.48,N,jamnagar,VIIRS_NOAA21_NRT
22.33485,69.86749,303.74,0.36,0.57,2024-08-20,2138,N21,VIIRS,n,2.0NRT,287.93,1.73,N,jamnagar,VIIRS_NOAA21_NRT
22.33779,69.85403,306.65,0.36,0.57,2024-08-20,2138,N21,VIIRS,n,2.0NRT,289.21,2.77,N,jamnagar,VIIRS_NOAA21_NRT
22.33828,69.85526,310.33,0.38,0.36,2024-08-22,2059,N21,VIIRS,n,2.0NRT,288.79,2.66,N,jamnagar,VIIRS_NOAA21_NRT
22.3197,69.88528,301.25,0.54,0.42,2024-08-23,2042,N21,VIIRS,n,2.0NRT,280.2,1.2,N,jamnagar,VIIRS_NOAA21_NRT
22.32036,69.88012,305.79,0.54,0.42,2024-08-23,2042,N21,VIIRS,n,2.0NRT,277.46,1.2,N,jamnagar,VIIRS_NOAA21_NRT
22.31658,69.85761,295.54,0.45,0.47,2024-09-03,2034,N21,VIIRS,n,2.0NRT,267.94,0.49,N,jamnagar,VIIRS_NOAA21_NRT
22.31253,69.85955,306.14,0.35,0.57,2024-09-05,2138,N21,VIIRS,n,2.0NRT,289.41,0.75,N,jamnagar,VIIRS_NOAA21_NRT
22.3338,69.86792,308.1,0.38,0.36,2024-09-07,2059,N21,VIIRS,n,2.0NRT,295.4,3.41,N,jamnagar,VIIRS_NOAA21_NRT
22.33611,69.85316,307.56,0.38,0.36,2024-09-07,2059,N21,VIIRS,n,2.0NRT,294.62,3.83,N,jamnagar,VIIRS_NOAA21_NRT
22.33709,69.86852,311.13,0.38,0.36,2024-09-07,2059,N21,VIIRS,n,2.0NRT,294.9,2.67,N,jamnagar,VIIRS_NOAA21_NRT
22.3394,69.85375,311.4,0.38,0.36,2024-09-07,2059,N21,VIIRS,n,2.0NRT,295.29,3.48,N,jamnagar,VIIRS_NOAA21_NRT
22.33636,69.86781,309.28,0.45,0.39,2024-09-17,2112,N21,VIIRS,n,2.0NRT,298.15,2.32,N,jamnagar,VIIRS_NOAA21_NRT
22.33545,69.86582,308.22,0.4,0.37,2024-09-18,2053,N21,VIIRS,n,2.0NRT,297.87,2.5,N,jamnagar,VIIRS_NOAA21_NRT
22.34052,69.85479,310.7,0.4,0.37,2024-09-18,2053,N21,VIIRS,n,2.0NRT,298.68,1.84,N,jamnagar,VIIRS_NOAA21_NRT
22.32754,69.84368,341.1,0.44,0.46,2024-09-19,805,N21,VIIRS,n,2.0NRT,300.86,5.15,D,jamnagar,VIIRS_NOAA21_NRT
22.33669,69.86822,306.57,0.35,0.57,2024-09-21,2138,N21,VIIRS,n,2.0NRT,291.31,1.48,N,jamnagar,VIIRS_NOAA21_NRT
22.3396,69.85489,305.52,0.35,0.57,2024-09-21,2138,N21,VIIRS,n,2.0NRT,291.57,1.36,N,jamnagar,VIIRS_NOAA21_NRT
22.33821,69.8551,305.0,0.54,0.42,2024-09-22,2121,N21,VIIRS,n,2.0NRT,289.23,2.37,N,jamnagar,VIIRS_NOAA21_NRT
22.33962,69.85349,309.62,0.4,0.37,2024-10-04,2053,N21,VIIRS,n,2.0NRT,298.91,3.81,N,jamnagar,VIIRS_NOAA21_NRT
22.34456,69.88976,312.57,0.4,0.37,2024-10-04,2053,N21,VIIRS,n,2.0NRT,296.64,1.72,N,jamnagar,VIIRS_NOAA21_NRT
22.33459,69.86777,310.6,0.55,0.42,2024-10-08,2121,N21,VIIRS,n,2.0NRT,298.56,4.97,N,jamnagar,VIIRS_NOAA21_NRT
22.31487,69.86086,333.21,0.38,0.36,2024-10-09,833,N21,VIIRS,n,2.0NRT,300.77,1.78,D,jamnagar,VIIRS_NOAA21_NRT
22.31824,69.88304,338.26,0.38,0.36,2024-10-09,833,N21,VIIRS,n,2.0NRT,300.15,11.29,D,jamnagar,VIIRS_NOAA21_NRT
22.32153,69.88246,338.19,0.38,0.36,2024-10-09,833,N21,VIIRS,n,2.0NRT,299.48,11.29,D,jamnagar,VIIRS_NOAA21_NRT
22.32117,69.8799,323.4,0.38,0.36,2024-10-09,2101,N21,VIIRS,n,2.0NRT,280.09,2.36,N,jamnagar,VIIRS_NOAA21_NRT
22.33836,69.85648,300.88,0.38,0.36,2024-10-09,2101,N21,VIIRS,n,2.0NRT,275.94,1.06,N,jamnagar,VIIRS_NOAA21_NRT
22.33469,69.86734,300.94,0.45,0.63,2024-10-12,2144,N21,VIIRS,n,2.0NRT,275.78,1.59,N,jamnagar,VIIRS_NOAA21_NRT
22.33755,69.85464,300.81,0.45,0.63,2024-10-12,2144,N21,VIIRS,n,2.0NRT,275.96,2.28,N,jamnagar,VIIRS_NOAA21_NRT
22.33608,69.86667,311.98,0.4,0.37,2024-10-14,2108,N21,VIIRS,n,2.0NRT,293.7,2.27,N,jamnagar,VIIRS_NOAA21_NRT
22.33802,69.85509,309.63,0.4,0.37,2024-10-14,2108,N21,VIIRS,n,2.0NRT,294.04,2.0,N,jamnagar,VIIRS_NOAA21_NRT
22.34224,69.89182,308.3,0.4,0.37,2024-10-14,2108,N21,VIIRS,n,2.0NRT,292.02,0.93,N,jamnagar,VIIRS_NOAA21_NRT
22.33938,69.85502,309.71,0.46,0.39,2024-10-19,2114,N21,VIIRS,n,2.0NRT,293.93,3.13,N,jamnagar,VIIRS_NOAA21_NRT
22.33697,69.86649,308.67,0.4,0.37,2024-10-20,2053,N21,VIIRS,n,2.0NRT,289.5,2.33,N,jamnagar,VIIRS_NOAA21_NRT
22.33866,69.85496,303.28,0.4,0.37,2024-10-20,2053,N21,VIIRS,n,2.0NRT,287.96,2.17,N,jamnagar,VIIRS_NOAA21_NRT
22.33689,69.8545,304.21,0.71,0.75,2024-10-22,2157,N21,VIIRS,n,2.0NRT,291.18,5.25,N,jamnagar,VIIRS_NOAA21_NRT
22.33544,69.86671,317.46,0.38,0.36,2024-10-25,2101,N21,VIIRS,n,2.0NRT,302.32,4.43,N,jamnagar,VIIRS_NOAA21_NRT
22.34046,69.85625,314.6,0.38,0.36,2024-10-25,2101,N21,VIIRS,n,2.0NRT,300.51,2.34,N,jamnagar,VIIRS_NOAA21_NRT
22.31506,69.86089,348.62,0.45,0.47,2024-10-29,2125,N21,VIIRS,n,2.0NRT,302.24,14.63,N,jamnagar,VIIRS_NOAA21_NRT
22.33992,69.85342,310.63,0.4,0.37,2024-10-30,2108,N21,VIIRS,n,2.0NRT,300.29,4.03,N,jamnagar,VIIRS_NOAA21_NRT
22.22827,70.12383,346.63,0.44,0.38,2024-10-31,820,N21,VIIRS,n,2.0NRT,307.92,3.8,D,jamnagar,VIIRS_NOAA21_NRT
22.22898,70.12802,336.66,0.44,0.38,2024-10-31,820,N21,VIIRS,n,2.0NRT,307.27,3.8,D,jamnagar,VIIRS_NOAA21_NRT
22.25666,70.26149,341.8,0.43,0.38,2024-10-31,820,N21,VIIRS,n,2.0NRT,307.36,15.88,D,jamnagar,VIIRS_NOAA21_NRT
22.25738,70.26564,346.0,0.43,0.38,2024-10-31,820,N21,VIIRS,n,2.0NRT,306.57,12.5,D,jamnagar,VIIRS_NOAA21_NRT
22.25911,70.26476,349.54,0.43,0.38,2024-10-31,820,N21,VIIRS,n,2.0NRT,307.36,12.9,D,jamnagar,VIIRS_NOAA21_NRT
22.26013,70.26083,340.79,0.43,0.38,2024-10-31,820,N21,VIIRS,n,2.0NRT,307.94,15.88,D,jamnagar,VIIRS_NOAA21_NRT
22.26085,70.26498,341.21,0.43,0.38,2024-10-31,820,N21,VIIRS,n,2.0NRT,305.69,12.5,D,jamnagar,VIIRS_NOAA21_NRT
22.2636,70.26015,339.86,0.43,0.38,2024-10-31,820,N21,VIIRS,n,2.0NRT,306.7,5.62,D,jamnagar,VIIRS_NOAA21_NRT
22.26707,70.25947,336.94,0.43,0.38,2024-10-31,820,N21,VIIRS,n,2.0NRT,306.06,5.62,D,jamnagar,VIIRS_NOAA21_NRT
22.33709,69.8664,308.99,0.57,0.52,2024-11-03,2131,N21,VIIRS,n,2.0NRT,298.91,4.95,N,jamnagar,VIIRS_NOAA21_NRT
22.33553,69.86838,311.61,0.46,0.39,2024-11-04,2114,N21,VIIRS,n,2.0NRT,300.57,3.73,N,jamnagar,VIIRS_NOAA21_NRT
22.33461,69.86807,315.28,0.4,0.37,2024-11-05,2055,N21,VIIRS,n,2.0NRT,302.27,2.78,N,jamnagar,VIIRS_NOAA21_NRT
22.33633,69.86684,308.58,0.36,0.58,2024-11-08,2140,N21,VIIRS,n,2.0NRT,298.4,2.83,N,jamnagar,VIIRS_NOAA21_NRT
22.3368,69.86723,309.98,0.36,0.58,2024-11-08,2140,N21,VIIRS,n,2.0NRT,298.52,2.31,N,jamnagar,VIIRS_NOAA21_NRT
22.36097,69.91247,340.57,0.57,0.43,2024-11-09,852,N21,VIIRS,n,2.0NRT,310.86,5.44,D,jamnagar,VIIRS_NOAA21_NRT
22.33732,69.86787,313.96,0.38,0.36,2024-11-10,2101,N21,VIIRS,n,2.0NRT,300.12,2.1,N,jamnagar,VIIRS_NOAA21_NRT
22.57328,70.23024,305.74,0.39,0.36,2024-11-10,2101,N21,VIIRS,n,2.0NRT,292.38,0.41,N,jamnagar,VIIRS_NOAA21_NRT
22.47861,70.08747,335.15,0.32,0.55,2024-11-12,756,N21,VIIRS,n,2.0NRT,303.29,2.69,D,jamnagar,VIIRS_NOAA21_NRT
22.33456,69.86716,309.81,0.34,0.56,2024-11-12,2023,N21,VIIRS,n,2.0NRT,299.24,3.61,N,jamnagar,VIIRS_NOAA21_NRT
22.33412,69.86701,310.87,0.47,0.64,2024-11-13,2146,N21,VIIRS,n,2.0NRT,298.14,4.05,N,jamnagar,VIIRS_NOAA21_NRT
22.33453,69.86816,309.26,0.47,0.64,2024-11-13,2146,N21,VIIRS,n,2.0NRT,297.82,2.7,N,jamnagar,VIIRS_NOAA21_NRT
22.33759,69.85503,308.29,0.46,0.64,2024-11-13,2146,N21,VIIRS,n,2.0NRT,297.83,3.24,N,jamnagar,VIIRS_NOAA21_NRT
22.33662,69.86691,313.25,0.41,0.37,2024-11-15,2108,N21,VIIRS,n,2.0NRT,300.03,3.65,N,jamnagar,VIIRS_NOAA21_NRT
22.33858,69.85515,314.08,0.41,0.37,2024-11-15,2108,N21,VIIRS,n,2.0NRT,300.86,3.74,N,jamnagar,VIIRS_NOAA21_NRT
22.33534,69.86642,308.36,0.47,0.4,2024-11-20,2114,N21,VIIRS,n,2.0NRT,297.54,3.06,N,jamnagar,VIIRS_NOAA21_NRT
22.33673,69.8671,310.91,0.39,0.37,2024-11-21,2055,N21,VIIRS,n,2.0NRT,298.22,2.2,N,jamnagar,VIIRS_NOAA21_NRT
22.33841,69.85569,312.19,0.39,0.37,2024-11-21,2055,N21,VIIRS,n,2.0NRT,299.61,2.32,N,jamnagar,VIIRS_NOAA21_NRT
22.33685,69.86866,306.69,0.37,0.58,2024-11-24,2140,N21,VIIRS,n,2.0NRT,295.64,1.51,N,jamnagar,VIIRS_NOAA21_NRT
22.34059,70.07726,342.54,0.39,0.36,2024-11-26,834,N21,VIIRS,n,2.0NRT,308.48,5.85,D,jamnagar,VIIRS_NOAA21_NRT
22.33646,69.86694,313.5,0.38,0.36,2024-11-26,2101,N21,VIIRS,n,2.0NRT,298.54,3.6,N,jamnagar,VIIRS_NOAA21_NRT
22.33821,69.85584,314.84,0.38,0.36,2024-11-26,2101,N21,VIIRS,n,2.0NRT,300.23,3.39,N,jamnagar,VIIRS_NOAA21_NRT
22.43023,69.83471,303.26,0.38,0.36,2024-11-26,2101,N21,VIIRS,n,2.0NRT,292.75,0.33,N,jamnagar,VIIRS_NOAA21_NRT
22.3342,69.8669,308.75,0.34,0.56,2024-11-28,2023,N21,VIIRS,n,2.0NRT,297.83,2.63,N,jamnagar,VIIRS_NOAA21_NRT
22.32878,69.90089,367.0,0.49,0.65,2024-11-29,917,N21,VIIRS,h,2.0NRT,302.18,9.18,D,jamnagar,VIIRS_NOAA21_NRT
22.33188,69.89774,336.4,0.49,0.65,2024-11-29,917,N21,VIIRS,n,2.0NRT,301.68,5.25,D,jamnagar,VIIRS_NOAA21_NRT
22.33226,69.90251,336.85,0.49,0.65,2024-11-29,917,N21,VIIRS,n,2.0NRT,302.06,5.25,D,jamnagar,VIIRS_NOAA21_NRT
22.33889,69.85509,306.16,0.47,0.64,2024-11-29,2146,N21,VIIRS,n,2.0NRT,295.97,4.72,N,jamnagar,VIIRS_NOAA21_NRT
22.31145,70.238,339.5,0.42,0.38,2024-12-01,839,N21,VIIRS,n,2.0NRT,304.89,2.63,D,jamnagar,VIIRS_NOAA21_NRT
22.33484,69.86883,312.04,0.41,0.37,2024-12-01,2108,N21,VIIRS,n,2.0NRT,297.07,2.39,N,jamnagar,VIIRS_NOAA21_NRT
22.34085,69.85378,306.34,0.41,0.37,2024-12-01,2108,N21,VIIRS,n,2.0NRT,294.64,1.67,N,jamnagar,VIIRS_NOAA21_NRT
22.58674,70.21044,339.57,0.42,0.38,2024-12-02,820,N21,VIIRS,n,2.0NRT,303.44,2.63,D,jamnagar,VIIRS_NOAA21_NRT
22.32225,69.88158,303.62,0.44,0.38,2024-12-02,2050,N21,VIIRS,n,2.0NRT,291.41,0.68,N,jamnagar,VIIRS_NOAA21_NRT
22.33514,69.86635,308.12,0.44,0.38,2024-12-02,2050,N21,VIIRS,n,2.0NRT,297.19,3.19,N,jamnagar,VIIRS_NOAA21_NRT
22.31813,69.88184,301.96,0.55,0.68,2024-12-04,2012,N21,VIIRS,n,2.0NRT,290.53,7.33,N,jamnagar,VIIRS_NOAA21_NRT
22.31853,69.8766,310.27,0.55,0.68,2024-12-04,2012,N21,VIIRS,n,2.0NRT,290.94,7.33,N,jamnagar,VIIRS_NOAA21_NRT
22.32006,69.88074,330.63,0.55,0.68,2024-12-04,2012,N21,VIIRS,n,2.0NRT,291.62,15.94,N,jamnagar,VIIRS_NOAA21_NRT
22.3205,69.87552,367.0,0.55,0.68,2024-12-04,2012,N21,VIIRS,h,2.0NRT,292.54,22.76,N,jamnagar,VIIRS_NOAA21_NRT
22.32439,69.88238,304.69,0.55,0.68,2024-12-04,2012,N21,VIIRS,n,2.0NRT,290.75,7.33,N,jamnagar,VIIRS_NOAA21_NRT
22.3248,69.87714,367.0,0.55,0.68,2024-12-04,2012,N21,VIIRS,h,2.0NRT,292.48,7.33,N,jamnagar,VIIRS_NOAA21_NRT
22.33393,69.86598,304.21,0.55,0.68,2024-12-04,2012,N21,VIIRS,n,2.0NRT,293.32,4.53,N,jamnagar,VIIRS_NOAA21_NRT
22.32887,69.86557,295.3,0.59,0.7,2024-12-04,2152,N21,VIIRS,n,2.0NRT,282.82,2.4,N,jamnagar,VIIRS_NOAA21_NRT
22.33509,69.86737,296.41,0.59,0.7,2024-12-04,2152,N21,VIIRS,n,2.0NRT,280.33,1.56,N,jamnagar,VIIRS_NOAA21_NRT
22.33775,69.85633,299.38,0.59,0.7,2024-12-04,2152,N21,VIIRS,n,2.0NRT,285.76,2.46,N,jamnagar,VIIRS_NOAA21_NRT
22.33461,69.86954,308.2,0.47,0.4,2024-12-06,2114,N21,VIIRS,n,2.0NRT,296.8,2.7,N,jamnagar,VIIRS_NOAA21_NRT
22.33631,69.86707,311.54,0.39,0.37,2024-12-07,2055,N21,VIIRS,n,2.0NRT,296.88,3.09,N,jamnagar,VIIRS_NOAA21_NRT
22.338,69.85567,310.2,0.39,0.37,2024-12-07,2055,N21,VIIRS,n,2.0NRT,297.54,2.95,N,jamnagar,VIIRS_NOAA21_NRT
22.26789,70.2764,334.71,0.4,0.44,2024-12-08,807,N21,VIIRS,l,2.0NRT,307.71,6.01,D,jamnagar,VIIRS_NOAA21_NRT
22.33389,69.86816,306.73,0.43,0.46,2024-12-08,2036,N21,VIIRS,n,2.0NRT,296.11,3.49,N,jamnagar,VIIRS_NOAA21_NRT
22.33763,69.86816,304.48,0.37,0.58,2024-12-10,2140,N21,VIIRS,n,2.0NRT,291.39,3.49,N,jamnagar,VIIRS_NOAA21_NRT
22.33531,69.86874,314.35,0.38,0.36,2024-12-12,2101,N21,VIIRS,n,2.0NRT,295.68,1.54,N,jamnagar,VIIRS_NOAA21_NRT
22.33765,69.85394,307.09,0.38,0.36,2024-12-12,2101,N21,VIIRS,n,2.0NRT,294.93,1.49,N,jamnagar,VIIRS_NOAA21_NRT
22.34094,69.85454,308.17,0.38,0.36,2024-12-12,2101,N21,VIIRS,n,2.0NRT,291.76,1.49,N,jamnagar,VIIRS_NOAA21_NRT
22.31515,69.86062,314.15,0.52,0.42,2024-12-13,2044,N21,VIIRS,n,2.0NRT,289.88,1.34,N,jamnagar,VIIRS_NOAA21_NRT
22.33722,69.86578,303.09,0.52,0.42,2024-12-13,2044,N21,VIIRS,n,2.0NRT,292.15,3.49,N,jamnagar,VIIRS_NOAA21_NRT
22.33848,69.8557,303.29,0.52,0.42,2024-12-13,2044,N21,VIIRS,n,2.0NRT,292.83,4.03,N,jamnagar,VIIRS_NOAA21_NRT
22.33476,69.86822,303.82,0.34,0.56,2024-12-14,2023,N21,VIIRS,n,2.0NRT,293.46,2.64,N,jamnagar,VIIRS_NOAA21_NRT
22.33436,69.86834,305.84,0.46,0.64,2024-12-15,2146,N21,VIIRS,n,2.0NRT,294.41,3.12,N,jamnagar,VIIRS_NOAA21_NRT
22.33737,69.85519,305.84,0.46,0.64,2024-12-15,2146,N21,VIIRS,n,2.0NRT,295.11,4.41,N,jamnagar,VIIRS_NOAA21_NRT
22.33626,69.8679,305.02,0.47,0.47,2024-12-16,2127,N21,VIIRS,n,2.0NRT,294.28,3.6,N,jamnagar,VIIRS_NOAA21_NRT
22.33887,69.85461,305.61,0.46,0.47,2024-12-16,2127,N21,VIIRS,n,2.0NRT,294.49,3.75,N,jamnagar,VIIRS_NOAA21_NRT
22.32937,69.85741,303.91,0.41,0.37,2024-12-17,2108,N21,VIIRS,n,2.0NRT,292.84,1.63,N,jamnagar,VIIRS_NOAA21_NRT
22.33553,69.86965,304.45,0.41,0.37,2024-12-17,2108,N21,VIIRS,n,2.0NRT,293.44,1.38,N,jamnagar,VIIRS_NOAA21_NRT
22.33619,69.86572,304.1,0.41,0.37,2024-12-17,2108,N21,VIIRS,n,2.0NRT,293.6,1.38,N,jamnagar,VIIRS_NOAA21_NRT
22.33818,69.85397,309.45,0.41,0.37,2024-12-17,2108,N21,VIIRS,n,2.0NRT,296.42,2.35,N,jamnagar,VIIRS_NOAA21_NRT
22.335,69.86839,309.28,0.44,0.38,2024-12-18,2050,N21,VIIRS,n,2.0NRT,295.03,2.83,N,jamnagar,VIIRS_NOAA21_NRT
22.34029,69.8562,305.02,0.44,0.38,2024-12-18,2050,N21,VIIRS,n,2.0NRT,293.33,1.77,N,jamnagar,VIIRS_NOAA21_NRT
22.33764,69.85546,303.36,0.58,0.52,2024-12-21,2131,N21,VIIRS,n,2.0NRT,293.04,3.34,N,jamnagar,VIIRS_NOAA21_NRT
22.33955,69.85618,305.67,0.47,0.39,2024-12-22,2114,N21,VIIRS,n,2.0NRT,293.43,3.3,N,jamnagar,VIIRS_NOAA21_NRT
22.33438,69.86939,302.91,0.4,0.37,2024-12-23,2055,N21,VIIRS,n,2.0NRT,292.7,1.54,N,jamnagar,VIIRS_NOAA21_NRT
22.33995,69.85471,309.03,0.4,0.37,2024-12-23,2055,N21,VIIRS,n,2.0NRT,294.67,1.8,N,jamnagar,VIIRS_NOAA21_NRT
22.42856,69.83444,299.12,0.4,0.37,2024-12-23,2055,N21,VIIRS,n,2.0NRT,288.87,0.51,N,jamnagar,VIIRS_NOAA21_NRT
22.33414,69.86784,303.84,0.43,0.46,2024-12-24,2036,N21,VIIRS,n,2.0NRT,293.57,2.11,N,jamnagar,VIIRS_NOAA21_NRT
22.28623,70.27485,341.57,0.4,0.6,2024-12-25,750,N21,VIIRS,n,2.0NRT,297.59,4.86,D,jamnagar,VIIRS_NOAA21_NRT
22.28734,70.27355,343.31,0.4,0.6,2024-12-25,750,N21,VIIRS,n,2.0NRT,297.12,3.78,D,jamnagar,VIIRS_NOAA21_NRT
22.33575,69.86921,311.18,0.38,0.36,2024-12-28,2101,N21,VIIRS,n,2.0NRT,293.84,1.92,N,jamnagar,VIIRS_NOAA21_NRT
22.33808,69.85443,312.45,0.38,0.36,2024-12-28,2101,N21,VIIRS,n,2.0NRT,295.72,3.01,N,jamnagar,VIIRS_NOAA21_NRT
22.33545,69.86722,303.77,0.53,0.42,2024-12-29,2042,N21,VIIRS,n,2.0NRT,293.31,3.25,N,jamnagar,VIIRS_NOAA21_NRT
22.33362,69.8674,308.02,0.46,0.64,2024-12-31,2146,N21,VIIRS,n,2.0NRT,294.86,3.45,N,jamnagar,VIIRS_NOAA21_NRT
22.32254,69.88401,306.68,0.46,0.47,2025-01-01,2127,N21,VIIRS,n,2.0NRT,288.56,1.24,N,jamnagar,VIIRS_NOAA21_NRT
22.33455,69.86842,306.62,0.46,0.47,2025-01-01,2127,N21,VIIRS,n,2.0NRT,295.2,2.88,N,jamnagar,VIIRS_NOAA21_NRT
22.33716,69.85527,306.12,0.46,0.47,2025-01-01,2127,N21,VIIRS,n,2.0NRT,296.11,2.83,N,jamnagar,VIIRS_NOAA21_NRT
22.33576,69.86597,306.77,0.41,0.37,2025-01-02,2108,N21,VIIRS,n,2.0NRT,295.98,2.72,N,jamnagar,VIIRS_NOAA21_NRT
22.33773,69.85427,307.74,0.41,0.37,2025-01-02,2108,N21,VIIRS,n,2.0NRT,297.17,3.0,N,jamnagar,VIIRS_NOAA21_NRT
22.33489,69.86858,308.74,0.44,0.39,2025-01-03,2048,N21,VIIRS,n,2.0NRT,297.05,1.69,N,jamnagar,VIIRS_NOAA21_NRT
22.34017,69.8563,306.47,0.44,0.39,2025-01-03,2048,N21,VIIRS,n,2.0NRT,295.53,3.11,N,jamnagar,VIIRS_NOAA21_NRT
22.33782,69.85652,304.52,0.57,0.52,2025-01-06,2131,N21,VIIRS,n,2.0NRT,293.03,4.23,N,jamnagar,VIIRS_NOAA21_NRT
22.33497,69.8661,304.87,0.46,0.39,2025-01-07,2114,N21,VIIRS,n,2.0NRT,292.2,2.36,N,jamnagar,VIIRS_NOAA21_NRT
22.3409,69.85361,301.04,0.46,0.39,2025-01-07,2114,N21,VIIRS,n,2.0NRT,289.71,2.01,N,jamnagar,VIIRS_NOAA21_NRT
22.3186,69.88318,295.8,0.4,0.37,2025-01-08,2053,N21,VIIRS,n,2.0NRT,285.79,0.54,N,jamnagar,VIIRS_NOAA21_NRT
22.32925,69.85754,301.68,0.4,0.37,2025-01-08,2053,N21,VIIRS,n,2.0NRT,291.45,1.3,N,jamnagar,VIIRS_NOAA21_NRT
22.3348,69.86633,306.96,0.4,0.37,2025-01-08,2053,N21,VIIRS,n,2.0NRT,293.69,2.44,N,jamnagar,VIIRS_NOAA21_NRT
22.33911,69.85446,309.76,0.4,0.37,2025-01-08,2053,N21,VIIRS,n,2.0NRT,295.7,1.98,N,jamnagar,VIIRS_NOAA21_NRT
22.32009,69.88347,298.83,0.44,0.46,2025-01-09,2036,N21,VIIRS,n,2.0NRT,287.61,1.1,N,jamnagar,VIIRS_NOAA21_NRT
22.25939,69.85252,333.5,0.56,0.43,2025-01-12,852,N21,VIIRS,n,2.0NRT,305.99,4.35,D,jamnagar,VIIRS_NOAA21_NRT
22.33508,69.86967,303.0,0.55,0.43,2025-01-12,2120,N21,VIIRS,n,2.0NRT,292.0,1.97,N,jamnagar,VIIRS_NOAA21_NRT
22.32709,69.85958,300.69,0.38,0.36,2025-01-13,2059,N21,VIIRS,n,2.0NRT,289.36,0.99,N,jamnagar,VIIRS_NOAA21_NRT
22.33578,69.86875,312.68,0.38,0.36,2025-01-13,2059,N21,VIIRS,n,2.0NRT,293.92,2.5,N,jamnagar,VIIRS_NOAA21_NRT
22.3381,69.85399,311.57,0.38,0.36,2025-01-13,2059,N21,VIIRS,n,2.0NRT,294.05,2.03,N,jamnagar,VIIRS_NOAA21_NRT
22.43021,69.83223,300.48,0.38,0.36,2025-01-13,2059,N21,VIIRS,n,2.0NRT,289.43,0.55,N,jamnagar,VIIRS_NOAA21_NRT
22.33788,69.85554,302.73,0.54,0.42,2025-01-14,2042,N21,VIIRS,n,2.0NRT,292.6,2.51,N,jamnagar,VIIRS_NOAA21_NRT
22.31976,69.88159,302.36,0.35,0.57,2025-01-15,2023,N21,VIIRS,n,2.0NRT,288.32,0.63,N,jamnagar,VIIRS_NOAA21_NRT
22.3207,69.88201,298.91,0.35,0.57,2025-01-15,2023,N21,VIIRS,n,2.0NRT,288.01,0.53,N,jamnagar,VIIRS_NOAA21_NRT
22.4318,69.83312,300.43,0.36,0.57,2025-01-15,2023,N21,VIIRS,n,2.0NRT,288.95,0.78,N,jamnagar,VIIRS_NOAA21_NRT
22.33665,69.8694,302.67,0.45,0.47,2025-01-17,2127,N21,VIIRS,n,2.0NRT,291.82,2.14,N,jamnagar,VIIRS_NOAA21_NRT
22.33922,69.8565,302.42,0.45,0.47,2025-01-17,2127,N21,VIIRS,n,2.0NRT,292.22,1.71,N,jamnagar,VIIRS_NOAA21_NRT
22.34007,69.85476,302.94,0.45,0.47,2025-01-17,2127,N21,VIIRS,n,2.0NRT,292.74,2.59,N,jamnagar,VIIRS_NOAA21_NRT
22.33775,69.86626,304.44,0.4,0.37,2025-01-18,2108,N21,VIIRS,n,2.0NRT,294.28,1.51,N,jamnagar,VIIRS_NOAA21_NRT
22.33969,69.85468,310.56,0.4,0.37,2025-01-18,2108,N21,VIIRS,n,2.0NRT,295.96,1.82,N,jamnagar,VIIRS_NOAA21_NRT
22.38848,69.87256,331.29,0.45,0.39,2025-01-19,820,N21,VIIRS,n,2.0NRT,302.44,2.06,D,jamnagar,VIIRS_NOAA21_NRT
22.33574,69.86877,307.61,0.45,0.39,2025-01-19,2048,N21,VIIRS,n,2.0NRT,296.08,3.4,N,jamnagar,VIIRS_NOAA21_NRT
22.57548,70.23002,300.87,0.44,0.38,2025-01-19,2048,N21,VIIRS,n,2.0NRT,289.22,0.77,N,jamnagar,VIIRS_NOAA21_NRT
22.31993,69.8856,303.6,0.56,0.51,2025-01-20,2027,N21,VIIRS,n,2.0NRT,290.08,1.2,N,jamnagar,VIIRS_NOAA21_NRT
22.32922,69.84286,303.7,0.56,0.52,2025-01-20,2027,N21,VIIRS,n,2.0NRT,290.79,2.22,N,jamnagar,VIIRS_NOAA21_NRT
22.32082,69.87769,301.95,0.57,0.69,2025-01-21,2010,N21,VIIRS,n,2.0NRT,290.65,3.76,N,jamnagar,VIIRS_NOAA21_NRT
22.57501,70.22843,302.04,0.47,0.4,2025-01-23,2112,N21,VIIRS,n,2.0NRT,286.0,1.0,N,jamnagar,VIIRS_NOAA21_NRT
22.3231,69.88036,314.91,0.46,0.39,2025-01-23,2114,N21,VIIRS,n,2.0NRT,290.7,1.81,N,jamnagar,VIIRS_NOAA21_NRT
22.33601,69.86947,304.91,0.46,0.39,2025-01-23,2114,N21,VIIRS,n,2.0NRT,293.43,1.18,N,jamnagar,VIIRS_NOAA21_NRT
22.33829,69.8564,307.02,0.45,0.39,2025-01-23,2114,N21,VIIRS,n,2.0NRT,294.45,2.04,N,jamnagar,VIIRS_NOAA21_NRT
22.33538,69.86796,309.75,0.4,0.37,2025-01-24,2053,N21,VIIRS,n,2.0NRT,295.77,2.99,N,jamnagar,VIIRS_NOAA21_NRT
22.57427,70.22845,311.53,0.39,0.37,2025-01-24,2053,N21,VIIRS,n,2.0NRT,287.36,1.26,N,jamnagar,VIIRS_NOAA21_NRT
22.57379,70.23004,296.89,0.43,0.46,2025-01-25,2033,N21,VIIRS,n,2.0NRT,284.39,1.21,N,jamnagar,VIIRS_NOAA21_NRT
22.3373,69.85415,305.06,0.46,0.63,2025-01-26,2016,N21,VIIRS,n,2.0NRT,294.09,4.39,N,jamnagar,VIIRS_NOAA21_NRT
22.3377,69.85416,304.96,0.46,0.63,2025-01-26,2016,N21,VIIRS,n,2.0NRT,294.04,4.52,N,jamnagar,VIIRS_NOAA21_NRT
22.43068,69.83519,299.52,0.54,0.42,2025-01-28,2120,N21,VIIRS,n,2.0NRT,289.29,0.83,N,jamnagar,VIIRS_NOAA21_NRT
22.42893,69.8322,301.89,0.36,0.58,2025-01-31,2023,N21,VIIRS,n,2.0NRT,289.09,0.45,N,jamnagar,VIIRS_NOAA21_NRT
22.42907,69.83241,302.7,0.36,0.58,2025-01-31,2023,N21,VIIRS,n,2.0NRT,289.08,0.83,N,jamnagar,VIIRS_NOAA21_NRT
22.33651,69.86694,301.33,0.45,0.47,2025-02-02,2127,N21,VIIRS,n,2.0NRT,288.11,2.85,N,jamnagar,VIIRS_NOAA21_NRT
22.33899,69.8542,306.28,0.45,0.47,2025-02-02,2127,N21,VIIRS,n,2.0NRT,293.63,4.21,N,jamnagar,VIIRS_NOAA21_NRT
22.3247,70.0694,331.39,0.41,0.37,2025-02-03,837,N21,VIIRS,n,2.0NRT,303.44,3.14,D,jamnagar,VIIRS_NOAA21_NRT
22.33462,69.86942,305.74,0.4,0.37,2025-02-03,2105,N21,VIIRS,n,2.0NRT,293.77,1.62,N,jamnagar,VIIRS_NOAA21_NRT
22.3405,69.85467,307.67,0.4,0.37,2025-02-03,2105,N21,VIIRS,n,2.0NRT,293.58,1.69,N,jamnagar,VIIRS_NOAA21_NRT
22.33462,69.8689,306.79,0.45,0.39,2025-02-04,2048,N21,VIIRS,n,2.0NRT,295.15,2.85,N,jamnagar,VIIRS_NOAA21_NRT
22.33993,69.85637,305.05,0.45,0.39,2025-02-04,2048,N21,VIIRS,n,2.0NRT,293.58,2.93,N,jamnagar,VIIRS_NOAA21_NRT
22.31236,69.86201,350.87,0.56,0.69,2025-02-06,2150,N21,VIIRS,n,2.0NRT,292.39,8.88,N,jamnagar,VIIRS_NOAA21_NRT
22.33469,69.85581,296.12,0.56,0.52,2025-02-07,2131,N21,VIIRS,n,2.0NRT,285.03,2.74,N,jamnagar,VIIRS_NOAA21_NRT
22.33706,69.85429,299.19,0.56,0.52,2025-02-07,2131,N21,VIIRS,n,2.0NRT,287.36,2.67,N,jamnagar,VIIRS_NOAA21_NRT
22.33708,69.86758,299.09,0.56,0.52,2025-02-07,2131,N21,VIIRS,n,2.0NRT,286.0,3.59,N,jamnagar,VIIRS_NOAA21_NRT
22.33638,69.86934,308.96,0.46,0.39,2025-02-08,2112,N21,VIIRS,n,2.0NRT,296.9,1.61,N,jamnagar,VIIRS_NOAA21_NRT
22.33867,69.85628,309.25,0.45,0.39,2025-02-08,2112,N21,VIIRS,n,2.0NRT,296.88,2.48,N,jamnagar,VIIRS_NOAA21_NRT
22.47959,70.257,302.9,0.47,0.4,2025-02-08,2112,N21,VIIRS,n,2.0NRT,286.35,0.54,N,jamnagar,VIIRS_NOAA21_NRT
22.26587,70.25429,342.88,0.39,0.36,2025-02-09,826,N21,VIIRS,n,2.0NRT,311.8,4.49,D,jamnagar,VIIRS_NOAA21_NRT
22.51054,70.22822,335.0,0.39,0.36,2025-02-09,826,N21,VIIRS,n,2.0NRT,309.53,2.47,D,jamnagar,VIIRS_NOAA21_NRT
22.33463,69.86726,311.06,0.4,0.37,2025-02-09,2053,N21,VIIRS,n,2.0NRT,298.8,2.99,N,jamnagar,VIIRS_NOAA21_NRT
22.33968,69.85627,309.86,0.4,0.37,2025-02-09,2053,N21,VIIRS,n,2.0NRT,297.28,2.0,N,jamnagar,VIIRS_NOAA21_NRT
22.34244,69.89333,300.71,0.36,0.57,2025-02-12,2137,N21,VIIRS,n,2.0NRT,289.02,0.38,N,jamnagar,VIIRS_NOAA21_NRT
22.32801,69.85984,303.14,0.38,0.36,2025-02-14,2059,N21,VIIRS,n,2.0NRT,292.92,1.75,N,jamnagar,VIIRS_NOAA21_NRT
22.33572,69.85365,308.9,0.38,0.36,2025-02-14,2059,N21,VIIRS,n,2.0NRT,297.46,1.83,N,jamnagar,VIIRS_NOAA21_NRT
22.3367,69.86898,312.24,0.38,0.36,2025-02-14,2059,N21,VIIRS,n,2.0NRT,298.35,2.37,N,jamnagar,VIIRS_NOAA21_NRT
22.339,69.85424,311.77,0.38,0.36,2025-02-14,2059,N21,VIIRS,n,2.0NRT,298.48,1.83,N,jamnagar,VIIRS_NOAA21_NRT
22.43111,69.83255,304.13,0.38,0.36,2025-02-14,2059,N21,VIIRS,n,2.0NRT,292.44,0.61,N,jamnagar,VIIRS_NOAA21_NRT
22.42982,69.83138,302.29,0.54,0.42,2025-02-15,2042,N21,VIIRS,n,2.0NRT,291.84,0.68,N,jamnagar,VIIRS_NOAA21_NRT
22.43048,69.83332,305.85,0.36,0.57,2025-02-16,2023,N21,VIIRS,n,2.0NRT,291.99,0.67,N,jamnagar,VIIRS_NOAA21_NRT
22.43082,69.83358,303.56,0.36,0.57,2025-02-16,2023,N21,VIIRS,n,2.0NRT,291.54,0.66,N,jamnagar,VIIRS_NOAA21_NRT
22.43674,70.2309,334.26,0.42,0.37,2025-02-19,837,N21,VIIRS,l,2.0NRT,307.31,4.75,D,jamnagar,VIIRS_NOAA21_NRT
22.3393,69.85478,311.17,0.4,0.37,2025-02-19,2105,N21,VIIRS,n,2.0NRT,298.74,2.0,N,jamnagar,VIIRS_NOAA21_NRT
22.46041,70.13471,335.85,0.43,0.38,2025-02-20,820,N21,VIIRS,n,2.0NRT,302.18,2.93,D,jamnagar,VIIRS_NOAA21_NRT
22.5733,70.22649,305.17,0.44,0.38,2025-02-20,2048,N21,VIIRS,n,2.0NRT,291.34,0.55,N,jamnagar,VIIRS_NOAA21_NRT
22.57521,70.22829,306.47,0.44,0.38,2025-02-20,2048,N21,VIIRS,n,2.0NRT,292.09,0.81,N,jamnagar,VIIRS_NOAA21_NRT
22.29273,70.22931,343.68,0.39,0.36,2025-02-25,826,N21,VIIRS,n,2.0NRT,313.55,6.01,D,jamnagar,VIIRS_NOAA21_NRT
22.33946,70.15867,346.49,0.39,0.36,2025-02-25,826,N21,VIIRS,n,2.0NRT,313.87,4.19,D,jamnagar,VIIRS_NOAA21_NRT
22.33417,69.86787,308.8,0.4,0.37,2025-02-25,2053,N21,VIIRS,n,2.0NRT,295.54,2.51,N,jamnagar,VIIRS_NOAA21_NRT
22.43094,69.83219,301.85,0.4,0.37,2025-02-25,2053,N21,VIIRS,n,2.0NRT,282.35,0.55,N,jamnagar,VIIRS_NOAA21_NRT
22.34724,70.03683,341.68,0.42,0.46,2025-02-26,807,N21,VIIRS,n,2.0NRT,313.84,7.56,D,jamnagar,VIIRS_NOAA21_NRT
22.42994,69.83356,304.45,0.45,0.47,2025-02-26,2036,N21,VIIRS,n,2.0NRT,293.84,1.23,N,jamnagar,VIIRS_NOAA21_NRT
22.43031,69.83421,307.33,0.44,0.46,2025-02-26,2036,N21,VIIRS,n,2.0NRT,294.1,1.31,N,jamnagar,VIIRS_NOAA21_NRT
22.51509,70.08084,330.74,0.38,0.59,2025-02-28,911,N21,VIIRS,l,2.0NRT,301.99,4.26,D,jamnagar,VIIRS_NOAA21_NRT
22.33778,69.85347,305.28,0.36,0.57,2025-02-28,2137,N21,VIIRS,n,2.0NRT,294.78,1.89,N,jamnagar,VIIRS_NOAA21_NRT
22.43003,69.83444,303.66,0.36,0.57,2025-02-28,2137,N21,VIIRS,n,2.0NRT,292.47,0.68,N,jamnagar,VIIRS_NOAA21_NRT
22.44847,70.04611,337.28,0.57,0.43,2025-03-01,849,N21,VIIRS,n,2.0NRT,306.19,5.7,D,jamnagar,VIIRS_NOAA21_NRT
22.33638,69.86823,311.2,0.38,0.36,2025-03-02,2059,N21,VIIRS,n,2.0NRT,297.32,2.37,N,jamnagar,VIIRS_NOAA21_NRT
22.33869,69.85348,313.93,0.38,0.36,2025-03-02,2059,N21,VIIRS,n,2.0NRT,296.33,3.58,N,jamnagar,VIIRS_NOAA21_NRT
22.43075,69.83231,307.48,0.38,0.36,2025-03-02,2059,N21,VIIRS,n,2.0NRT,293.25,0.67,N,jamnagar,VIIRS_NOAA21_NRT
22.31785,69.86523,340.33,0.47,0.64,2025-03-05,915,N21,VIIRS,n,2.0NRT,313.25,3.11,D,jamnagar,VIIRS_NOAA21_NRT
22.31841,69.86197,338.16,0.47,0.64,2025-03-05,915,N21,VIIRS,l,2.0NRT,311.92,3.49,D,jamnagar,VIIRS_NOAA21_NRT
22.43117,69.83229,300.38,0.73,0.76,2025-03-05,2004,N21,VIIRS,n,2.0NRT,289.21,1.51,N,jamnagar,VIIRS_NOAA21_NRT
22.33864,69.85433,308.86,0.4,0.37,2025-03-07,2105,N21,VIIRS,n,2.0NRT,298.77,2.72,N,jamnagar,VIIRS_NOAA21_NRT
22.33804,69.85643,312.76,0.46,0.39,2025-03-12,2114,N21,VIIRS,n,2.0NRT,301.58,3.53,N,jamnagar,VIIRS_NOAA21_NRT
22.33926,69.85448,316.18,0.46,0.39,2025-03-12,2114,N21,VIIRS,n,2.0NRT,302.08,3.55,N,jamnagar,VIIRS_NOAA21_NRT
22.4301,69.83479,307.37,0.46,0.39,2025-03-12,2114,N21,VIIRS,n,2.0NRT,295.59,0.82,N,jamnagar,VIIRS_NOAA21_NRT
22.33815,69.85457,316.05,0.4,0.37,2025-03-13,2053,N21,VIIRS,n,2.0NRT,302.57,3.66,N,jamnagar,VIIRS_NOAA21_NRT
22.42942,69.83376,306.65,0.4,0.37,2025-03-13,2053,N21,VIIRS,n,2.0NRT,295.64,0.96,N,jamnagar,VIIRS_NOAA21_NRT
22.49779,70.08456,305.04,0.4,0.37,2025-03-13,2053,N21,VIIRS,n,2.0NRT,294.81,0.61,N,jamnagar,VIIRS_NOAA21_NRT
22.43019,69.83273,305.26,0.44,0.46,2025-03-14,2036,N21,VIIRS,n,2.0NRT,294.18,1.14,N,jamnagar,VIIRS_NOAA21_NRT
22.22144,69.99604,353.04,0.43,0.62,2025-03-15,748,N21,VIIRS,n,2.0NRT,309.71,7.54,D,jamnagar,VIIRS_NOAA21_NRT
22.22559,69.99367,347.73,0.43,0.62,2025-03-15,748,N21,VIIRS,n,2.0NRT,307.83,8.11,D,jamnagar,VIIRS_NOAA21_NRT
22.43143,69.83337,304.92,0.45,0.63,2025-03-15,2017,N21,VIIRS,n,2.0NRT,292.48,0.98,N,jamnagar,VIIRS_NOAA21_NRT
22.20195,70.16521,343.58,0.39,0.59,2025-03-16,909,N21,VIIRS,n,2.0NRT,310.82,3.1,D,jamnagar,VIIRS_NOAA21_NRT
22.33835,69.85492,310.52,0.36,0.57,2025-03-16,2138,N21,VIIRS,n,2.0NRT,297.9,3.34,N,jamnagar,VIIRS_NOAA21_NRT
22.3368,69.86762,315.11,0.38,0.36,2025-03-18,2059,N21,VIIRS,n,2.0NRT,300.54,2.71,N,jamnagar,VIIRS_NOAA21_NRT
22.33912,69.85287,312.4,0.38,0.36,2025-03-18,2059,N21,VIIRS,n,2.0NRT,298.16,1.82,N,jamnagar,VIIRS_NOAA21_NRT
22.4276,69.83252,305.79,0.35,0.57,2025-03-20,2021,N21,VIIRS,n,2.0NRT,294.05,0.62,N,jamnagar,VIIRS_NOAA21_NRT
22.39924,69.86151,343.4,0.47,0.64,2025-03-21,915,N21,VIIRS,n,2.0NRT,312.39,6.04,D,jamnagar,VIIRS_NOAA21_NRT
22.40019,69.85999,345.9,0.47,0.64,2025-03-21,915,N21,VIIRS,n,2.0NRT,311.89,5.77,D,jamnagar,VIIRS_NOAA21_NRT
22.4456,70.28757,367.0,0.5,0.66,2025-03-21,915,N21,VIIRS,h,2.0NRT,315.16,9.87,D,jamnagar,VIIRS_NOAA21_NRT
22.34,69.85562,316.21,0.4,0.37,2025-03-23,2106,N21,VIIRS,n,2.0NRT,301.68,2.34,N,jamnagar,VIIRS_NOAA21_NRT
22.429,69.83205,307.56,0.4,0.37,2025-03-23,2106,N21,VIIRS,n,2.0NRT,296.58,0.79,N,jamnagar,VIIRS_NOAA21_NRT
22.28788,70.05454,315.59,0.44,0.38,2025-03-24,2046,N21,VIIRS,n,2.0NRT,293.44,1.95,N,jamnagar,VIIRS_NOAA21_NRT
22.5019,70.20184,343.79,0.52,0.5,2025-03-25,801,N21,VIIRS,n,2.0NRT,316.27,5.74,D,jamnagar,VIIRS_NOAA21_NRT
22.44412,70.27425,335.62,0.51,0.66,2025-03-26,741,N21,VIIRS,l,2.0NRT,310.03,2.88,D,jamnagar,VIIRS_NOAA21_NRT
22.24013,69.98879,342.57,0.61,0.71,2025-03-26,922,N21,VIIRS,n,2.0NRT,301.62,12.16,D,jamnagar,VIIRS_NOAA21_NRT
22.29523,70.11176,344.04,0.62,0.71,2025-03-26,922,N21,VIIRS,n,2.0NRT,305.41,9.71,D,jamnagar,VIIRS_NOAA21_NRT
22.33373,70.27841,340.67,0.63,0.72,2025-03-26,922,N21,VIIRS,n,2.0NRT,307.55,5.68,D,jamnagar,VIIRS_NOAA21_NRT
22.53247,70.21827,332.96,0.63,0.72,2025-03-26,922,N21,VIIRS,l,2.0NRT,304.61,4.43,D,jamnagar,VIIRS_NOAA21_NRT
22.33924,69.85404,312.39,0.46,0.39,2025-03-28,2112,N21,VIIRS,n,2.0NRT,299.56,2.51,N,jamnagar,VIIRS_NOAA21_NRT
22.42984,69.83473,307.23,0.46,0.39,2025-03-28,2112,N21,VIIRS,n,2.0NRT,294.56,1.07,N,jamnagar,VIIRS_NOAA21_NRT
22.21509,69.9259,349.91,0.4,0.37,2025-03-29,826,N21,VIIRS,n,2.0NRT,323.82,11.97,D,jamnagar,VIIRS_NOAA21_NRT
22.33926,69.85427,315.21,0.4,0.37,2025-03-29,2053,N21,VIIRS,n,2.0NRT,300.88,2.28,N,jamnagar,VIIRS_NOAA21_NRT
22.43039,69.83344,308.35,0.4,0.37,2025-03-29,2053,N21,VIIRS,n,2.0NRT,294.84,0.87,N,jamnagar,VIIRS_NOAA21_NRT
22.40384,69.82173,367.0,0.44,0.62,2025-03-31,748,N21,VIIRS,h,2.0NRT,315.81,9.91,D,jamnagar,VIIRS_NOAA21_NRT
22.40616,69.82237,354.02,0.44,0.62,2025-03-31,748,N21,VIIRS,n,2.0NRT,316.67,10.69,D,jamnagar,VIIRS_NOAA21_NRT
22.44397,70.14734,342.84,0.42,0.61,2025-03-31,748,N21,VIIRS,l,2.0NRT,313.71,5.29,D,jamnagar,VIIRS_NOAA21_NRT
22.56748,70.20911,341.57,0.41,0.61,2025-03-31,748,N21,VIIRS,n,2.0NRT,315.0,3.48,D,jamnagar,VIIRS_NOAA21_NRT
22.33813,69.85339,308.61,0.45,0.63,2025-03-31,2017,N21,VIIRS,n,2.0NRT,298.23,3.05,N,jamnagar,VIIRS_NOAA21_NRT
22.24129,70.19114,367.0,0.39,0.59,2025-04-01,909,N21,VIIRS,h,2.0NRT,319.28,10.82,D,jamnagar,VIIRS_NOAA21_NRT
22.24979,70.10794,367.0,0.38,0.59,2025-04-01,909,N21,VIIRS,h,2.0NRT,319.11,12.14,D,jamnagar,VIIRS_NOAA21_NRT
22.36083,69.98554,352.3,0.38,0.58,2025-04-01,909,N21,VIIRS,n,2.0NRT,321.37,12.49,D,jamnagar,VIIRS_NOAA21_NRT
22.37231,69.9371,345.4,0.37,0.58,2025-04-01,909,N21,VIIRS,n,2.0NRT,316.67,7.98,D,jamnagar,VIIRS_NOAA21_NRT
22.3836,70.07877,353.58,0.38,0.59,2025-04-01,909,N21,VIIRS,n,2.0NRT,319.98,8.84,D,jamnagar,VIIRS_NOAA21_NRT
22.3861,70.07854,354.54,0.38,0.59,2025-04-01,909,N21,VIIRS,n,2.0NRT,319.3,9.92,D,jamnagar,VIIRS_NOAA21_NRT
22.48633,70.03923,367.0,0.38,0.59,2025-04-01,909,N21,VIIRS,h,2.0NRT,318.29,17.35,D,jamnagar,VIIRS_NOAA21_NRT
22.48847,70.03785,367.0,0.38,0.59,2025-04-01,909,N21,VIIRS,h,2.0NRT,320.45,14.85,D,jamnagar,VIIRS_NOAA21_NRT
22.56348,70.22646,351.54,0.39,0.59,2025-04-01,909,N21,VIIRS,n,2.0NRT,319.29,23.09,D,jamnagar,VIIRS_NOAA21_NRT
22.56383,70.23022,367.0,0.39,0.59,2025-04-01,909,N21,VIIRS,h,2.0NRT,319.84,24.4,D,jamnagar,VIIRS_NOAA21_NRT
22.33952,69.85493,311.71,0.36,0.57,2025-04-01,2138,N21,VIIRS,n,2.0NRT,300.26,3.7,N,jamnagar,VIIRS_NOAA21_NRT
22.32795,69.85664,307.85,0.38,0.36,2025-04-03,2059,N21,VIIRS,n,2.0NRT,297.69,1.53,N,jamnagar,VIIRS_NOAA21_NRT
22.33839,69.85474,318.71,0.38,0.36,2025-04-03,2059,N21,VIIRS,n,2.0NRT,303.5,3.02,N,jamnagar,VIIRS_NOAA21_NRT
22.38937,69.87106,352.15,0.35,0.56,2025-04-05,754,N21,VIIRS,n,2.0NRT,314.75,5.35,D,jamnagar,VIIRS_NOAA21_NRT
22.47282,70.24031,367.0,0.33,0.55,2025-04-05,754,N21,VIIRS,h,2.0NRT,319.03,8.54,D,jamnagar,VIIRS_NOAA21_NRT
22.22272,70.02161,315.55,0.35,0.56,2025-04-05,2021,N21,VIIRS,n,2.0NRT,293.06,1.64,N,jamnagar,VIIRS_NOAA21_NRT
22.22304,70.01828,315.9,0.35,0.56,2025-04-05,2021,N21,VIIRS,n,2.0NRT,292.97,1.64,N,jamnagar,VIIRS_NOAA21_NRT
22.32105,69.8784,318.6,0.35,0.57,2025-04-05,2021,N21,VIIRS,n,2.0NRT,297.7,2.71,N,jamnagar,VIIRS_NOAA21_NRT
22.32176,69.87831,313.75,0.35,0.57,2025-04-05,2021,N21,VIIRS,n,2.0NRT,297.48,2.0,N,jamnagar,VIIRS_NOAA21_NRT
22.42448,69.92281,339.8,0.47,0.64,2025-04-06,915,N21,VIIRS,n,2.0NRT,313.15,5.87,D,jamnagar,VIIRS_NOAA21_NRT
22.29129,69.96776,306.12,0.46,0.63,2025-04-06,2144,N21,VIIRS,n,2.0NRT,291.97,0.58,N,jamnagar,VIIRS_NOAA21_NRT
22.4457,70.27296,307.25,0.47,0.64,2025-04-06,2144,N21,VIIRS,n,2.0NRT,294.12,1.02,N,jamnagar,VIIRS_NOAA21_NRT
22.3816,69.96533,345.48,0.47,0.47,2025-04-07,856,N21,VIIRS,n,2.0NRT,315.99,12.2,D,jamnagar,VIIRS_NOAA21_NRT
22.38413,69.96351,348.57,0.46,0.47,2025-04-07,856,N21,VIIRS,n,2.0NRT,317.37,10.14,D,jamnagar,VIIRS_NOAA21_NRT
22.46124,69.96858,342.57,0.47,0.47,2025-04-07,856,N21,VIIRS,n,2.0NRT,314.91,8.38,D,jamnagar,VIIRS_NOAA21_NRT
22.28942,70.03598,307.93,0.41,0.37,2025-04-08,2106,N21,VIIRS,n,2.0NRT,295.32,0.8,N,jamnagar,VIIRS_NOAA21_NRT
22.33646,69.86774,312.76,0.4,0.37,2025-04-08,2106,N21,VIIRS,n,2.0NRT,302.1,3.19,N,jamnagar,VIIRS_NOAA21_NRT
22.21073,70.13718,345.55,0.53,0.5,2025-04-10,801,N21,VIIRS,n,2.0NRT,316.72,6.68,D,jamnagar,VIIRS_NOAA21_NRT
22.34927,70.27849,343.97,0.52,0.5,2025-04-10,801,N21,VIIRS,l,2.0NRT,318.03,17.38,D,jamnagar,VIIRS_NOAA21_NRT
22.39529,70.19752,338.16,0.52,0.5,2025-04-10,801,N21,VIIRS,n,2.0NRT,312.28,6.17,D,jamnagar,VIIRS_NOAA21_NRT
22.27722,70.01065,343.79,0.59,0.53,2025-04-12,902,N21,VIIRS,n,2.0NRT,309.67,15.53,D,jamnagar,VIIRS_NOAA21_NRT
22.41747,70.255,343.96,0.61,0.54,2025-04-12,902,N21,VIIRS,n,2.0NRT,314.17,8.79,D,jamnagar,VIIRS_NOAA21_NRT
22.34009,69.85535,310.78,0.4,0.37,2025-04-14,2055,N21,VIIRS,n,2.0NRT,300.75,1.88,N,jamnagar,VIIRS_NOAA21_NRT
22.42218,69.89029,313.76,0.45,0.47,2025-04-15,2034,N21,VIIRS,n,2.0NRT,296.2,1.88,N,jamnagar,VIIRS_NOAA21_NRT
22.42292,69.89205,317.86,0.45,0.47,2025-04-15,2034,N21,VIIRS,n,2.0NRT,296.21,2.06,N,jamnagar,VIIRS_NOAA21_NRT
22.447,69.95692,336.28,0.76,0.77,2025-04-16,928,N21,VIIRS,n,2.0NRT,305.43,5.7,D,jamnagar,VIIRS_NOAA21_NRT
22.31402,69.85776,367.0,0.35,0.57,2025-04-21,754,N21,VIIRS,h,2.0NRT,316.83,7.34,D,jamnagar,VIIRS_NOAA21_NRT
22.42771,69.83207,307.06,0.36,0.58,2025-04-21,2021,N21,VIIRS,n,2.0NRT,296.94,0.86,N,jamnagar,VIIRS_NOAA21_NRT
22.21465,70.0372,346.61,0.46,0.47,2025-04-23,856,N21,VIIRS,l,2.0NRT,320.63,4.19,D,jamnagar,VIIRS_NOAA21_NRT
22.21832,69.95624,353.85,0.45,0.47,2025-04-23,856,N21,VIIRS,n,2.0NRT,322.07,8.92,D,jamnagar,VIIRS_NOAA21_NRT
22.33971,69.85594,314.7,0.4,0.37,2025-04-24,2106,N21,VIIRS,n,2.0NRT,302.78,2.47,N,jamnagar,VIIRS_NOAA21_NRT
22.33874,69.85452,313.75,0.45,0.39,2025-04-29,2112,N21,VIIRS,n,2.0NRT,303.74,2.32,N,jamnagar,VIIRS_NOAA21_NRT
22.33826,69.85602,314.85,0.4,0.37,2025-04-30,2055,N21,VIIRS,n,2.0NRT,303.65,2.34,N,jamnagar,VIIRS_NOAA21_NRT
22.34049,69.86432,323.68,0.4,0.37,2025-04-30,2055,N21,VIIRS,n,2.0NRT,301.39,3.31,N,jamnagar,VIIRS_NOAA21_NRT
22.34385,69.86487,340.77,0.4,0.37,2025-04-30,2055,N21,VIIRS,n,2.0NRT,299.55,10.55,N,jamnagar,VIIRS_NOAA21_NRT
22.57516,70.22898,312.76,0.4,0.37,2025-04-30,2055,N21,VIIRS,n,2.0NRT,297.48,1.31,N,jamnagar,VIIRS_NOAA21_NRT
22.23459,70.25181,343.59,0.42,0.45,2025-05-01,805,N21,VIIRS,l,2.0NRT,314.65,10.47,D,jamnagar,VIIRS_NOAA21_NRT
22.343,69.86505,346.45,0.44,0.46,2025-05-01,805,N21,VIIRS,n,2.0NRT,318.05,12.72,D,jamnagar,VIIRS_NOAA21_NRT
22.33945,69.86225,367.0,0.44,0.62,2025-05-02,748,N21,VIIRS,h,2.0NRT,310.56,10.85,D,jamnagar,VIIRS_NOAA21_NRT
22.34263,69.86434,367.0,0.44,0.62,2025-05-02,748,N21,VIIRS,h,2.0NRT,312.88,11.76,D,jamnagar,VIIRS_NOAA21_NRT
22.34032,69.87142,367.0,0.74,0.76,2025-05-02,928,N21,VIIRS,h,2.0NRT,309.36,15.49,D,jamnagar,VIIRS_NOAA21_NRT
22.34206,69.87215,351.0,0.74,0.76,2025-05-02,928,N21,VIIRS,n,2.0NRT,309.16,16.0,D,jamnagar,VIIRS_NOAA21_NRT
22.39454,70.02412,332.3,0.37,0.58,2025-05-03,909,N21,VIIRS,l,2.0NRT,303.14,2.03,D,jamnagar,VIIRS_NOAA21_NRT
22.44034,70.16663,338.49,0.38,0.59,2025-05-03,909,N21,VIIRS,n,2.0NRT,303.19,3.63,D,jamnagar,VIIRS_NOAA21_NRT
22.32031,69.93079,312.45,0.36,0.57,2025-05-03,2138,N21,VIIRS,n,2.0NRT,295.69,1.32,N,jamnagar,VIIRS_NOAA21_NRT
22.32402,69.93297,306.97,0.36,0.57,2025-05-03,2138,N21,VIIRS,n,2.0NRT,295.59,1.38,N,jamnagar,VIIRS_NOAA21_NRT
22.33733,69.85365,308.64,0.35,0.57,2025-05-03,2138,N21,VIIRS,n,2.0NRT,298.39,2.4,N,jamnagar,VIIRS_NOAA21_NRT
22.33078,70.10735,333.87,0.33,0.56,2025-05-07,754,N21,VIIRS,n,2.0NRT,297.31,2.03,D,jamnagar,VIIRS_NOAA21_NRT
22.33709,69.85603,300.13,0.36,0.57,2025-05-07,2021,N21,VIIRS,n,2.0NRT,286.42,1.21,N,jamnagar,VIIRS_NOAA21_NRT
22.33742,69.85254,300.1,0.36,0.57,2025-05-07,2021,N21,VIIRS,n,2.0NRT,286.3,0.98,N,jamnagar,VIIRS_NOAA21_NRT
22.33341,69.86643,305.71,0.45,0.63,2025-05-08,2144,N21,VIIRS,n,2.0NRT,291.35,3.28,N,jamnagar,VIIRS_NOAA21_NRT
22.58209,70.24693,331.81,0.48,0.48,2025-05-09,856,N21,VIIRS,n,2.0NRT,299.75,2.18,D,jamnagar,VIIRS_NOAA21_NRT
22.33911,69.85647,310.05,0.4,0.37,2025-05-10,2106,N21,VIIRS,n,2.0NRT,295.65,4.11,N,jamnagar,VIIRS_NOAA21_NRT
22.33945,69.85602,310.81,0.46,0.39,2025-05-15,2112,N21,VIIRS,n,2.0NRT,297.24,2.94,N,jamnagar,VIIRS_NOAA21_NRT
22.41252,69.9082,332.25,0.38,0.36,2025-05-21,833,N21,VIIRS,n,2.0NRT,299.68,1.62,D,jamnagar,VIIRS_NOAA21_NRT
22.3361,69.86746,312.04,0.38,0.36,2025-05-21,2059,N21,VIIRS,n,2.0NRT,299.22,2.18,N,jamnagar,VIIRS_NOAA21_NRT
22.43042,69.83164,309.72,0.38,0.36,2025-05-21,2059,N21,VIIRS,n,2.0NRT,298.01,0.58,N,jamnagar,VIIRS_NOAA21_NRT
22.34206,69.86642,339.44,0.41,0.37,2025-05-26,837,N21,VIIRS,n,2.0NRT,299.56,3.88,D,jamnagar,VIIRS_NOAA21_NRT
22.31536,69.85991,327.47,0.45,0.39,2025-05-27,2049,N21,VIIRS,n,2.0NRT,294.58,6.81,N,jamnagar,VIIRS_NOAA21_NRT
22.31329,69.85952,334.87,0.54,0.51,2025-05-28,801,N21,VIIRS,n,2.0NRT,299.56,5.37,D,jamnagar,VIIRS_NOAA21_NRT
22.24889,70.09682,339.59,0.47,0.4,2025-05-31,843,N21,VIIRS,l,2.0NRT,311.31,6.74,D,jamnagar,VIIRS_NOAA21_NRT
22.40366,69.90999,336.55,0.47,0.39,2025-05-31,843,N21,VIIRS,l,2.0NRT,307.65,7.35,D,jamnagar,VIIRS_NOAA21_NRT
22.36402,69.92573,330.12,0.42,0.61,2025-06-03,748,N21,VIIRS,n,2.0NRT,298.82,6.15,D,jamnagar,VIIRS_NOAA21_NRT
22.52236,70.29247,306.49,0.42,0.61,2025-06-03,2017,N21,VIIRS,n,2.0NRT,294.77,1.51,N,jamnagar,VIIRS_NOAA21_NRT
22.52636,70.29201,305.39,0.42,0.61,2025-06-03,2017,N21,VIIRS,n,2.0NRT,294.71,1.08,N,jamnagar,VIIRS_NOAA21_NRT
22.41035,69.88268,313.04,0.36,0.57,2025-06-04,2138,N21,VIIRS,n,2.0NRT,296.08,3.46,N,jamnagar,VIIRS_NOAA21_NRT
22.33678,69.86767,313.19,0.38,0.36,2025-06-06,2059,N21,VIIRS,n,2.0NRT,301.63,2.41,N,jamnagar,VIIRS_NOAA21_NRT
22.42633,69.97652,339.36,0.41,0.37,2025-06-11,837,N21,VIIRS,n,2.0NRT,307.25,6.58,D,jamnagar,VIIRS_NOAA21_NRT
22.42652,69.97272,334.94,0.41,0.37,2025-06-11,837,N21,VIIRS,l,2.0NRT,306.3,6.53,D,jamnagar,VIIRS_NOAA21_NRT
22.32192,69.88207,316.72,0.38,0.36,2025-07-08,2059,N21,VIIRS,n,2.0NRT,287.07,1.16,N,jamnagar,VIIRS_NOAA21_NRT
22.33971,69.85493,307.02,0.38,0.36,2025-07-08,2059,N21,VIIRS,n,2.0NRT,287.76,1.99,N,jamnagar,VIIRS_NOAA21_NRT
22.33401,69.86674,307.38,0.38,0.36,2025-07-24,2059,N21,VIIRS,n,2.0NRT,293.51,3.02,N,jamnagar,VIIRS_NOAA21_NRT
22.33904,69.85625,310.17,0.38,0.36,2025-07-24,2059,N21,VIIRS,n,2.0NRT,293.5,3.64,N,jamnagar,VIIRS_NOAA21_NRT
22.33396,69.86835,308.13,0.38,0.36,2025-08-09,2059,N21,VIIRS,n,2.0NRT,294.98,3.2,N,jamnagar,VIIRS_NOAA21_NRT
22.33958,69.85416,311.29,0.38,0.36,2025-08-09,2059,N21,VIIRS,n,2.0NRT,295.2,2.43,N,jamnagar,VIIRS_NOAA21_NRT
22.33161,69.86781,298.67,0.58,0.7,2025-08-17,2150,N21,VIIRS,n,2.0NRT,279.49,2.41,N,jamnagar,VIIRS_NOAA21_NRT
22.33436,69.86811,311.16,0.38,0.36,2025-09-10,2059,N21,VIIRS,n,2.0NRT,297.08,2.76,N,jamnagar,VIIRS_NOAA21_NRT
22.33998,69.85393,309.76,0.38,0.36,2025-09-10,2059,N21,VIIRS,n,2.0NRT,295.34,2.28,N,jamnagar,VIIRS_NOAA21_NRT
22.42896,69.83145,306.21,0.38,0.36,2025-09-10,2059,N21,VIIRS,n,2.0NRT,293.86,0.78,N,jamnagar,VIIRS_NOAA21_NRT
22.31539,69.85683,318.55,0.53,0.42,2025-09-11,2042,N21,VIIRS,n,2.0NRT,277.97,2.45,N,jamnagar,VIIRS_NOAA21_NRT
22.57419,70.22949,307.98,0.41,0.37,2025-09-15,2106,N21,VIIRS,n,2.0NRT,287.51,0.53,N,jamnagar,VIIRS_NOAA21_NRT
22.33632,69.86729,306.16,0.41,0.37,2025-09-15,2108,N21,VIIRS,n,2.0NRT,289.42,2.43,N,jamnagar,VIIRS_NOAA21_NRT
22.33829,69.85561,308.07,0.41,0.37,2025-09-15,2108,N21,VIIRS,n,2.0NRT,289.19,2.5,N,jamnagar,VIIRS_NOAA21_NRT
22.33953,69.85311,307.18,0.45,0.39,2025-09-16,2046,N21,VIIRS,n,2.0NRT,295.19,3.72,N,jamnagar,VIIRS_NOAA21_NRT
22.33895,69.85413,306.85,0.46,0.39,2025-09-20,2114,N21,VIIRS,n,2.0NRT,291.33,2.78,N,jamnagar,VIIRS_NOAA21_NRT
22.57299,70.22856,304.42,0.48,0.4,2025-09-20,2114,N21,VIIRS,n,2.0NRT,289.67,0.51,N,jamnagar,VIIRS_NOAA21_NRT
22.33756,69.85535,307.19,0.4,0.37,2025-09-21,2053,N21,VIIRS,n,2.0NRT,293.03,2.55,N,jamnagar,VIIRS_NOAA21_NRT
22.33739,69.85323,304.56,0.44,0.46,2025-09-22,2036,N21,VIIRS,n,2.0NRT,291.96,2.64,N,jamnagar,VIIRS_NOAA21_NRT
22.36025,69.80429,319.04,0.44,0.46,2025-09-22,2036,N21,VIIRS,n,2.0NRT,291.55,1.7,N,jamnagar,VIIRS_NOAA21_NRT
22.364,69.80912,311.76,0.44,0.46,2025-09-22,2036,N21,VIIRS,n,2.0NRT,291.62,1.34,N,jamnagar,VIIRS_NOAA21_NRT
22.3587,69.80635,313.03,0.45,0.63,2025-09-23,2017,N21,VIIRS,n,2.0NRT,290.92,1.7,N,jamnagar,VIIRS_NOAA21_NRT
22.33783,69.86295,306.01,0.36,0.58,2025-09-24,2138,N21,VIIRS,n,2.0NRT,293.0,1.89,N,jamnagar,VIIRS_NOAA21_NRT
22.33573,69.85371,303.99,0.38,0.36,2025-09-26,2059,N21,VIIRS,n,2.0NRT,286.32,1.09,N,jamnagar,VIIRS_NOAA21_NRT
22.33669,69.86906,306.35,0.38,0.36,2025-09-26,2059,N21,VIIRS,n,2.0NRT,285.08,1.87,N,jamnagar,VIIRS_NOAA21_NRT
22.33901,69.8543,308.16,0.38,0.36,2025-09-26,2059,N21,VIIRS,n,2.0NRT,286.74,1.09,N,jamnagar,VIIRS_NOAA21_NRT
22.33839,69.85453,309.45,0.46,0.39,2025-10-06,2112,N21,VIIRS,n,2.0NRT,297.33,3.27,N,jamnagar,VIIRS_NOAA21_NRT
22.33427,69.86897,310.04,0.4,0.37,2025-10-07,2053,N21,VIIRS,n,2.0NRT,299.81,2.26,N,jamnagar,VIIRS_NOAA21_NRT
22.33988,69.85419,308.78,0.4,0.37,2025-10-07,2053,N21,VIIRS,n,2.0NRT,298.55,1.84,N,jamnagar,VIIRS_NOAA21_NRT
22.43121,69.83331,308.33,0.4,0.37,2025-10-07,2053,N21,VIIRS,n,2.0NRT,296.48,1.33,N,jamnagar,VIIRS_NOAA21_NRT
22.42961,69.83197,309.24,0.45,0.47,2025-10-08,2034,N21,VIIRS,n,2.0NRT,296.63,1.58,N,jamnagar,VIIRS_NOAA21_NRT
22.42982,69.83396,308.65,0.45,0.47,2025-10-08,2034,N21,VIIRS,n,2.0NRT,296.48,1.35,N,jamnagar,VIIRS_NOAA21_NRT
22.31476,69.85809,322.74,0.44,0.46,2025-10-08,2036,N21,VIIRS,n,2.0NRT,294.02,2.76,N,jamnagar,VIIRS_NOAA21_NRT
22.31499,69.85818,321.06,0.44,0.46,2025-10-08,2036,N21,VIIRS,n,2.0NRT,293.93,2.58,N,jamnagar,VIIRS_NOAA21_NRT
22.31689,69.88377,304.02,0.36,0.57,2025-10-10,2138,N21,VIIRS,n,2.0NRT,292.26,0.31,N,jamnagar,VIIRS_NOAA21_NRT
22.33965,69.85395,306.11,0.36,0.57,2025-10-10,2138,N21,VIIRS,n,2.0NRT,295.79,3.27,N,jamnagar,VIIRS_NOAA21_NRT
22.33478,69.86624,311.44,0.38,0.36,2025-10-12,2059,N21,VIIRS,n,2.0NRT,300.22,3.06,N,jamnagar,VIIRS_NOAA21_NRT
22.33979,69.85579,315.45,0.38,0.36,2025-10-12,2059,N21,VIIRS,n,2.0NRT,300.3,3.48,N,jamnagar,VIIRS_NOAA21_NRT
22.42884,69.83324,309.47,0.38,0.36,2025-10-12,2059,N21,VIIRS,n,2.0NRT,296.13,0.98,N,jamnagar,VIIRS_NOAA21_NRT
22.42799,69.83272,307.29,0.36,0.57,2025-10-14,2021,N21,VIIRS,n,2.0NRT,294.28,0.83,N,jamnagar,VIIRS_NOAA21_NRT
22.27476,70.10118,332.88,0.48,0.65,2025-10-15,915,N21,VIIRS,n,2.0NRT,300.93,2.92,D,jamnagar,VIIRS_NOAA21_NRT
22.33385,69.86845,308.4,0.45,0.63,2025-10-15,2144,N21,VIIRS,n,2.0NRT,298.39,3.59,N,jamnagar,VIIRS_NOAA21_NRT
22.33904,69.85528,308.58,0.45,0.63,2025-10-15,2144,N21,VIIRS,n,2.0NRT,298.28,2.82,N,jamnagar,VIIRS_NOAA21_NRT
22.33924,69.85514,310.13,0.45,0.47,2025-10-16,2125,N21,VIIRS,n,2.0NRT,297.43,4.69,N,jamnagar,VIIRS_NOAA21_NRT
22.29785,70.07625,339.08,0.41,0.37,2025-10-17,837,N21,VIIRS,n,2.0NRT,309.99,4.63,D,jamnagar,VIIRS_NOAA21_NRT
22.33459,69.86853,314.47,0.4,0.37,2025-10-17,2106,N21,VIIRS,n,2.0NRT,301.92,3.84,N,jamnagar,VIIRS_NOAA21_NRT
22.3405,69.85376,313.16,0.4,0.37,2025-10-17,2106,N21,VIIRS,n,2.0NRT,299.94,3.07,N,jamnagar,VIIRS_NOAA21_NRT
22.25826,70.26443,341.69,0.43,0.38,2025-10-18,820,N21,VIIRS,n,2.0NRT,306.61,5.69,D,jamnagar,VIIRS_NOAA21_NRT
22.29146,70.22777,346.28,0.43,0.38,2025-10-18,820,N21,VIIRS,n,2.0NRT,307.69,4.31,D,jamnagar,VIIRS_NOAA21_NRT
22.4312,69.83469,307.33,0.45,0.39,2025-10-18,2049,N21,VIIRS,n,2.0NRT,296.36,1.02,N,jamnagar,VIIRS_NOAA21_NRT
22.33515,69.86691,310.73,0.45,0.39,2025-10-22,2112,N21,VIIRS,n,2.0NRT,300.5,3.76,N,jamnagar,VIIRS_NOAA21_NRT
22.34095,69.85464,310.26,0.45,0.39,2025-10-22,2112,N21,VIIRS,n,2.0NRT,298.98,4.03,N,jamnagar,VIIRS_NOAA21_NRT
22.42896,69.83138,306.8,0.45,0.39,2025-10-22,2112,N21,VIIRS,n,2.0NRT,296.64,1.64,N,jamnagar,VIIRS_NOAA21_NRT
22.33447,69.86702,309.54,0.4,0.37,2025-10-23,2055,N21,VIIRS,n,2.0NRT,297.25,3.21,N,jamnagar,VIIRS_NOAA21_NRT
22.3395,69.85601,311.56,0.4,0.37,2025-10-23,2055,N21,VIIRS,n,2.0NRT,297.17,2.16,N,jamnagar,VIIRS_NOAA21_NRT
22.33455,69.86868,306.89,0.4,0.37,2025-11-02,2105,N21,VIIRS,n,2.0NRT,296.72,2.54,N,jamnagar,VIIRS_NOAA21_NRT
22.42945,69.83148,305.55,0.4,0.37,2025-11-02,2105,N21,VIIRS,n,2.0NRT,295.44,1.98,N,jamnagar,VIIRS_NOAA21_NRT
22.26151,70.26022,335.08,0.44,0.38,2025-11-03,817,N21,VIIRS,n,2.0NRT,299.11,5.34,D,jamnagar,VIIRS_NOAA21_NRT
22.33998,69.85502,310.91,0.45,0.39,2025-11-07,2112,N21,VIIRS,n,2.0NRT,297.87,3.73,N,jamnagar,VIIRS_NOAA21_NRT
22.33513,69.86675,308.8,0.4,0.37,2025-11-08,2055,N21,VIIRS,n,2.0NRT,298.6,2.69,N,jamnagar,VIIRS_NOAA21_NRT
22.34019,69.85569,310.68,0.4,0.37,2025-11-08,2055,N21,VIIRS,n,2.0NRT,297.8,3.1,N,jamnagar,VIIRS_NOAA21_NRT
22.31458,69.86057,329.69,0.45,0.47,2025-11-09,2033,N21,VIIRS,n,2.0NRT,293.11,3.61,N,jamnagar,VIIRS_NOAA21_NRT
22.29649,70.11185,331.51,0.37,0.58,2025-11-11,911,N21,VIIRS,l,2.0NRT,305.83,4.8,D,jamnagar,VIIRS_NOAA21_NRT
22.30321,70.12583,332.29,0.37,0.58,2025-11-11,911,N21,VIIRS,n,2.0NRT,303.23,2.33,D,jamnagar,VIIRS_NOAA21_NRT
22.33822,69.85516,309.44,0.54,0.42,2025-11-12,2118,N21,VIIRS,n,2.0NRT,298.26,2.95,N,jamnagar,VIIRS_NOAA21_NRT
22.3341,69.86857,310.24,0.38,0.36,2025-11-13,2059,N21,VIIRS,n,2.0NRT,298.62,2.26,N,jamnagar,VIIRS_NOAA21_NRT
22.33969,69.85441,315.24,0.38,0.36,2025-11-13,2059,N21,VIIRS,n,2.0NRT,299.52,2.3,N,jamnagar,VIIRS_NOAA21_NRT
22.334,69.86755,307.3,0.36,0.57,2025-11-15,2023,N21,VIIRS,n,2.0NRT,297.22,2.88,N,jamnagar,VIIRS_NOAA21_NRT
22.33601,69.86814,306.25,0.44,0.46,2025-11-17,2127,N21,VIIRS,n,2.0NRT,295.91,2.97,N,jamnagar,VIIRS_NOAA21_NRT
22.33846,69.85544,309.6,0.44,0.46,2025-11-17,2127,N21,VIIRS,n,2.0NRT,296.76,4.21,N,jamnagar,VIIRS_NOAA21_NRT
22.33893,69.85339,307.45,0.44,0.46,2025-11-17,2127,N21,VIIRS,n,2.0NRT,296.19,2.2,N,jamnagar,VIIRS_NOAA21_NRT
22.33482,69.86675,309.9,0.4,0.37,2025-11-18,2105,N21,VIIRS,n,2.0NRT,297.49,3.45,N,jamnagar,VIIRS_NOAA21_NRT
22.34009,69.85587,311.72,0.4,0.37,2025-11-18,2105,N21,VIIRS,n,2.0NRT,296.3,2.03,N,jamnagar,VIIRS_NOAA21_NRT
22.42899,69.83269,304.07,0.4,0.37,2025-11-18,2105,N21,VIIRS,n,2.0NRT,291.01,0.91,N,jamnagar,VIIRS_NOAA21_NRT
22.2084,70.21693,333.77,0.44,0.38,2025-11-19,820,N21,VIIRS,l,2.0NRT,306.22,2.95,D,jamnagar,VIIRS_NOAA21_NRT
22.21033,70.18631,336.94,0.44,0.38,2025-11-19,820,N21,VIIRS,l,2.0NRT,307.65,4.61,D,jamnagar,VIIRS_NOAA21_NRT
22.2174,70.20655,353.42,0.44,0.38,2025-11-19,820,N21,VIIRS,n,2.0NRT,307.8,6.9,D,jamnagar,VIIRS_NOAA21_NRT
22.23129,70.20376,341.97,0.44,0.38,2025-11-19,820,N21,VIIRS,n,2.0NRT,307.49,3.26,D,jamnagar,VIIRS_NOAA21_NRT
22.26488,70.27472,336.97,0.43,0.38,2025-11-19,820,N21,VIIRS,n,2.0NRT,305.42,3.06,D,jamnagar,VIIRS_NOAA21_NRT
22.31033,70.2369,346.39,0.44,0.38,2025-11-19,820,N21,VIIRS,n,2.0NRT,305.31,3.2,D,jamnagar,VIIRS_NOAA21_NRT
22.37192,70.27854,301.81,0.59,0.7,2025-11-21,2150,N21,VIIRS,n,2.0NRT,287.41,0.94,N,jamnagar,VIIRS_NOAA21_NRT
22.37394,70.28112,299.37,0.59,0.7,2025-11-21,2150,N21,VIIRS,n,2.0NRT,287.49,0.78,N,jamnagar,VIIRS_NOAA21_NRT
22.31321,69.86217,340.62,0.57,0.52,2025-11-22,904,N21,VIIRS,n,2.0NRT,306.97,6.01,D,jamnagar,VIIRS_NOAA21_NRT
22.31683,69.85828,339.58,0.57,0.52,2025-11-22,904,N21,VIIRS,n,2.0NRT,304.4,8.46,D,jamnagar,VIIRS_NOAA21_NRT
22.33443,69.86845,308.91,0.45,0.39,2025-11-23,2112,N21,VIIRS,n,2.0NRT,297.65,2.18,N,jamnagar,VIIRS_NOAA21_NRT
22.34024,69.85612,309.32,0.45,0.39,2025-11-23,2112,N21,VIIRS,n,2.0NRT,296.59,3.77,N,jamnagar,VIIRS_NOAA21_NRT
22.33421,69.86865,309.19,0.4,0.37,2025-11-24,2053,N21,VIIRS,n,2.0NRT,298.18,3.19,N,jamnagar,VIIRS_NOAA21_NRT
22.33982,69.8538,310.03,0.4,0.37,2025-11-24,2053,N21,VIIRS,n,2.0NRT,296.68,2.86,N,jamnagar,VIIRS_NOAA21_NRT
22.43088,69.83269,304.53,0.4,0.37,2025-11-24,2053,N21,VIIRS,n,2.0NRT,291.84,0.9,N,jamnagar,VIIRS_NOAA21_NRT
22.57302,70.22978,304.83,0.39,0.37,2025-11-24,2053,N21,VIIRS,n,2.0NRT,287.55,0.9,N,jamnagar,VIIRS_NOAA21_NRT
22.43042,69.83181,303.7,0.45,0.47,2025-11-25,2033,N21,VIIRS,n,2.0NRT,291.86,0.91,N,jamnagar,VIIRS_NOAA21_NRT
22.33975,70.08695,345.75,0.42,0.61,2025-11-26,748,N21,VIIRS,n,2.0NRT,301.27,5.59,D,jamnagar,VIIRS_NOAA21_NRT
22.34072,70.08779,351.76,0.42,0.61,2025-11-26,748,N21,VIIRS,n,2.0NRT,301.69,9.35,D,jamnagar,VIIRS_NOAA21_NRT
22.34525,70.08556,330.72,0.42,0.61,2025-11-26,748,N21,VIIRS,n,2.0NRT,301.76,2.02,D,jamnagar,VIIRS_NOAA21_NRT
22.33787,69.86832,304.4,0.35,0.57,2025-11-27,2137,N21,VIIRS,n,2.0NRT,293.29,2.95,N,jamnagar,VIIRS_NOAA21_NRT
22.34076,69.85489,304.02,0.35,0.57,2025-11-27,2137,N21,VIIRS,n,2.0NRT,293.64,2.7,N,jamnagar,VIIRS_NOAA21_NRT
22.42797,69.83321,305.81,0.35,0.57,2025-11-27,2137,N21,VIIRS,n,2.0NRT,292.0,0.7,N,jamnagar,VIIRS_NOAA21_NRT
22.33732,69.86612,305.27,0.55,0.42,2025-11-28,2120,N21,VIIRS,n,2.0NRT,294.86,2.19,N,jamnagar,VIIRS_NOAA21_NRT
22.33925,69.85571,305.45,0.54,0.42,2025-11-28,2120,N21,VIIRS,n,2.0NRT,294.73,2.37,N,jamnagar,VIIRS_NOAA21_NRT
22.42889,69.83459,303.51,0.54,0.42,2025-11-28,2120,N21,VIIRS,n,2.0NRT,292.64,1.03,N,jamnagar,VIIRS_NOAA21_NRT
22.38397,70.18665,331.49,0.39,0.36,2025-11-29,832,N21,VIIRS,n,2.0NRT,302.37,2.92,D,jamnagar,VIIRS_NOAA21_NRT
22.33583,69.85326,307.46,0.38,0.36,2025-11-29,2059,N21,VIIRS,n,2.0NRT,296.59,2.76,N,jamnagar,VIIRS_NOAA21_NRT
22.3368,69.86863,310.26,0.38,0.36,2025-11-29,2059,N21,VIIRS,n,2.0NRT,296.11,1.4,N,jamnagar,VIIRS_NOAA21_NRT
22.33912,69.85386,312.53,0.38,0.36,2025-11-29,2059,N21,VIIRS,n,2.0NRT,297.05,2.21,N,jamnagar,VIIRS_NOAA21_NRT
22.43122,69.8327,306.55,0.38,0.36,2025-11-29,2059,N21,VIIRS,n,2.0NRT,293.3,0.92,N,jamnagar,VIIRS_NOAA21_NRT
22.3396,69.85497,304.65,0.35,0.57,2025-12-01,2023,N21,VIIRS,n,2.0NRT,294.59,1.41,N,jamnagar,VIIRS_NOAA21_NRT
22.33682,69.8664,306.75,0.4,0.37,2025-12-04,2105,N21,VIIRS,n,2.0NRT,295.51,2.82,N,jamnagar,VIIRS_NOAA21_NRT
22.33876,69.8548,313.71,0.4,0.37,2025-12-04,2105,N21,VIIRS,n,2.0NRT,298.34,3.29,N,jamnagar,VIIRS_NOAA21_NRT
22.43103,69.8325,305.14,0.4,0.37,2025-12-04,2105,N21,VIIRS,n,2.0NRT,291.67,0.8,N,jamnagar,VIIRS_NOAA21_NRT
22.33532,69.86809,306.67,0.45,0.39,2025-12-05,2048,N21,VIIRS,n,2.0NRT,296.31,2.97,N,jamnagar,VIIRS_NOAA21_NRT
22.34065,69.85565,305.3,0.45,0.39,2025-12-05,2048,N21,VIIRS,n,2.0NRT,295.01,1.41,N,jamnagar,VIIRS_NOAA21_NRT
22.43031,69.8324,303.16,0.45,0.39,2025-12-05,2048,N21,VIIRS,n,2.0NRT,291.59,0.88,N,jamnagar,VIIRS_NOAA21_NRT
22.42939,69.83188,303.84,0.56,0.52,2025-12-06,2027,N21,VIIRS,n,2.0NRT,291.16,1.73,N,jamnagar,VIIRS_NOAA21_NRT
22.33621,69.86949,306.79,0.46,0.39,2025-12-09,2114,N21,VIIRS,n,2.0NRT,295.68,2.33,N,jamnagar,VIIRS_NOAA21_NRT
22.33852,69.85632,309.56,0.46,0.39,2025-12-09,2114,N21,VIIRS,n,2.0NRT,296.7,2.08,N,jamnagar,VIIRS_NOAA21_NRT
22.33901,69.85477,313.66,0.4,0.37,2025-12-10,2053,N21,VIIRS,n,2.0NRT,299.29,2.19,N,jamnagar,VIIRS_NOAA21_NRT
22.43008,69.83396,302.36,0.4,0.37,2025-12-10,2053,N21,VIIRS,n,2.0NRT,291.72,0.85,N,jamnagar,VIIRS_NOAA21_NRT
22.42869,69.83254,301.99,0.36,0.57,2025-12-13,2137,N21,VIIRS,n,2.0NRT,291.78,0.67,N,jamnagar,VIIRS_NOAA21_NRT
22.345,70.09999,332.22,0.38,0.44,2025-12-14,852,N21,VIIRS,n,2.0NRT,303.55,2.85,D,jamnagar,VIIRS_NOAA21_NRT
22.33623,69.86597,303.69,0.55,0.43,2025-12-14,2120,N21,VIIRS,n,2.0NRT,293.31,3.46,N,jamnagar,VIIRS_NOAA21_NRT
22.33819,69.85546,306.12,0.55,0.43,2025-12-14,2120,N21,VIIRS,n,2.0NRT,294.08,4.08,N,jamnagar,VIIRS_NOAA21_NRT
22.46657,70.09395,332.37,0.39,0.36,2025-12-15,832,N21,VIIRS,l,2.0NRT,304.55,3.99,D,jamnagar,VIIRS_NOAA21_NRT
22.33713,69.86922,308.16,0.38,0.36,2025-12-15,2059,N21,VIIRS,n,2.0NRT,295.19,1.78,N,jamnagar,VIIRS_NOAA21_NRT
22.33945,69.85443,313.92,0.38,0.36,2025-12-15,2059,N21,VIIRS,n,2.0NRT,298.21,1.88,N,jamnagar,VIIRS_NOAA21_NRT
22.32938,69.89707,334.84,0.52,0.42,2025-12-16,813,N21,VIIRS,n,2.0NRT,305.1,3.61,D,jamnagar,VIIRS_NOAA21_NRT
22.43043,69.83313,302.42,0.54,0.42,2025-12-16,2042,N21,VIIRS,n,2.0NRT,291.53,1.11,N,jamnagar,VIIRS_NOAA21_NRT
22.42725,69.83373,302.07,0.45,0.63,2025-12-18,2144,N21,VIIRS,n,2.0NRT,291.51,0.93,N,jamnagar,VIIRS_NOAA21_NRT
22.33444,69.86649,308.54,0.45,0.47,2025-12-19,2127,N21,VIIRS,n,2.0NRT,297.64,3.66,N,jamnagar,VIIRS_NOAA21_NRT
22.3412,69.8545,306.34,0.45,0.47,2025-12-19,2127,N21,VIIRS,n,2.0NRT,295.62,4.28,N,jamnagar,VIIRS_NOAA21_NRT
22.42866,69.83202,305.52,0.45,0.47,2025-12-19,2127,N21,VIIRS,n,2.0NRT,292.23,0.87,N,jamnagar,VIIRS_NOAA21_NRT
22.33181,69.86777,302.07,0.4,0.37,2025-12-20,2108,N21,VIIRS,n,2.0NRT,289.59,1.63,N,jamnagar,VIIRS_NOAA21_NRT
22.33518,69.86842,307.73,0.4,0.37,2025-12-20,2108,N21,VIIRS,n,2.0NRT,291.29,1.54,N,jamnagar,VIIRS_NOAA21_NRT
22.34113,69.85352,301.67,0.4,0.37,2025-12-20,2108,N21,VIIRS,n,2.0NRT,288.59,2.46,N,jamnagar,VIIRS_NOAA21_NRT
22.42945,69.8336,305.69,0.4,0.37,2025-12-20,2108,N21,VIIRS,n,2.0NRT,290.81,0.78,N,jamnagar,VIIRS_NOAA21_NRT
22.33852,69.853,307.53,0.45,0.39,2025-12-21,2048,N21,VIIRS,n,2.0NRT,297.51,4.0,N,jamnagar,VIIRS_NOAA21_NRT
22.3367,69.86756,305.96,0.46,0.39,2025-12-25,2114,N21,VIIRS,n,2.0NRT,295.35,2.57,N,jamnagar,VIIRS_NOAA21_NRT
22.33902,69.85431,309.7,0.46,0.39,2025-12-25,2114,N21,VIIRS,n,2.0NRT,296.38,3.13,N,jamnagar,VIIRS_NOAA21_NRT
22.42962,69.8346,304.01,0.46,0.39,2025-12-25,2114,N21,VIIRS,n,2.0NRT,291.24,0.86,N,jamnagar,VIIRS_NOAA21_NRT
22.3342,69.86929,305.62,0.4,0.37,2025-12-26,2053,N21,VIIRS,n,2.0NRT,295.5,1.81,N,jamnagar,VIIRS_NOAA21_NRT
22.33982,69.85452,311.47,0.4,0.37,2025-12-26,2053,N21,VIIRS,n,2.0NRT,296.68,2.08,N,jamnagar,VIIRS_NOAA21_NRT
22.43099,69.83439,303.09,0.4,0.37,2025-12-26,2053,N21,VIIRS,n,2.0NRT,290.6,0.85,N,jamnagar,VIIRS_NOAA21_NRT
22.31473,70.22074,334.4,0.41,0.45,2025-12-27,807,N21,VIIRS,n,2.0NRT,305.46,2.86,D,jamnagar,VIIRS_NOAA21_NRT
22.31474,70.22112,330.96,0.41,0.45,2025-12-27,807,N21,VIIRS,n,2.0NRT,305.75,2.95,D,jamnagar,VIIRS_NOAA21_NRT
22.4281,69.83392,304.19,0.44,0.46,2025-12-27,2036,N21,VIIRS,n,2.0NRT,290.82,0.76,N,jamnagar,VIIRS_NOAA21_NRT
22.57523,70.22662,301.99,0.42,0.45,2025-12-27,2036,N21,VIIRS,n,2.0NRT,288.5,0.91,N,jamnagar,VIIRS_NOAA21_NRT
22.43082,69.83417,300.16,0.44,0.63,2025-12-28,2016,N21,VIIRS,n,2.0NRT,289.8,0.91,N,jamnagar,VIIRS_NOAA21_NRT
22.43217,69.83218,302.46,0.45,0.63,2025-12-28,2016,N21,VIIRS,n,2.0NRT,290.33,0.83,N,jamnagar,VIIRS_NOAA21_NRT
22.42859,69.83259,304.53,0.36,0.57,2025-12-29,2137,N21,VIIRS,n,2.0NRT,290.85,0.6,N,jamnagar,VIIRS_NOAA21_NRT
22.31124,70.09386,331.39,0.39,0.44,2025-12-30,852,N21,VIIRS,n,2.0NRT,300.17,1.24,D,jamnagar,VIIRS_NOAA21_NRT
22.33465,69.86628,306.76,0.55,0.43,2025-12-30,2120,N21,VIIRS,n,2.0NRT,294.83,4.08,N,jamnagar,VIIRS_NOAA21_NRT
22.3405,69.85655,304.18,0.55,0.43,2025-12-30,2120,N21,VIIRS,n,2.0NRT,293.31,2.37,N,jamnagar,VIIRS_NOAA21_NRT
22.42988,69.83486,302.2,0.55,0.43,2025-12-30,2120,N21,VIIRS,n,2.0NRT,291.25,1.0,N,jamnagar,VIIRS_NOAA21_NRT
22.40519,69.91508,332.5,0.38,0.36,2025-12-31,832,N21,VIIRS,n,2.0NRT,299.96,1.97,D,jamnagar,VIIRS_NOAA21_NRT
22.57608,70.21745,331.86,0.39,0.36,2025-12-31,832,N21,VIIRS,n,2.0NRT,299.49,2.13,D,jamnagar,VIIRS_NOAA21_NRT
22.33491,69.86702,307.92,0.38,0.36,2025-12-31,2101,N21,VIIRS,n,2.0NRT,293.14,1.22,N,jamnagar,VIIRS_NOAA21_NRT
22.33994,69.85653,303.17,0.38,0.36,2025-12-31,2101,N21,VIIRS,n,2.0NRT,292.37,1.81,N,jamnagar,VIIRS_NOAA21_NRT
22.33413,69.86821,304.44,0.53,0.42,2026-01-01,2042,N21,VIIRS,n,2.0NRT,293.09,1.97,N,jamnagar,VIIRS_NOAA21_NRT
22.43112,69.83188,301.93,0.53,0.42,2026-01-01,2042,N21,VIIRS,n,2.0NRT,290.26,1.09,N,jamnagar,VIIRS_NOAA21_NRT
22.33323,69.86719,305.31,0.35,0.56,2026-01-02,2025,N21,VIIRS,n,2.0NRT,294.41,2.42,N,jamnagar,VIIRS_NOAA21_NRT
22.4264,69.90718,337.52,0.48,0.65,2026-01-03,915,N21,VIIRS,n,2.0NRT,298.92,4.62,D,jamnagar,VIIRS_NOAA21_NRT
22.42865,69.90775,342.11,0.48,0.65,2026-01-03,915,N21,VIIRS,n,2.0NRT,298.71,3.52,D,jamnagar,VIIRS_NOAA21_NRT
22.33397,69.86665,304.79,0.46,0.63,2026-01-03,2146,N21,VIIRS,n,2.0NRT,293.64,3.46,N,jamnagar,VIIRS_NOAA21_NRT
22.33698,69.85377,304.33,0.46,0.63,2026-01-03,2146,N21,VIIRS,n,2.0NRT,293.79,3.92,N,jamnagar,VIIRS_NOAA21_NRT
22.4314,69.83506,298.52,0.45,0.63,2026-01-03,2146,N21,VIIRS,n,2.0NRT,288.05,1.25,N,jamnagar,VIIRS_NOAA21_NRT
22.33974,70.08962,335.09,0.48,0.48,2026-01-04,858,N21,VIIRS,n,2.0NRT,302.88,4.09,D,jamnagar,VIIRS_NOAA21_NRT
22.33521,69.86868,305.41,0.46,0.47,2026-01-04,2127,N21,VIIRS,n,2.0NRT,293.06,2.44,N,jamnagar,VIIRS_NOAA21_NRT
22.33778,69.85558,308.03,0.46,0.47,2026-01-04,2127,N21,VIIRS,n,2.0NRT,294.37,3.88,N,jamnagar,VIIRS_NOAA21_NRT
22.4293,69.83416,302.86,0.45,0.47,2026-01-04,2127,N21,VIIRS,n,2.0NRT,289.03,0.79,N,jamnagar,VIIRS_NOAA21_NRT
22.33611,69.86636,310.6,0.41,0.37,2026-01-05,2108,N21,VIIRS,n,2.0NRT,293.95,2.31,N,jamnagar,VIIRS_NOAA21_NRT
22.33806,69.85468,310.08,0.41,0.37,2026-01-05,2108,N21,VIIRS,n,2.0NRT,296.18,2.19,N,jamnagar,VIIRS_NOAA21_NRT
22.43011,69.83225,302.9,0.4,0.37,2026-01-05,2108,N21,VIIRS,n,2.0NRT,290.14,0.69,N,jamnagar,VIIRS_NOAA21_NRT
22.34345,69.86381,337.77,0.44,0.38,2026-01-06,820,N21,VIIRS,n,2.0NRT,305.48,2.82,D,jamnagar,VIIRS_NOAA21_NRT
22.33911,69.85596,307.76,0.44,0.39,2026-01-06,2048,N21,VIIRS,n,2.0NRT,293.79,3.3,N,jamnagar,VIIRS_NOAA21_NRT
22.42877,69.83479,301.3,0.45,0.39,2026-01-06,2048,N21,VIIRS,n,2.0NRT,288.58,0.79,N,jamnagar,VIIRS_NOAA21_NRT
22.42881,69.83323,301.49,0.45,0.39,2026-01-06,2048,N21,VIIRS,n,2.0NRT,288.96,0.74,N,jamnagar,VIIRS_NOAA21_NRT
22.33713,69.85475,303.86,0.57,0.69,2026-01-08,2152,N21,VIIRS,n,2.0NRT,291.74,5.24,N,jamnagar,VIIRS_NOAA21_NRT
22.36714,70.25137,332.84,0.63,0.54,2026-01-09,904,N21,VIIRS,n,2.0NRT,301.7,4.57,D,jamnagar,VIIRS_NOAA21_NRT
22.3361,69.86745,303.06,0.58,0.52,2026-01-09,2131,N21,VIIRS,n,2.0NRT,292.28,2.28,N,jamnagar,VIIRS_NOAA21_NRT
22.33839,69.85652,303.49,0.57,0.52,2026-01-09,2131,N21,VIIRS,n,2.0NRT,292.02,2.89,N,jamnagar,VIIRS_NOAA21_NRT
22.33665,69.86749,307.22,0.46,0.39,2026-01-10,2114,N21,VIIRS,n,2.0NRT,292.46,3.19,N,jamnagar,VIIRS_NOAA21_NRT
22.33904,69.85421,303.36,0.46,0.39,2026-01-10,2114,N21,VIIRS,n,2.0NRT,292.56,3.03,N,jamnagar,VIIRS_NOAA21_NRT
22.43159,69.83242,299.7,0.46,0.39,2026-01-10,2114,N21,VIIRS,n,2.0NRT,288.6,0.68,N,jamnagar,VIIRS_NOAA21_NRT
22.33686,69.86845,308.02,0.4,0.37,2026-01-11,2055,N21,VIIRS,n,2.0NRT,291.88,2.4,N,jamnagar,VIIRS_NOAA21_NRT
22.34076,69.8652,331.7,0.4,0.37,2026-01-11,2055,N21,VIIRS,n,2.0NRT,289.83,2.4,N,jamnagar,VIIRS_NOAA21_NRT
22.43121,69.83341,301.77,0.4,0.37,2026-01-11,2055,N21,VIIRS,n,2.0NRT,288.77,0.68,N,jamnagar,VIIRS_NOAA21_NRT
22.41967,70.11142,339.83,0.41,0.45,2026-01-12,807,N21,VIIRS,n,2.0NRT,303.22,3.93,D,jamnagar,VIIRS_NOAA21_NRT
22.42937,69.83438,302.57,0.44,0.46,2026-01-12,2036,N21,VIIRS,n,2.0NRT,288.73,0.88,N,jamnagar,VIIRS_NOAA21_NRT
22.34247,69.86141,338.63,0.42,0.61,2026-01-13,750,N21,VIIRS,n,2.0NRT,302.38,5.3,D,jamnagar,VIIRS_NOAA21_NRT
22.33819,69.85385,305.77,0.44,0.62,2026-01-13,2018,N21,VIIRS,n,2.0NRT,294.71,2.77,N,jamnagar,VIIRS_NOAA21_NRT
22.33592,69.8691,305.46,0.36,0.58,2026-01-14,2137,N21,VIIRS,n,2.0NRT,293.69,1.48,N,jamnagar,VIIRS_NOAA21_NRT
22.33895,69.85535,311.39,0.36,0.58,2026-01-14,2137,N21,VIIRS,n,2.0NRT,294.96,2.34,N,jamnagar,VIIRS_NOAA21_NRT
22.59416,70.23096,338.49,0.4,0.44,2026-01-15,852,N21,VIIRS,n,2.0NRT,305.6,3.24,D,jamnagar,VIIRS_NOAA21_NRT
22.33402,69.86731,307.04,0.56,0.43,2026-01-15,2120,N21,VIIRS,n,2.0NRT,295.35,3.89,N,jamnagar,VIIRS_NOAA21_NRT
22.33987,69.85753,302.56,0.56,0.43,2026-01-15,2120,N21,VIIRS,n,2.0NRT,291.82,2.55,N,jamnagar,VIIRS_NOAA21_NRT
22.33411,69.86832,311.34,0.38,0.36,2026-01-16,2101,N21,VIIRS,n,2.0NRT,296.58,3.18,N,jamnagar,VIIRS_NOAA21_NRT
22.33645,69.85355,304.49,0.38,0.36,2026-01-16,2101,N21,VIIRS,n,2.0NRT,294.23,2.6,N,jamnagar,VIIRS_NOAA21_NRT
22.33973,69.85415,312.53,0.38,0.36,2026-01-16,2101,N21,VIIRS,n,2.0NRT,295.1,1.95,N,jamnagar,VIIRS_NOAA21_NRT
22.32427,70.02565,334.27,0.51,0.41,2026-01-17,813,N21,VIIRS,n,2.0NRT,304.7,7.43,D,jamnagar,VIIRS_NOAA21_NRT
22.57577,70.22806,299.83,0.51,0.41,2026-01-17,2042,N21,VIIRS,n,2.0NRT,287.15,0.82,N,jamnagar,VIIRS_NOAA21_NRT
22.31703,69.88058,302.32,0.35,0.56,2026-01-18,2025,N21,VIIRS,n,2.0NRT,289.17,0.79,N,jamnagar,VIIRS_NOAA21_NRT
22.42815,69.83312,302.9,0.35,0.57,2026-01-18,2025,N21,VIIRS,n,2.0NRT,288.54,0.68,N,jamnagar,VIIRS_NOAA21_NRT
22.34146,69.85501,301.91,0.46,0.63,2026-01-19,2146,N21,VIIRS,n,2.0NRT,291.12,1.55,N,jamnagar,VIIRS_NOAA21_NRT
22.33732,69.8693,304.05,0.46,0.47,2026-01-20,2127,N21,VIIRS,n,2.0NRT,293.05,2.49,N,jamnagar,VIIRS_NOAA21_NRT
22.33992,69.85616,304.91,0.46,0.47,2026-01-20,2127,N21,VIIRS,n,2.0NRT,293.65,3.62,N,jamnagar,VIIRS_NOAA21_NRT
22.33982,69.85387,310.16,0.41,0.37,2026-01-21,2108,N21,VIIRS,n,2.0NRT,294.55,1.73,N,jamnagar,VIIRS_NOAA21_NRT
22.4444,70.02847,336.19,0.43,0.38,2026-01-22,820,N21,VIIRS,n,2.0NRT,305.05,2.94,D,jamnagar,VIIRS_NOAA21_NRT
22.43029,69.83489,304.68,0.45,0.39,2026-01-22,2050,N21,VIIRS,n,2.0NRT,290.06,0.72,N,jamnagar,VIIRS_NOAA21_NRT
22.43024,69.83228,297.94,0.55,0.51,2026-01-23,2029,N21,VIIRS,n,2.0NRT,286.08,1.12,N,jamnagar,VIIRS_NOAA21_NRT
22.322,69.88022,297.35,0.56,0.69,2026-01-24,2012,N21,VIIRS,n,2.0NRT,276.17,1.65,N,jamnagar,VIIRS_NOAA21_NRT
22.32241,69.87491,303.36,0.56,0.69,2026-01-24,2012,N21,VIIRS,n,2.0NRT,281.91,3.37,N,jamnagar,VIIRS_NOAA21_NRT
22.32482,69.87885,302.91,0.56,0.69,2026-01-24,2012,N21,VIIRS,n,2.0NRT,279.33,2.8,N,jamnagar,VIIRS_NOAA21_NRT
22.32052,69.8858,298.99,0.58,0.7,2026-01-24,2152,N21,VIIRS,n,2.0NRT,266.76,1.94,N,jamnagar,VIIRS_NOAA21_NRT
22.26013,70.26688,332.67,0.63,0.54,2026-01-25,904,N21,VIIRS,n,2.0NRT,298.81,6.18,D,jamnagar,VIIRS_NOAA21_NRT
22.33578,69.86703,305.12,0.46,0.39,2026-01-26,2114,N21,VIIRS,n,2.0NRT,293.4,1.79,N,jamnagar,VIIRS_NOAA21_NRT
22.33811,69.85374,306.09,0.46,0.39,2026-01-26,2114,N21,VIIRS,n,2.0NRT,293.01,2.07,N,jamnagar,VIIRS_NOAA21_NRT
22.33966,69.85711,301.66,0.46,0.39,2026-01-26,2114,N21,VIIRS,n,2.0NRT,291.35,3.07,N,jamnagar,VIIRS_NOAA21_NRT
22.33665,69.86942,303.46,0.4,0.37,2026-01-27,2055,N21,VIIRS,n,2.0NRT,292.11,0.98,N,jamnagar,VIIRS_NOAA21_NRT
22.3389,69.85416,311.19,0.4,0.37,2026-01-27,2055,N21,VIIRS,n,2.0NRT,295.24,2.22,N,jamnagar,VIIRS_NOAA21_NRT
22.42994,69.83435,306.37,0.4,0.37,2026-01-27,2055,N21,VIIRS,n,2.0NRT,289.46,0.86,N,jamnagar,VIIRS_NOAA21_NRT
22.42963,69.83184,302.86,0.44,0.63,2026-01-29,2018,N21,VIIRS,n,2.0NRT,289.55,0.79,N,jamnagar,VIIRS_NOAA21_NRT
22.50672,70.03008,299.18,0.43,0.62,2026-01-29,2018,N21,VIIRS,n,2.0NRT,288.01,0.54,N,jamnagar,VIIRS_NOAA21_NRT
22.33805,69.85652,296.07,0.36,0.58,2026-01-30,2140,N21,VIIRS,n,2.0NRT,278.66,1.29,N,jamnagar,VIIRS_NOAA21_NRT
22.33407,69.86871,305.32,0.56,0.43,2026-01-31,2120,N21,VIIRS,n,2.0NRT,294.47,2.08,N,jamnagar,VIIRS_NOAA21_NRT
22.34091,69.85365,304.04,0.56,0.43,2026-01-31,2120,N21,VIIRS,n,2.0NRT,292.45,2.81,N,jamnagar,VIIRS_NOAA21_NRT
22.3428,69.86513,310.96,0.56,0.43,2026-01-31,2120,N21,VIIRS,n,2.0NRT,290.45,1.62,N,jamnagar,VIIRS_NOAA21_NRT
22.3437,69.882,300.69,0.56,0.43,2026-01-31,2120,N21,VIIRS,n,2.0NRT,289.37,0.91,N,jamnagar,VIIRS_NOAA21_NRT
22.25271,69.93781,331.49,0.38,0.36,2026-02-01,834,N21,VIIRS,n,2.0NRT,306.05,2.86,D,jamnagar,VIIRS_NOAA21_NRT
22.32228,69.87976,335.36,0.38,0.36,2026-02-01,834,N21,VIIRS,n,2.0NRT,306.02,2.78,D,jamnagar,VIIRS_NOAA21_NRT
22.3379,69.85425,298.25,0.38,0.36,2026-02-01,2101,N21,VIIRS,n,2.0NRT,271.23,0.95,N,jamnagar,VIIRS_NOAA21_NRT
22.33878,69.8541,306.05,0.53,0.42,2026-02-02,2042,N21,VIIRS,n,2.0NRT,295.11,3.89,N,jamnagar,VIIRS_NOAA21_NRT
22.43013,69.8326,300.88,0.53,0.42,2026-02-02,2042,N21,VIIRS,n,2.0NRT,290.35,1.01,N,jamnagar,VIIRS_NOAA21_NRT
22.33399,69.86755,306.15,0.35,0.56,2026-02-03,2023,N21,VIIRS,n,2.0NRT,295.68,1.77,N,jamnagar,VIIRS_NOAA21_NRT
22.34056,69.85471,304.18,0.35,0.57,2026-02-03,2023,N21,VIIRS,n,2.0NRT,294.1,0.48,N,jamnagar,VIIRS_NOAA21_NRT
22.42839,69.832,302.0,0.35,0.57,2026-02-03,2023,N21,VIIRS,n,2.0NRT,290.54,0.71,N,jamnagar,VIIRS_NOAA21_NRT
22.33359,69.86926,303.01,0.46,0.64,2026-02-04,2146,N21,VIIRS,n,2.0NRT,292.84,3.45,N,jamnagar,VIIRS_NOAA21_NRT
22.33657,69.85626,304.8,0.46,0.63,2026-02-04,2146,N21,VIIRS,n,2.0NRT,294.04,4.03,N,jamnagar,VIIRS_NOAA21_NRT
22.31994,69.88654,307.56,0.46,0.47,2026-02-05,2127,N21,VIIRS,n,2.0NRT,292.35,1.67,N,jamnagar,VIIRS_NOAA21_NRT
22.33702,69.86758,306.21,0.46,0.47,2026-02-05,2127,N21,VIIRS,n,2.0NRT,295.86,1.82,N,jamnagar,VIIRS_NOAA21_NRT
22.33958,69.85447,308.46,0.46,0.47,2026-02-05,2127,N21,VIIRS,n,2.0NRT,296.51,2.01,N,jamnagar,VIIRS_NOAA21_NRT
22.34293,69.8828,309.73,0.46,0.47,2026-02-05,2127,N21,VIIRS,n,2.0NRT,291.66,1.15,N,jamnagar,VIIRS_NOAA21_NRT
22.43564,69.88201,336.16,0.41,0.37,2026-02-06,839,N21,VIIRS,n,2.0NRT,309.52,4.81,D,jamnagar,VIIRS_NOAA21_NRT
22.33601,69.86729,311.38,0.41,0.37,2026-02-06,2108,N21,VIIRS,n,2.0NRT,297.95,3.23,N,jamnagar,VIIRS_NOAA21_NRT
22.33798,69.85562,314.82,0.41,0.37,2026-02-06,2108,N21,VIIRS,n,2.0NRT,298.64,3.91,N,jamnagar,VIIRS_NOAA21_NRT
22.43036,69.83324,298.89,0.4,0.37,2026-02-06,2108,N21,VIIRS,n,2.0NRT,284.77,0.47,N,jamnagar,VIIRS_NOAA21_NRT
22.33963,69.85548,311.63,0.44,0.39,2026-02-07,2050,N21,VIIRS,n,2.0NRT,297.36,2.67,N,jamnagar,VIIRS_NOAA21_NRT
22.42906,69.83439,305.47,0.45,0.39,2026-02-07,2050,N21,VIIRS,n,2.0NRT,292.15,0.86,N,jamnagar,VIIRS_NOAA21_NRT
22.43168,69.83161,302.51,0.55,0.51,2026-02-08,2029,N21,VIIRS,n,2.0NRT,291.6,0.85,N,jamnagar,VIIRS_NOAA21_NRT
22.4304,69.8324,302.58,0.57,0.69,2026-02-09,2012,N21,VIIRS,n,2.0NRT,290.81,1.32,N,jamnagar,VIIRS_NOAA21_NRT
22.33877,69.85613,304.4,0.58,0.52,2026-02-10,2131,N21,VIIRS,n,2.0NRT,293.89,2.49,N,jamnagar,VIIRS_NOAA21_NRT
22.33519,69.86671,307.49,0.46,0.39,2026-02-11,2114,N21,VIIRS,n,2.0NRT,296.94,3.3,N,jamnagar,VIIRS_NOAA21_NRT
22.34112,69.8542,305.57,0.46,0.39,2026-02-11,2114,N21,VIIRS,n,2.0NRT,294.68,1.53,N,jamnagar,VIIRS_NOAA21_NRT
22.42854,69.83365,304.64,0.46,0.39,2026-02-11,2114,N21,VIIRS,n,2.0NRT,292.51,0.96,N,jamnagar,VIIRS_NOAA21_NRT
22.21464,70.049,340.47,0.39,0.36,2026-02-12,826,N21,VIIRS,l,2.0NRT,313.12,6.11,D,jamnagar,VIIRS_NOAA21_NRT
22.24274,70.07492,340.73,0.39,0.36,2026-02-12,826,N21,VIIRS,n,2.0NRT,310.12,1.96,D,jamnagar,VIIRS_NOAA21_NRT
22.3361,69.86915,310.71,0.4,0.37,2026-02-12,2055,N21,VIIRS,n,2.0NRT,297.76,2.13,N,jamnagar,VIIRS_NOAA21_NRT
22.33837,69.85389,311.69,0.4,0.37,2026-02-12,2055,N21,VIIRS,n,2.0NRT,298.02,3.53,N,jamnagar,VIIRS_NOAA21_NRT
22.42961,69.83338,309.88,0.4,0.37,2026-02-12,2055,N21,VIIRS,n,2.0NRT,293.03,0.87,N,jamnagar,VIIRS_NOAA21_NRT
22.31446,69.85583,316.41,0.44,0.46,2026-02-13,2036,N21,VIIRS,n,2.0NRT,291.25,2.16,N,jamnagar,VIIRS_NOAA21_NRT
22.42914,69.83183,306.82,0.44,0.46,2026-02-13,2036,N21,VIIRS,n,2.0NRT,292.63,0.96,N,jamnagar,VIIRS_NOAA21_NRT
22.31588,69.85518,330.86,0.44,0.63,2026-02-14,2018,N21,VIIRS,n,2.0NRT,290.72,3.98,N,jamnagar,VIIRS_NOAA21_NRT
22.31756,69.85563,332.18,0.44,0.63,2026-02-14,2018,N21,VIIRS,n,2.0NRT,290.69,3.53,N,jamnagar,VIIRS_NOAA21_NRT
22.42988,69.83157,302.9,0.45,0.63,2026-02-14,2018,N21,VIIRS,n,2.0NRT,292.81,1.27,N,jamnagar,VIIRS_NOAA21_NRT
22.31128,69.86194,311.66,0.73,0.76,2026-02-14,2159,N21,VIIRS,n,2.0NRT,291.13,2.73,N,jamnagar,VIIRS_NOAA21_NRT
22.33394,69.86797,308.34,0.36,0.58,2026-02-15,2140,N21,VIIRS,n,2.0NRT,297.07,2.58,N,jamnagar,VIIRS_NOAA21_NRT
22.31545,69.86111,305.61,0.56,0.43,2026-02-16,2120,N21,VIIRS,n,2.0NRT,290.09,1.98,N,jamnagar,VIIRS_NOAA21_NRT
22.31346,69.8575,302.16,0.38,0.36,2026-02-17,2101,N21,VIIRS,n,2.0NRT,290.3,0.68,N,jamnagar,VIIRS_NOAA21_NRT
22.33526,69.86906,314.19,0.38,0.36,2026-02-17,2101,N21,VIIRS,n,2.0NRT,298.23,2.24,N,jamnagar,VIIRS_NOAA21_NRT
22.33759,69.85431,306.57,0.38,0.36,2026-02-17,2101,N21,VIIRS,n,2.0NRT,295.92,2.73,N,jamnagar,VIIRS_NOAA21_NRT
22.3424,69.86656,307.94,0.38,0.36,2026-02-17,2101,N21,VIIRS,n,2.0NRT,291.82,1.67,N,jamnagar,VIIRS_NOAA21_NRT
22.42969,69.83333,303.96,0.38,0.36,2026-02-17,2101,N21,VIIRS,n,2.0NRT,292.18,0.51,N,jamnagar,VIIRS_NOAA21_NRT
22.57516,70.22784,306.18,0.39,0.36,2026-02-17,2101,N21,VIIRS,n,2.0NRT,290.15,0.9,N,jamnagar,VIIRS_NOAA21_NRT
22.43073,69.8333,308.59,0.53,0.42,2026-02-18,2042,N21,VIIRS,n,2.0NRT,292.62,1.38,N,jamnagar,VIIRS_NOAA21_NRT
22.42845,69.83156,304.02,0.35,0.57,2026-02-19,2023,N21,VIIRS,n,2.0NRT,292.47,0.86,N,jamnagar,VIIRS_NOAA21_NRT
22.42926,69.83208,303.24,0.72,0.76,2026-02-20,2004,N21,VIIRS,n,2.0NRT,292.28,1.99,N,jamnagar,VIIRS_NOAA21_NRT
22.42781,69.83389,304.85,0.45,0.63,2026-02-20,2146,N21,VIIRS,n,2.0NRT,293.26,1.07,N,jamnagar,VIIRS_NOAA21_NRT
22.43036,69.83336,305.49,0.45,0.47,2026-02-21,2127,N21,VIIRS,n,2.0NRT,293.17,1.02,N,jamnagar,VIIRS_NOAA21_NRT
22.23787,69.93936,303.34,0.41,0.37,2026-02-22,2108,N21,VIIRS,n,2.0NRT,288.58,0.81,N,jamnagar,VIIRS_NOAA21_NRT
22.42906,69.83482,307.02,0.4,0.37,2026-02-22,2108,N21,VIIRS,n,2.0NRT,292.18,0.65,N,jamnagar,VIIRS_NOAA21_NRT
22.20798,70.26044,333.55,0.43,0.38,2026-02-23,820,N21,VIIRS,l,2.0NRT,307.93,2.63,D,jamnagar,VIIRS_NOAA21_NRT
22.33589,69.86617,307.91,0.45,0.39,2026-02-23,2050,N21,VIIRS,n,2.0NRT,296.91,2.56,N,jamnagar,VIIRS_NOAA21_NRT
22.43054,69.83526,303.95,0.45,0.39,2026-02-23,2050,N21,VIIRS,n,2.0NRT,291.8,0.54,N,jamnagar,VIIRS_NOAA21_NRT
22.43074,69.83263,304.7,0.45,0.39,2026-02-23,2050,N21,VIIRS,n,2.0NRT,292.04,0.82,N,jamnagar,VIIRS_NOAA21_NRT
22.42815,69.83075,298.31,0.56,0.51,2026-02-24,2029,N21,VIIRS,n,2.0NRT,287.14,0.98,N,jamnagar,VIIRS_NOAA21_NRT
22.34367,69.86263,367.0,0.54,0.68,2026-02-25,743,N21,VIIRS,h,2.0NRT,299.47,15.93,D,jamnagar,VIIRS_NOAA21_NRT
22.34411,69.86509,352.71,0.6,0.71,2026-02-25,924,N21,VIIRS,n,2.0NRT,300.28,27.75,D,jamnagar,VIIRS_NOAA21_NRT
22.3445,69.86561,351.6,0.6,0.71,2026-02-25,924,N21,VIIRS,n,2.0NRT,300.59,23.03,D,jamnagar,VIIRS_NOAA21_NRT
22.34459,69.87099,367.0,0.6,0.71,2026-02-25,924,N21,VIIRS,h,2.0NRT,298.64,25.79,D,jamnagar,VIIRS_NOAA21_NRT
22.34494,69.87152,348.91,0.6,0.71,2026-02-25,924,N21,VIIRS,n,2.0NRT,298.05,23.03,D,jamnagar,VIIRS_NOAA21_NRT
22.42777,69.83224,303.53,0.57,0.69,2026-02-25,2012,N21,VIIRS,n,2.0NRT,291.43,1.0,N,jamnagar,VIIRS_NOAA21_NRT
22.33708,69.85364,305.2,0.58,0.69,2026-02-25,2152,N21,VIIRS,n,2.0NRT,293.87,4.22,N,jamnagar,VIIRS_NOAA21_NRT
22.33812,69.86531,307.13,0.58,0.69,2026-02-25,2152,N21,VIIRS,n,2.0NRT,293.02,4.87,N,jamnagar,VIIRS_NOAA21_NRT
22.33938,69.8717,304.18,0.58,0.69,2026-02-25,2152,N21,VIIRS,n,2.0NRT,292.04,3.41,N,jamnagar,VIIRS_NOAA21_NRT
22.34067,69.86626,323.56,0.58,0.69,2026-02-25,2152,N21,VIIRS,n,2.0NRT,292.51,4.98,N,jamnagar,VIIRS_NOAA21_NRT
22.34425,69.86721,326.69,0.58,0.69,2026-02-25,2152,N21,VIIRS,n,2.0NRT,291.78,6.7,N,jamnagar,VIIRS_NOAA21_NRT
22.34456,69.86906,340.75,0.59,0.53,2026-02-26,904,N21,VIIRS,n,2.0NRT,304.29,4.97,D,jamnagar,VIIRS_NOAA21_NRT
22.43005,69.83521,302.83,0.57,0.52,2026-02-26,2131,N21,VIIRS,n,2.0NRT,292.25,0.96,N,jamnagar,VIIRS_NOAA21_NRT
22.59157,70.23817,336.81,0.49,0.4,2026-02-27,845,N21,VIIRS,n,2.0NRT,310.37,4.96,D,jamnagar,VIIRS_NOAA21_NRT
22.31294,69.86097,328.07,0.46,0.39,2026-02-27,2114,N21,VIIRS,n,2.0NRT,292.12,3.64,N,jamnagar,VIIRS_NOAA21_NRT
22.33887,69.85474,310.51,0.46,0.39,2026-02-27,2114,N21,VIIRS,n,2.0NRT,297.51,2.15,N,jamnagar,VIIRS_NOAA21_NRT
22.43103,69.83308,303.69,0.46,0.39,2026-02-27,2114,N21,VIIRS,n,2.0NRT,293.55,0.72,N,jamnagar,VIIRS_NOAA21_NRT
22.33504,69.86628,308.57,0.4,0.37,2026-02-28,2055,N21,VIIRS,n,2.0NRT,297.33,2.17,N,jamnagar,VIIRS_NOAA21_NRT
22.34008,69.85537,312.27,0.4,0.37,2026-02-28,2055,N21,VIIRS,n,2.0NRT,297.68,1.72,N,jamnagar,VIIRS_NOAA21_NRT
22.43036,69.83382,304.55,0.44,0.46,2026-03-01,2036,N21,VIIRS,n,2.0NRT,293.95,0.59,N,jamnagar,VIIRS_NOAA21_NRT
22.37833,70.12991,334.77,0.41,0.61,2026-03-02,750,N21,VIIRS,l,2.0NRT,307.05,3.07,D,jamnagar,VIIRS_NOAA21_NRT
22.43116,69.83365,304.29,0.45,0.63,2026-03-02,2018,N21,VIIRS,n,2.0NRT,294.11,0.63,N,jamnagar,VIIRS_NOAA21_NRT
22.42865,69.83251,306.08,0.36,0.57,2026-03-03,2140,N21,VIIRS,n,2.0NRT,294.83,0.82,N,jamnagar,VIIRS_NOAA21_NRT
22.28372,70.11709,343.5,0.39,0.44,2026-03-04,852,N21,VIIRS,l,2.0NRT,315.43,6.89,D,jamnagar,VIIRS_NOAA21_NRT
22.28561,70.1169,344.93,0.39,0.44,2026-03-04,852,N21,VIIRS,n,2.0NRT,315.37,6.19,D,jamnagar,VIIRS_NOAA21_NRT
22.33814,69.8543,309.5,0.55,0.43,2026-03-04,2120,N21,VIIRS,n,2.0NRT,298.6,3.88,N,jamnagar,VIIRS_NOAA21_NRT
22.33577,69.85366,308.09,0.38,0.36,2026-03-05,2101,N21,VIIRS,n,2.0NRT,298.01,1.5,N,jamnagar,VIIRS_NOAA21_NRT
22.33673,69.869,310.72,0.38,0.36,2026-03-05,2101,N21,VIIRS,n,2.0NRT,298.45,2.84,N,jamnagar,VIIRS_NOAA21_NRT
22.33905,69.85426,311.71,0.38,0.36,2026-03-05,2101,N21,VIIRS,n,2.0NRT,298.57,1.5,N,jamnagar,VIIRS_NOAA21_NRT
22.43112,69.83326,310.4,0.38,0.36,2026-03-05,2101,N21,VIIRS,n,2.0NRT,295.05,1.2,N,jamnagar,VIIRS_NOAA21_NRT
22.40689,69.88313,342.88,0.47,0.47,2026-03-09,858,N21,VIIRS,n,2.0NRT,316.51,4.78,D,jamnagar,VIIRS_NOAA21_NRT
22.41016,69.8859,341.79,0.47,0.47,2026-03-09,858,N21,VIIRS,n,2.0NRT,314.83,5.17,D,jamnagar,VIIRS_NOAA21_NRT
22.33847,69.85462,312.63,0.45,0.47,2026-03-09,2125,N21,VIIRS,n,2.0NRT,301.18,3.22,N,jamnagar,VIIRS_NOAA21_NRT
22.42984,69.83475,307.73,0.45,0.47,2026-03-09,2125,N21,VIIRS,n,2.0NRT,296.69,1.25,N,jamnagar,VIIRS_NOAA21_NRT
22.33586,69.86778,314.21,0.4,0.37,2026-03-10,2108,N21,VIIRS,n,2.0NRT,302.59,2.55,N,jamnagar,VIIRS_NOAA21_NRT
22.3378,69.85616,316.52,0.4,0.37,2026-03-10,2108,N21,VIIRS,n,2.0NRT,302.95,3.2,N,jamnagar,VIIRS_NOAA21_NRT
22.43023,69.83325,306.25,0.4,0.37,2026-03-10,2108,N21,VIIRS,n,2.0NRT,296.24,0.93,N,jamnagar,VIIRS_NOAA21_NRT
22.34086,69.85392,310.55,0.45,0.39,2026-03-11,2049,N21,VIIRS,n,2.0NRT,299.81,2.06,N,jamnagar,VIIRS_NOAA21_NRT
22.20142,70.19729,349.05,0.63,0.72,2026-03-13,924,N21,VIIRS,n,2.0NRT,315.49,11.5,D,jamnagar,VIIRS_NOAA21_NRT
22.2028,70.199,347.83,0.63,0.72,2026-03-13,924,N21,VIIRS,n,2.0NRT,315.16,8.35,D,jamnagar,VIIRS_NOAA21_NRT
22.31238,69.85453,302.18,0.57,0.69,2026-03-13,2012,N21,VIIRS,n,2.0NRT,291.65,0.99,N,jamnagar,VIIRS_NOAA21_NRT
22.20038,69.95724,342.58,0.59,0.53,2026-03-14,905,N21,VIIRS,n,2.0NRT,313.95,20.71,D,jamnagar,VIIRS_NOAA21_NRT
22.58144,70.29639,340.76,0.49,0.4,2026-03-15,845,N21,VIIRS,n,2.0NRT,314.64,6.76,D,jamnagar,VIIRS_NOAA21_NRT
22.40389,69.85317,346.68,0.4,0.37,2026-03-16,826,N21,VIIRS,n,2.0NRT,320.53,8.48,D,jamnagar,VIIRS_NOAA21_NRT
22.33952,69.85422,310.58,0.4,0.37,2026-03-16,2055,N21,VIIRS,n,2.0NRT,299.99,2.39,N,jamnagar,VIIRS_NOAA21_NRT
22.39936,69.86004,346.17,0.43,0.46,2026-03-17,807,N21,VIIRS,n,2.0NRT,310.3,12.98,D,jamnagar,VIIRS_NOAA21_NRT
22.42875,69.83257,306.83,0.45,0.47,2026-03-17,2036,N21,VIIRS,n,2.0NRT,293.96,1.21,N,jamnagar,VIIRS_NOAA21_NRT
22.20309,69.89776,336.21,0.43,0.62,2026-03-18,750,N21,VIIRS,n,2.0NRT,303.45,3.64,D,jamnagar,VIIRS_NOAA21_NRT
22.4318,69.99132,367.0,0.77,0.78,2026-03-18,930,N21,VIIRS,h,2.0NRT,296.16,24.22,D,jamnagar,VIIRS_NOAA21_NRT
22.43491,69.99196,367.0,0.77,0.77,2026-03-18,930,N21,VIIRS,h,2.0NRT,296.39,26.69,D,jamnagar,VIIRS_NOAA21_NRT
22.33289,69.86809,303.09,0.36,0.57,2026-03-19,2140,N21,VIIRS,n,2.0NRT,291.19,1.98,N,jamnagar,VIIRS_NOAA21_NRT
22.34099,69.85595,301.69,0.36,0.57,2026-03-19,2140,N21,VIIRS,n,2.0NRT,289.44,1.0,N,jamnagar,VIIRS_NOAA21_NRT
22.42703,69.83289,301.91,0.35,0.57,2026-03-19,2140,N21,VIIRS,n,2.0NRT,288.27,0.49,N,jamnagar,VIIRS_NOAA21_NRT
22.2195,70.0742,335.43,0.38,0.36,2026-03-21,835,N21,VIIRS,l,2.0NRT,308.65,2.42,D,jamnagar,VIIRS_NOAA21_NRT
22.29692,69.99956,339.39,0.38,0.36,2026-03-21,835,N21,VIIRS,l,2.0NRT,313.59,6.03,D,jamnagar,VIIRS_NOAA21_NRT
22.32512,69.82381,346.06,0.38,0.36,2026-03-21,835,N21,VIIRS,n,2.0NRT,312.7,7.8,D,jamnagar,VIIRS_NOAA21_NRT
22.32589,70.16921,338.81,0.39,0.36,2026-03-21,835,N21,VIIRS,l,2.0NRT,312.73,6.03,D,jamnagar,VIIRS_NOAA21_NRT
22.36834,70.19979,342.12,0.39,0.36,2026-03-21,835,N21,VIIRS,n,2.0NRT,312.94,12.16,D,jamnagar,VIIRS_NOAA21_NRT
22.44778,69.98093,337.73,0.38,0.36,2026-03-21,835,N21,VIIRS,l,2.0NRT,310.89,3.38,D,jamnagar,VIIRS_NOAA21_NRT
22.44946,69.99204,336.15,0.38,0.36,2026-03-21,835,N21,VIIRS,l,2.0NRT,308.08,1.08,D,jamnagar,VIIRS_NOAA21_NRT
22.45982,69.97122,334.85,0.38,0.36,2026-03-21,835,N21,VIIRS,l,2.0NRT,307.92,3.41,D,jamnagar,VIIRS_NOAA21_NRT
22.33971,69.8543,311.91,0.38,0.36,2026-03-21,2101,N21,VIIRS,n,2.0NRT,296.41,2.13,N,jamnagar,VIIRS_NOAA21_NRT
22.43778,69.99409,340.26,0.52,0.41,2026-03-22,813,N21,VIIRS,n,2.0NRT,311.68,11.25,D,jamnagar,VIIRS_NOAA21_NRT
22.24691,70.08039,332.55,0.33,0.56,2026-03-23,756,N21,VIIRS,l,2.0NRT,307.53,1.91,D,jamnagar,VIIRS_NOAA21_NRT
22.38457,70.28272,336.95,0.32,0.55,2026-03-23,756,N21,VIIRS,n,2.0NRT,306.55,1.02,D,jamnagar,VIIRS_NOAA21_NRT
22.23917,70.13922,349.45,0.49,0.65,2026-03-24,915,N21,VIIRS,n,2.0NRT,297.09,9.03,D,jamnagar,VIIRS_NOAA21_NRT
22.24149,70.13774,348.83,0.49,0.65,2026-03-24,915,N21,VIIRS,n,2.0NRT,298.48,9.87,D,jamnagar,VIIRS_NOAA21_NRT
22.55113,70.25974,336.01,0.5,0.66,2026-03-24,917,N21,VIIRS,n,2.0NRT,304.66,4.45,D,jamnagar,VIIRS_NOAA21_NRT
22.36556,70.06413,342.5,0.47,0.48,2026-03-25,858,N21,VIIRS,n,2.0NRT,314.44,15.05,D,jamnagar,VIIRS_NOAA21_NRT
22.36609,70.0687,342.65,0.47,0.48,2026-03-25,858,N21,VIIRS,l,2.0NRT,313.39,14.64,D,jamnagar,VIIRS_NOAA21_NRT
22.36641,70.06573,354.93,0.47,0.48,2026-03-25,858,N21,VIIRS,n,2.0NRT,313.58,16.58,D,jamnagar,VIIRS_NOAA21_NRT
22.38413,69.9849,350.39,0.47,0.48,2026-03-25,858,N21,VIIRS,n,2.0NRT,317.12,13.79,D,jamnagar,VIIRS_NOAA21_NRT
22.3924,70.26483,346.98,0.49,0.48,2026-03-25,858,N21,VIIRS,n,2.0NRT,313.99,12.47,D,jamnagar,VIIRS_NOAA21_NRT
22.39296,70.26283,338.45,0.49,0.48,2026-03-25,858,N21,VIIRS,l,2.0NRT,312.32,7.07,D,jamnagar,VIIRS_NOAA21_NRT
22.3935,70.26751,343.69,0.49,0.48,2026-03-25,858,N21,VIIRS,n,2.0NRT,313.64,7.07,D,jamnagar,VIIRS_NOAA21_NRT
22.50767,70.21349,343.3,0.49,0.48,2026-03-25,858,N21,VIIRS,n,2.0NRT,312.07,8.45,D,jamnagar,VIIRS_NOAA21_NRT
22.56269,70.26366,345.7,0.49,0.49,2026-03-25,858,N21,VIIRS,l,2.0NRT,316.49,19.13,D,jamnagar,VIIRS_NOAA21_NRT
22.42959,69.83186,308.75,0.45,0.47,2026-03-25,2125,N21,VIIRS,n,2.0NRT,295.26,1.34,N,jamnagar,VIIRS_NOAA21_NRT
22.43152,69.97115,348.02,0.41,0.37,2026-03-26,839,N21,VIIRS,l,2.0NRT,319.21,15.39,D,jamnagar,VIIRS_NOAA21_NRT
22.3382,69.85419,312.88,0.4,0.37,2026-03-26,2108,N21,VIIRS,n,2.0NRT,299.4,2.15,N,jamnagar,VIIRS_NOAA21_NRT
22.37992,69.95703,347.46,0.44,0.39,2026-03-27,820,N21,VIIRS,n,2.0NRT,320.58,28.55,D,jamnagar,VIIRS_NOAA21_NRT
22.3405,69.85612,308.55,0.45,0.39,2026-03-27,2049,N21,VIIRS,n,2.0NRT,298.3,3.15,N,jamnagar,VIIRS_NOAA21_NRT
22.43019,69.83276,307.67,0.45,0.39,2026-03-27,2049,N21,VIIRS,n,2.0NRT,296.68,1.41,N,jamnagar,VIIRS_NOAA21_NRT
22.2741,70.1693,330.16,0.53,0.5,2026-03-28,803,N21,VIIRS,l,2.0NRT,301.32,2.48,D,jamnagar,VIIRS_NOAA21_NRT
22.29349,69.98151,334.96,0.54,0.51,2026-03-28,803,N21,VIIRS,n,2.0NRT,302.05,3.08,D,jamnagar,VIIRS_NOAA21_NRT
22.4136,69.89274,341.43,0.54,0.51,2026-03-28,803,N21,VIIRS,n,2.0NRT,301.93,13.36,D,jamnagar,VIIRS_NOAA21_NRT
22.50257,70.28575,338.48,0.51,0.49,2026-03-28,803,N21,VIIRS,n,2.0NRT,303.96,3.78,D,jamnagar,VIIRS_NOAA21_NRT
22.52235,70.29139,342.58,0.51,0.49,2026-03-28,803,N21,VIIRS,n,2.0NRT,303.59,8.09,D,jamnagar,VIIRS_NOAA21_NRT
22.33166,69.86633,303.08,0.56,0.52,2026-03-28,2029,N21,VIIRS,n,2.0NRT,291.83,2.96,N,jamnagar,VIIRS_NOAA21_NRT
22.42972,70.03557,339.49,0.53,0.67,2026-03-29,744,N21,VIIRS,n,2.0NRT,293.22,10.41,D,jamnagar,VIIRS_NOAA21_NRT
22.48317,70.24065,332.0,0.63,0.72,2026-03-29,924,N21,VIIRS,n,2.0NRT,292.04,3.77,D,jamnagar,VIIRS_NOAA21_NRT
22.33843,69.85404,305.4,0.56,0.52,2026-03-30,2131,N21,VIIRS,n,2.0NRT,294.64,3.81,N,jamnagar,VIIRS_NOAA21_NRT
22.22954,70.24452,345.7,0.48,0.4,2026-03-31,845,N21,VIIRS,n,2.0NRT,296.69,12.27,D,jamnagar,VIIRS_NOAA21_NRT
22.25853,69.89301,340.96,0.46,0.39,2026-03-31,845,N21,VIIRS,l,2.0NRT,313.05,18.98,D,jamnagar,VIIRS_NOAA21_NRT
22.31738,70.08961,340.55,0.47,0.4,2026-03-31,845,N21,VIIRS,n,2.0NRT,307.81,5.21,D,jamnagar,VIIRS_NOAA21_NRT
22.33841,69.85287,306.21,0.45,0.39,2026-03-31,2114,N21,VIIRS,n,2.0NRT,295.89,2.98,N,jamnagar,VIIRS_NOAA21_NRT
22.48994,70.00441,343.83,0.4,0.37,2026-04-01,826,N21,VIIRS,n,2.0NRT,282.25,6.37,D,jamnagar,VIIRS_NOAA21_NRT
22.36123,70.26644,331.03,0.39,0.59,2026-04-04,909,N21,VIIRS,l,2.0NRT,303.31,1.59,D,jamnagar,VIIRS_NOAA21_NRT
22.40347,70.22559,367.0,0.39,0.59,2026-04-04,909,N21,VIIRS,h,2.0NRT,307.22,5.66,D,jamnagar,VIIRS_NOAA21_NRT
22.32904,70.13406,339.96,0.57,0.43,2026-04-05,852,N21,VIIRS,n,2.0NRT,311.46,6.17,D,jamnagar,VIIRS_NOAA21_NRT
22.35449,70.0837,339.29,0.57,0.43,2026-04-05,852,N21,VIIRS,l,2.0NRT,311.84,14.12,D,jamnagar,VIIRS_NOAA21_NRT
22.35522,70.08577,339.68,0.57,0.43,2026-04-05,852,N21,VIIRS,l,2.0NRT,311.99,11.96,D,jamnagar,VIIRS_NOAA21_NRT
22.37533,70.19177,349.67,0.38,0.43,2026-04-05,852,N21,VIIRS,n,2.0NRT,313.15,10.5,D,jamnagar,VIIRS_NOAA21_NRT
22.37655,70.19183,347.54,0.38,0.43,2026-04-05,852,N21,VIIRS,n,2.0NRT,313.98,10.14,D,jamnagar,VIIRS_NOAA21_NRT
22.58622,70.27316,340.06,0.39,0.44,2026-04-05,852,N21,VIIRS,l,2.0NRT,311.87,2.93,D,jamnagar,VIIRS_NOAA21_NRT
22.23043,70.06989,336.05,0.38,0.36,2026-04-06,833,N21,VIIRS,l,2.0NRT,311.04,4.4,D,jamnagar,VIIRS_NOAA21_NRT
22.42175,70.20718,339.14,0.39,0.36,2026-04-06,833,N21,VIIRS,l,2.0NRT,311.31,4.71,D,jamnagar,VIIRS_NOAA21_NRT
22.4805,70.23879,335.52,0.39,0.36,2026-04-06,833,N21,VIIRS,l,2.0NRT,309.35,3.37,D,jamnagar,VIIRS_NOAA21_NRT
22.33615,69.86816,310.58,0.38,0.36,2026-04-06,2101,N21,VIIRS,n,2.0NRT,298.08,1.62,N,jamnagar,VIIRS_NOAA21_NRT
22.33846,69.85339,309.83,0.38,0.36,2026-04-06,2101,N21,VIIRS,n,2.0NRT,297.5,2.21,N,jamnagar,VIIRS_NOAA21_NRT
22.31525,70.14569,344.05,0.34,0.56,2026-04-08,756,N21,VIIRS,n,2.0NRT,305.93,5.58,D,jamnagar,VIIRS_NOAA21_NRT
22.39186,69.87063,339.51,0.35,0.57,2026-04-08,756,N21,VIIRS,n,2.0NRT,306.56,1.67,D,jamnagar,VIIRS_NOAA21_NRT
22.41996,70.22,348.82,0.33,0.55,2026-04-08,756,N21,VIIRS,n,2.0NRT,305.98,3.55,D,jamnagar,VIIRS_NOAA21_NRT
22.33161,70.12017,340.86,0.67,0.74,2026-04-09,735,N21,VIIRS,n,2.0NRT,297.72,4.57,D,jamnagar,VIIRS_NOAA21_NRT
22.42051,70.25434,331.3,0.66,0.73,2026-04-09,735,N21,VIIRS,l,2.0NRT,302.9,3.12,D,jamnagar,VIIRS_NOAA21_NRT
22.39148,70.25566,332.76,0.49,0.65,2026-04-09,915,N21,VIIRS,n,2.0NRT,301.23,2.98,D,jamnagar,VIIRS_NOAA21_NRT
22.42971,70.24412,331.14,0.49,0.65,2026-04-09,915,N21,VIIRS,l,2.0NRT,301.6,1.63,D,jamnagar,VIIRS_NOAA21_NRT
22.39724,69.82426,336.38,0.45,0.47,2026-04-10,858,N21,VIIRS,l,2.0NRT,310.08,4.68,D,jamnagar,VIIRS_NOAA21_NRT
22.43124,69.83454,306.14,0.44,0.46,2026-04-10,2125,N21,VIIRS,n,2.0NRT,295.36,1.1,N,jamnagar,VIIRS_NOAA21_NRT
22.32231,70.1367,367.0,0.53,0.5,2026-04-13,803,N21,VIIRS,h,2.0NRT,319.16,21.89,D,jamnagar,VIIRS_NOAA21_NRT
22.32249,70.13881,344.53,0.53,0.5,2026-04-13,803,N21,VIIRS,l,2.0NRT,319.29,19.68,D,jamnagar,VIIRS_NOAA21_NRT
22.26432,70.25253,367.0,0.53,0.67,2026-04-14,741,N21,VIIRS,h,2.0NRT,316.28,12.23,D,jamnagar,VIIRS_NOAA21_NRT
22.26556,70.25322,343.14,0.53,0.67,2026-04-14,741,N21,VIIRS,n,2.0NRT,314.89,5.39,D,jamnagar,VIIRS_NOAA21_NRT
22.3281,70.11374,339.51,0.54,0.68,2026-04-14,741,N21,VIIRS,l,2.0NRT,313.95,6.75,D,jamnagar,VIIRS_NOAA21_NRT
22.57455,70.22704,312.12,0.4,0.37,2026-04-17,2055,N21,VIIRS,n,2.0NRT,296.45,1.17,N,jamnagar,VIIRS_NOAA21_NRT
22.45119,69.98673,350.13,0.44,0.46,2026-04-18,807,N21,VIIRS,n,2.0NRT,318.59,13.65,D,jamnagar,VIIRS_NOAA21_NRT
22.20809,70.04308,347.37,0.44,0.62,2026-04-19,750,N21,VIIRS,n,2.0NRT,317.61,7.55,D,jamnagar,VIIRS_NOAA21_NRT
22.33941,69.85428,312.94,0.38,0.36,2026-04-22,2101,N21,VIIRS,n,2.0NRT,301.93,3.21,N,jamnagar,VIIRS_NOAA21_NRT
22.38394,70.02556,346.97,0.34,0.56,2026-04-24,756,N21,VIIRS,n,2.0NRT,320.96,8.03,D,jamnagar,VIIRS_NOAA21_NRT
22.41263,69.93995,343.23,0.58,0.52,2026-05-01,905,N21,VIIRS,n,2.0NRT,314.49,6.97,D,jamnagar,VIIRS_NOAA21_NRT
22.41554,69.92569,311.56,0.56,0.51,2026-05-01,2131,N21,VIIRS,n,2.0NRT,298.33,1.09,N,jamnagar,VIIRS_NOAA21_NRT
22.35215,69.8322,340.03,0.4,0.37,2026-05-03,826,N21,VIIRS,l,2.0NRT,314.66,8.14,D,jamnagar,VIIRS_NOAA21_NRT
22.32323,69.87736,318.95,0.45,0.63,2026-05-05,2019,N21,VIIRS,n,2.0NRT,296.92,4.0,N,jamnagar,VIIRS_NOAA21_NRT
22.32335,69.8791,321.78,0.45,0.63,2026-05-05,2019,N21,VIIRS,n,2.0NRT,296.93,4.16,N,jamnagar,VIIRS_NOAA21_NRT
22.29427,69.9338,340.49,0.36,0.58,2026-05-06,909,N21,VIIRS,n,2.0NRT,308.07,5.08,D,jamnagar,VIIRS_NOAA21_NRT
22.29493,69.93437,343.32,0.36,0.58,2026-05-06,909,N21,VIIRS,n,2.0NRT,308.19,6.21,D,jamnagar,VIIRS_NOAA21_NRT
22.33965,69.86987,312.82,0.35,0.57,2026-05-06,2138,N21,VIIRS,n,2.0NRT,297.32,2.09,N,jamnagar,VIIRS_NOAA21_NRT
22.57571,70.22564,309.56,0.41,0.37,2026-05-13,2108,N21,VIIRS,n,2.0NRT,298.02,0.37,N,jamnagar,VIIRS_NOAA21_NRT
22.32113,69.88214,313.97,0.45,0.39,2026-05-14,2046,N21,VIIRS,n,2.0NRT,298.9,3.59,N,jamnagar,VIIRS_NOAA21_NRT
22.32247,69.87892,321.13,0.45,0.39,2026-05-14,2046,N21,VIIRS,n,2.0NRT,299.35,3.31,N,jamnagar,VIIRS_NOAA21_NRT
22.22126,70.16521,340.69,0.43,0.46,2026-05-20,807,N21,VIIRS,l,2.0NRT,313.85,2.67,D,jamnagar,VIIRS_NOAA21_NRT
22.3384,69.85451,310.4,0.54,0.42,2026-05-23,2121,N21,VIIRS,n,2.0NRT,299.34,1.97,N,jamnagar,VIIRS_NOAA21_NRT
22.32639,70.15627,333.69,0.48,0.65,2026-05-27,915,N21,VIIRS,l,2.0NRT,303.91,1.33,D,jamnagar,VIIRS_NOAA21_NRT
22.33627,69.86784,312.22,0.4,0.37,2026-05-29,2108,N21,VIIRS,n,2.0NRT,301.99,1.95,N,jamnagar,VIIRS_NOAA21_NRT
22.33898,69.85458,311.61,0.45,0.39,2026-06-03,2114,N21,VIIRS,n,2.0NRT,301.04,2.16,N,jamnagar,VIIRS_NOAA21_NRT
22.4646,70.15841,340.39,0.39,0.36,2026-06-04,826,N21,VIIRS,l,2.0NRT,307.85,7.3,D,jamnagar,VIIRS_NOAA21_NRT
22.31752,69.88602,317.45,0.54,0.42,2026-06-08,2121,N21,VIIRS,n,2.0NRT,297.9,2.38,N,jamnagar,VIIRS_NOAA21_NRT
22.3204,69.88245,313.79,0.54,0.42,2026-06-08,2121,N21,VIIRS,n,2.0NRT,297.81,4.54,N,jamnagar,VIIRS_NOAA21_NRT
22.32238,69.88252,340.09,0.38,0.36,2026-06-09,833,N21,VIIRS,n,2.0NRT,309.74,14.6,D,jamnagar,VIIRS_NOAA21_NRT
22.31917,69.88369,336.14,0.38,0.36,2026-06-09,2059,N21,VIIRS,n,2.0NRT,301.17,7.56,N,jamnagar,VIIRS_NOAA21_NRT
22.31974,69.88,329.26,0.38,0.36,2026-06-09,2059,N21,VIIRS,n,2.0NRT,301.09,3.02,N,jamnagar,VIIRS_NOAA21_NRT
22.32032,69.87631,311.92,0.38,0.36,2026-06-09,2059,N21,VIIRS,n,2.0NRT,300.4,3.02,N,jamnagar,VIIRS_NOAA21_NRT
22.32245,69.88428,318.33,0.38,0.36,2026-06-09,2059,N21,VIIRS,n,2.0NRT,300.09,4.78,N,jamnagar,VIIRS_NOAA21_NRT
22.32302,69.88059,333.8,0.38,0.36,2026-06-09,2059,N21,VIIRS,n,2.0NRT,303.95,9.38,N,jamnagar,VIIRS_NOAA21_NRT
22.3236,69.87691,314.69,0.38,0.36,2026-06-09,2059,N21,VIIRS,n,2.0NRT,299.46,9.38,N,jamnagar,VIIRS_NOAA21_NRT
22.32631,69.88118,315.94,0.38,0.36,2026-06-09,2059,N21,VIIRS,n,2.0NRT,298.02,9.38,N,jamnagar,VIIRS_NOAA21_NRT
22.32688,69.87749,311.83,0.38,0.36,2026-06-09,2059,N21,VIIRS,n,2.0NRT,297.06,9.38,N,jamnagar,VIIRS_NOAA21_NRT
22.5582,70.2219,308.99,0.34,0.56,2026-06-11,2021,N21,VIIRS,n,2.0NRT,296.31,2.12,N,jamnagar,VIIRS_NOAA21_NRT
22.48112,70.2248,340.51,0.41,0.37,2026-06-14,837,N21,VIIRS,n,2.0NRT,308.06,4.42,D,jamnagar,VIIRS_NOAA21_NRT
22.54468,70.22698,335.68,0.41,0.37,2026-06-14,837,N21,VIIRS,l,2.0NRT,306.56,0.68,D,jamnagar,VIIRS_NOAA21_NRT
22.34317,69.86622,310.2,0.45,0.39,2026-06-15,2046,N21,VIIRS,n,2.0NRT,297.67,3.97,N,jamnagar,VIIRS_NOAA21_NRT
22.57226,70.22853,311.9,0.44,0.38,2026-06-15,2046,N21,VIIRS,n,2.0NRT,297.71,0.81,N,jamnagar,VIIRS_NOAA21_NRT
22.31884,69.87939,307.5,0.58,0.7,2026-06-17,2010,N21,VIIRS,n,2.0NRT,290.57,2.53,N,jamnagar,VIIRS_NOAA21_NRT
22.31926,69.87385,307.31,0.58,0.7,2026-06-17,2010,N21,VIIRS,n,2.0NRT,290.65,3.47,N,jamnagar,VIIRS_NOAA21_NRT
22.36004,70.18008,335.73,0.47,0.4,2026-06-19,843,N21,VIIRS,n,2.0NRT,303.25,4.9,D,jamnagar,VIIRS_NOAA21_NRT
22.28671,70.28086,306.77,0.47,0.4,2026-06-19,2114,N21,VIIRS,n,2.0NRT,295.51,1.06,N,jamnagar,VIIRS_NOAA21_NRT
22.33996,69.85391,310.79,0.45,0.39,2026-06-19,2114,N21,VIIRS,n,2.0NRT,298.87,3.09,N,jamnagar,VIIRS_NOAA21_NRT
22.34022,69.85422,312.45,0.4,0.37,2026-06-20,2053,N21,VIIRS,n,2.0NRT,299.7,4.58,N,jamnagar,VIIRS_NOAA21_NRT
22.33689,69.86764,311.94,0.38,0.36,2026-06-25,2059,N21,VIIRS,n,2.0NRT,295.77,4.65,N,jamnagar,VIIRS_NOAA21_NRT
22.33484,69.86742,304.54,0.45,0.47,2026-06-29,2125,N21,VIIRS,n,2.0NRT,288.38,3.72,N,jamnagar,VIIRS_NOAA21_NRT
22.33735,69.85474,307.9,0.44,0.46,2026-06-29,2125,N21,VIIRS,n,2.0NRT,292.31,4.19,N,jamnagar,VIIRS_NOAA21_NRT
22.4816,70.22433,338.32,0.41,0.37,2026-06-30,837,N21,VIIRS,n,2.0NRT,301.31,3.48,D,jamnagar,VIIRS_NOAA21_NRT
22.33558,69.86704,309.61,0.4,0.37,2026-06-30,2108,N21,VIIRS,n,2.0NRT,292.14,3.66,N,jamnagar,VIIRS_NOAA21_NRT
22.33749,69.85552,308.3,0.4,0.37,2026-06-30,2108,N21,VIIRS,n,2.0NRT,291.99,4.4,N,jamnagar,VIIRS_NOAA21_NRT
22.33016,69.86285,300.98,0.56,0.51,2026-07-18,2029,N21,VIIRS,n,2.0NRT,289.89,5.78,N,jamnagar,VIIRS_NOAA21_NRT
22.33806,69.85318,301.63,0.35,0.57,2026-08-14,2023,N21,VIIRS,n,2.0NRT,287.78,2.08,N,jamnagar,VIIRS_NOAA21_NRT
22.57408,70.22664,303.8,0.39,0.36,2026-08-23,2053,N21,VIIRS,n,2.0NRT,292.27,1.72,N,jamnagar,VIIRS_NOAA21_NRT
22.33921,69.8703,309.15,0.43,0.46,2026-08-24,2036,N21,VIIRS,n,2.0NRT,293.54,2.69,N,jamnagar,VIIRS_NOAA21_NRT
22.33969,69.86611,315.85,0.43,0.46,2026-08-24,2036,N21,VIIRS,n,2.0NRT,294.07,2.69,N,jamnagar,VIIRS_NOAA21_NRT
22.34017,69.86192,307.83,0.44,0.46,2026-08-24,2036,N21,VIIRS,n,2.0NRT,293.93,3.82,N,jamnagar,VIIRS_NOAA21_NRT
22.34343,69.87085,313.73,0.43,0.46,2026-08-24,2036,N21,VIIRS,n,2.0NRT,293.41,7.01,N,jamnagar,VIIRS_NOAA21_NRT
22.34392,69.86665,339.9,0.43,0.46,2026-08-24,2036,N21,VIIRS,n,2.0NRT,293.84,7.01,N,jamnagar,VIIRS_NOAA21_NRT
22.3444,69.86245,308.11,0.44,0.46,2026-08-24,2036,N21,VIIRS,n,2.0NRT,293.06,2.37,N,jamnagar,VIIRS_NOAA21_NRT
22.34049,69.85591,312.61,0.4,0.37,2026-06-06,2110,N20,VIIRS,n,2.0NRT,301.7,3.51,N,jamnagar,VIIRS_NOAA20_NRT
22.59546,70.2315,309.05,0.44,0.38,2026-06-07,2051,N20,VIIRS,n,2.0NRT,297.33,2.75,N,jamnagar,VIIRS_NOAA20_NRT
22.3182,69.88745,340.77,0.59,0.7,2026-06-09,926,N20,VIIRS,n,2.0NRT,299.81,3.68,D,jamnagar,VIIRS_NOAA20_NRT
22.31928,69.8815,323.9,0.56,0.69,2026-06-09,2014,N20,VIIRS,n,2.0NRT,296.16,8.29,N,jamnagar,VIIRS_NOAA20_NRT
22.3197,69.87608,320.69,0.56,0.69,2026-06-09,2014,N20,VIIRS,n,2.0NRT,295.82,6.49,N,jamnagar,VIIRS_NOAA20_NRT
22.32014,69.87059,308.03,0.56,0.69,2026-06-09,2014,N20,VIIRS,n,2.0NRT,295.9,6.49,N,jamnagar,VIIRS_NOAA20_NRT
22.32564,69.88213,313.81,0.56,0.69,2026-06-09,2014,N20,VIIRS,n,2.0NRT,296.59,8.29,N,jamnagar,VIIRS_NOAA20_NRT
22.32607,69.87666,367.0,0.56,0.69,2026-06-09,2014,N20,VIIRS,h,2.0NRT,297.13,6.49,N,jamnagar,VIIRS_NOAA20_NRT
22.3265,69.87119,311.13,0.56,0.69,2026-06-09,2014,N20,VIIRS,n,2.0NRT,296.11,6.49,N,jamnagar,VIIRS_NOAA20_NRT
22.31843,69.89112,313.19,0.57,0.69,2026-06-09,2153,N20,VIIRS,n,2.0NRT,296.38,16.63,N,jamnagar,VIIRS_NOAA20_NRT
22.31973,69.88573,351.71,0.57,0.69,2026-06-09,2153,N20,VIIRS,n,2.0NRT,297.68,16.63,N,jamnagar,VIIRS_NOAA20_NRT
22.32104,69.88033,367.0,0.56,0.69,2026-06-09,2153,N20,VIIRS,h,2.0NRT,296.47,14.48,N,jamnagar,VIIRS_NOAA20_NRT
22.32233,69.87494,309.79,0.56,0.69,2026-06-09,2153,N20,VIIRS,n,2.0NRT,296.21,14.48,N,jamnagar,VIIRS_NOAA20_NRT
22.32459,69.8929,307.13,0.57,0.69,2026-06-09,2153,N20,VIIRS,n,2.0NRT,295.73,3.0,N,jamnagar,VIIRS_NOAA20_NRT
22.32589,69.8875,314.23,0.57,0.69,2026-06-09,2153,N20,VIIRS,n,2.0NRT,295.96,3.0,N,jamnagar,VIIRS_NOAA20_NRT
22.32719,69.88211,313.15,0.56,0.69,2026-06-09,2153,N20,VIIRS,n,2.0NRT,295.78,6.39,N,jamnagar,VIIRS_NOAA20_NRT
22.20115,70.08774,339.15,0.47,0.4,2026-06-11,848,N20,VIIRS,n,2.0NRT,308.52,5.14,D,jamnagar,VIIRS_NOAA20_NRT
22.33482,69.8681,312.64,0.4,0.37,2026-06-12,2057,N20,VIIRS,n,2.0NRT,301.76,2.24,N,jamnagar,VIIRS_NOAA20_NRT
22.57347,70.23006,311.02,0.39,0.36,2026-06-12,2057,N20,VIIRS,n,2.0NRT,297.96,0.43,N,jamnagar,VIIRS_NOAA20_NRT
22.57376,70.22547,307.43,0.42,0.45,2026-06-13,2038,N20,VIIRS,n,2.0NRT,295.8,2.59,N,jamnagar,VIIRS_NOAA20_NRT
22.34205,69.8616,309.53,0.44,0.63,2026-06-14,2019,N20,VIIRS,n,2.0NRT,295.65,3.86,N,jamnagar,VIIRS_NOAA20_NRT
22.34302,69.86884,310.3,0.36,0.57,2026-06-15,2142,N20,VIIRS,n,2.0NRT,295.52,3.43,N,jamnagar,VIIRS_NOAA20_NRT
22.32408,69.88058,329.0,0.38,0.36,2026-06-17,2104,N20,VIIRS,n,2.0NRT,298.35,2.85,N,jamnagar,VIIRS_NOAA20_NRT
22.3363,69.86761,312.88,0.38,0.36,2026-06-17,2104,N20,VIIRS,n,2.0NRT,298.6,2.02,N,jamnagar,VIIRS_NOAA20_NRT
22.21214,70.07167,339.67,0.33,0.55,2026-06-19,758,N20,VIIRS,n,2.0NRT,299.79,2.66,D,jamnagar,VIIRS_NOAA20_NRT
22.4379,69.91242,343.1,0.47,0.47,2026-06-21,900,N20,VIIRS,n,2.0NRT,300.96,2.53,D,jamnagar,VIIRS_NOAA20_NRT
22.48028,70.22348,338.23,0.42,0.37,2026-06-22,841,N20,VIIRS,n,2.0NRT,306.67,7.68,D,jamnagar,VIIRS_NOAA20_NRT
22.33511,69.86858,311.34,0.4,0.37,2026-06-22,2110,N20,VIIRS,n,2.0NRT,298.03,3.85,N,jamnagar,VIIRS_NOAA20_NRT
22.33834,69.868,304.88,0.45,0.39,2026-06-23,2051,N20,VIIRS,n,2.0NRT,291.51,2.59,N,jamnagar,VIIRS_NOAA20_NRT
22.34016,69.85503,308.94,0.45,0.39,2026-06-23,2051,N20,VIIRS,n,2.0NRT,293.83,2.99,N,jamnagar,VIIRS_NOAA20_NRT
22.47542,70.12431,330.64,0.52,0.5,2026-06-24,805,N20,VIIRS,l,2.0NRT,301.61,1.7,D,jamnagar,VIIRS_NOAA20_NRT
22.32294,69.88258,314.14,0.46,0.39,2026-06-27,2116,N20,VIIRS,n,2.0NRT,296.77,3.05,N,jamnagar,VIIRS_NOAA20_NRT
22.3391,69.85394,310.73,0.46,0.39,2026-06-27,2116,N20,VIIRS,n,2.0NRT,298.53,3.08,N,jamnagar,VIIRS_NOAA20_NRT
22.33986,69.85631,306.31,0.4,0.37,2026-06-28,2057,N20,VIIRS,n,2.0NRT,284.38,1.18,N,jamnagar,VIIRS_NOAA20_NRT
22.33493,69.86871,309.97,0.41,0.37,2026-07-08,2110,N20,VIIRS,n,2.0NRT,296.72,3.26,N,jamnagar,VIIRS_NOAA20_NRT
22.3349,69.86817,295.4,0.72,0.76,2026-07-16,2201,N20,VIIRS,n,2.0NRT,284.21,4.27,N,jamnagar,VIIRS_NOAA20_NRT
22.34027,69.85518,308.21,0.38,0.36,2026-08-04,2106,N20,VIIRS,n,2.0NRT,286.94,1.84,N,jamnagar,VIIRS_NOAA20_NRT
22.33785,69.86696,301.74,0.41,0.37,2026-08-09,2112,N20,VIIRS,n,2.0NRT,281.9,1.23,N,jamnagar,VIIRS_NOAA20_NRT
22.33982,69.85525,302.09,0.41,0.37,2026-08-09,2112,N20,VIIRS,n,2.0NRT,278.97,1.06,N,jamnagar,VIIRS_NOAA20_NRT
22.34236,69.87119,331.0,0.46,0.47,2026-08-24,2131,N20,VIIRS,n,2.0NRT,292.96,5.31,N,jamnagar,VIIRS_NOAA20_NRT
22.33997,69.85574,308.37,0.41,0.37,2026-08-25,2112,N20,VIIRS,n,2.0NRT,292.92,3.06,N,jamnagar,VIIRS_NOAA20_NRT
22.3412,69.85442,306.8,0.41,0.37,2026-08-25,2112,N20,VIIRS,n,2.0NRT,291.97,2.19,N,jamnagar,VIIRS_NOAA20_NRT
22.32085,69.8827,311.16,0.44,0.38,2026-08-26,2053,N20,VIIRS,n,2.0NRT,286.86,1.41,N,jamnagar,VIIRS_NOAA20_NRT
22.32132,69.88142,317.54,0.44,0.38,2026-08-26,2053,N20,VIIRS,n,2.0NRT,287.39,1.49,N,jamnagar,VIIRS_NOAA20_NRT
22.40417,69.81351,349.48,0.37,0.58,2026-05-02,917,N,VIIRS,n,2.0NRT,306.07,3.78,D,jamnagar,VIIRS_SNPP_NRT
22.31355,69.85928,313.06,0.36,0.57,2026-05-02,2146,N,VIIRS,n,2.0NRT,298.92,0.63,N,jamnagar,VIIRS_SNPP_NRT
22.3365,69.86751,313.6,0.38,0.36,2026-05-04,2108,N,VIIRS,n,2.0NRT,302.19,2.98,N,jamnagar,VIIRS_SNPP_NRT
22.32086,69.88123,313.03,0.46,0.39,2026-05-14,2123,N,VIIRS,n,2.0NRT,297.56,1.91,N,jamnagar,VIIRS_SNPP_NRT
22.3399,69.85509,312.26,0.4,0.37,2026-05-15,2101,N,VIIRS,n,2.0NRT,300.79,2.26,N,jamnagar,VIIRS_SNPP_NRT
22.46394,69.97305,343.04,0.39,0.36,2026-05-20,839,N,VIIRS,l,2.0NRT,316.89,9.37,D,jamnagar,VIIRS_SNPP_NRT
22.33452,69.86738,311.59,0.38,0.36,2026-05-20,2110,N,VIIRS,n,2.0NRT,301.34,2.44,N,jamnagar,VIIRS_SNPP_NRT
22.31176,70.23502,350.28,0.49,0.41,2026-05-21,822,N,VIIRS,n,2.0NRT,319.66,16.21,D,jamnagar,VIIRS_SNPP_NRT
22.33878,69.85378,311.09,0.41,0.37,2026-05-25,2116,N,VIIRS,n,2.0NRT,300.93,3.12,N,jamnagar,VIIRS_SNPP_NRT
22.32529,70.15926,341.76,0.5,0.49,2026-05-27,809,N,VIIRS,n,2.0NRT,309.86,14.49,D,jamnagar,VIIRS_SNPP_NRT
22.32646,70.15605,348.41,0.5,0.49,2026-05-27,809,N,VIIRS,n,2.0NRT,309.84,12.04,D,jamnagar,VIIRS_SNPP_NRT
22.36775,69.96391,336.33,0.38,0.44,2026-06-04,900,N,VIIRS,n,2.0NRT,306.06,4.66,D,jamnagar,VIIRS_SNPP_NRT
22.32349,69.88551,339.21,0.47,0.48,2026-06-09,905,N,VIIRS,n,2.0NRT,304.87,4.81,D,jamnagar,VIIRS_SNPP_NRT
22.31708,69.88683,309.55,0.46,0.47,2026-06-09,2136,N,VIIRS,n,2.0NRT,294.75,1.67,N,jamnagar,VIIRS_SNPP_NRT
22.31797,69.88235,308.01,0.46,0.47,2026-06-09,2136,N,VIIRS,n,2.0NRT,294.31,1.67,N,jamnagar,VIIRS_SNPP_NRT
22.31886,69.87788,314.31,0.46,0.47,2026-06-09,2136,N,VIIRS,n,2.0NRT,296.14,2.4,N,jamnagar,VIIRS_SNPP_NRT
22.32138,69.88783,310.02,0.46,0.47,2026-06-09,2136,N,VIIRS,n,2.0NRT,293.4,1.67,N,jamnagar,VIIRS_SNPP_NRT
22.32227,69.88338,336.09,0.46,0.47,2026-06-09,2136,N,VIIRS,n,2.0NRT,295.2,1.67,N,jamnagar,VIIRS_SNPP_NRT
22.32316,69.87891,326.49,0.46,0.47,2026-06-09,2136,N,VIIRS,n,2.0NRT,295.65,2.4,N,jamnagar,VIIRS_SNPP_NRT
22.32404,69.87445,305.83,0.46,0.47,2026-06-09,2136,N,VIIRS,n,2.0NRT,294.94,2.4,N,jamnagar,VIIRS_SNPP_NRT
22.32569,69.88885,306.58,0.46,0.47,2026-06-09,2136,N,VIIRS,n,2.0NRT,293.68,2.02,N,jamnagar,VIIRS_SNPP_NRT
22.32657,69.88439,313.55,0.46,0.47,2026-06-09,2136,N,VIIRS,n,2.0NRT,295.27,2.02,N,jamnagar,VIIRS_SNPP_NRT
22.32746,69.87993,311.58,0.46,0.47,2026-06-09,2136,N,VIIRS,n,2.0NRT,296.15,2.5,N,jamnagar,VIIRS_SNPP_NRT
22.33554,69.86747,310.44,0.46,0.39,2026-06-15,2123,N,VIIRS,n,2.0NRT,299.13,5.04,N,jamnagar,VIIRS_SNPP_NRT
22.34356,69.86451,309.91,0.46,0.39,2026-06-15,2123,N,VIIRS,n,2.0NRT,296.65,4.97,N,jamnagar,VIIRS_SNPP_NRT
22.33553,69.8676,311.44,0.4,0.37,2026-06-16,2104,N,VIIRS,n,2.0NRT,298.46,4.69,N,jamnagar,VIIRS_SNPP_NRT
22.34119,69.85283,309.12,0.4,0.37,2026-06-16,2104,N,VIIRS,n,2.0NRT,297.4,3.48,N,jamnagar,VIIRS_SNPP_NRT
22.32116,69.87794,314.73,0.43,0.46,2026-06-17,2046,N,VIIRS,n,2.0NRT,295.4,1.9,N,jamnagar,VIIRS_SNPP_NRT
22.3358,69.86646,308.04,0.36,0.57,2026-06-19,2148,N,VIIRS,n,2.0NRT,294.71,2.45,N,jamnagar,VIIRS_SNPP_NRT
22.33892,69.85261,308.43,0.36,0.57,2026-06-19,2148,N,VIIRS,n,2.0NRT,294.62,2.25,N,jamnagar,VIIRS_SNPP_NRT
22.33782,69.8652,308.81,0.56,0.43,2026-06-20,2129,N,VIIRS,n,2.0NRT,297.76,5.3,N,jamnagar,VIIRS_SNPP_NRT
22.33985,69.85446,309.15,0.56,0.43,2026-06-20,2129,N,VIIRS,n,2.0NRT,298.16,5.38,N,jamnagar,VIIRS_SNPP_NRT
22.34013,69.85477,316.58,0.38,0.36,2026-06-21,2110,N,VIIRS,n,2.0NRT,299.86,1.82,N,jamnagar,VIIRS_SNPP_NRT
22.57459,70.22716,309.63,0.39,0.36,2026-06-21,2110,N,VIIRS,n,2.0NRT,297.63,0.45,N,jamnagar,VIIRS_SNPP_NRT
22.33649,69.86675,312.43,0.41,0.37,2026-06-26,2116,N,VIIRS,n,2.0NRT,298.5,4.01,N,jamnagar,VIIRS_SNPP_NRT
22.33849,69.85496,313.26,0.41,0.37,2026-06-26,2116,N,VIIRS,n,2.0NRT,298.72,3.81,N,jamnagar,VIIRS_SNPP_NRT
22.33501,69.86803,309.1,0.44,0.38,2026-06-27,2057,N,VIIRS,n,2.0NRT,296.9,3.65,N,jamnagar,VIIRS_SNPP_NRT
22.34035,69.85574,310.58,0.44,0.38,2026-06-27,2057,N,VIIRS,n,2.0NRT,296.75,3.05,N,jamnagar,VIIRS_SNPP_NRT
22.49221,70.1522,335.94,0.49,0.4,2026-07-01,856,N,VIIRS,n,2.0NRT,292.1,2.39,D,jamnagar,VIIRS_SNPP_NRT
22.3335,69.86872,304.01,0.4,0.37,2026-07-18,2104,N,VIIRS,n,2.0NRT,291.79,1.06,N,jamnagar,VIIRS_SNPP_NRT
22.33407,69.86489,303.35,0.4,0.37,2026-07-18,2104,N,VIIRS,n,2.0NRT,291.57,1.06,N,jamnagar,VIIRS_SNPP_NRT
22.33686,69.8693,303.88,0.4,0.37,2026-07-18,2104,N,VIIRS,n,2.0NRT,291.69,1.06,N,jamnagar,VIIRS_SNPP_NRT
22.33743,69.86547,304.24,0.4,0.37,2026-07-18,2104,N,VIIRS,n,2.0NRT,291.39,1.06,N,jamnagar,VIIRS_SNPP_NRT
22.33633,69.86706,296.59,0.53,0.42,2026-08-09,2053,N,VIIRS,n,2.0NRT,276.09,0.94,N,jamnagar,VIIRS_SNPP_NRT
22.3395,69.85548,304.65,0.45,0.39,2026-08-14,2059,N,VIIRS,n,2.0NRT,288.65,1.98,N,jamnagar,VIIRS_SNPP_NRT
22.3408,69.85459,305.94,0.38,0.36,2026-08-24,2112,N,VIIRS,n,2.0NRT,294.23,1.87,N,jamnagar,VIIRS_SNPP_NRT
22.34174,69.87002,322.14,0.38,0.36,2026-08-24,2112,N,VIIRS,n,2.0NRT,292.79,1.78,N,jamnagar,VIIRS_SNPP_NRT
22.34504,69.87063,323.05,0.38,0.36,2026-08-24,2112,N,VIIRS,n,2.0NRT,292.53,1.78,N,jamnagar,VIIRS_SNPP_NRT
